path	bytes	sha256
README.md	3133	66552efb5a6bd57fc14d5d5ec451e0f8754b7b00ac0f002f05e760761f615ba9
configs/foundation_5090_mlm_public_available_expansion.yaml	1026	c343b9e7c46cbe43e2d1d889b43eef97e365fcc1a01a9ef744ccf9779a5ac462
configs/foundation_5090_mlm_public_expansion.yaml	1006	699d8b154049fda377fdc7d2a467e2d617af50a163bc9304cf766cc1006476a6
configs/foundation_5090_mlm_public_late_refresh.yaml	1007	13a104b3f1fc1174c2dae721e6f76789f50ccd06176ac3f6e376373717edb453
configs/foundation_5090_mlm_public_late_refresh_safe.yaml	1134	70aea1969376bebe44339344c3a4522dfbad6c34de3f495a7d42321098cddfc5
configs/foundation_5090_mlm_public_post_gse226097_refresh_safe.yaml	1255	1cf8b0d1f2251fb5daa6be42182e6315af5a9499d748442b35f03b4d819cd1cc
configs/foundation_5090_pretrain.yaml	1115	4cb7d71462ca5a67aa89f36d53054d06df01c3ebd15dc97b7a193d1abb20530a
configs/foundation_5090_public_safe_init.yaml	1260	5fbd32bb7054301f247c575871d88d6e7850cafd79558b815e6971745a403ed3
configs/foundation_5090_public_sprint.yaml	1114	3303022c49fb4a9624001d73eade7fdfdd4363f7869579f6590266e3f90ef65a
configs/generated/foundation_5090_mlm_public_expansion_continuation.yaml	1184	3d5adcc974c6dc438737c07d8e797b39169b9c52bdef54f98ea511357aa009c1
configs/generated/foundation_5090_mlm_public_expansion_continuation_v0_3.yaml	1214	e000d044596cf41952b5ae172c2c40b3409be6bb29390cda190d5c8c46fd8868
configs/generated/foundation_5090_mlm_public_expansion_v0_4_plus_latest.yaml	1244	2872c273315a00d88bcbd10d143142ca299eddff4485c0e42ace0d086035d75c
configs/generated/foundation_5090_public_safe_init.resume.yaml	1269	0674fb95d00a3e1a0693df52a551affb444ad8785626cb5d0c796f368cd12a34
configs/generated/leaveout_brassicaceae_dataset.yaml	1303	5fed1c6ebcd59e0e96398e7704f139c45be55117bc732d06609ccb6f800f4be6
configs/generated/leaveout_brassicaceae_dataset_available.yaml	1323	8211868c638c4a82386bb3143cb3373730a0d14a95f36c3406000c710c00d441
configs/generated/leaveout_eutrema_species.yaml	1294	bb624eab6fb8e106951aedcc667a7654ea38dbd02524b9ecbe9f15ffe03a182d
configs/generated/leaveout_srp169576_sample.yaml	1185	d89b7a6d14f0055f0b7a0aa44d0a8747b04bc12fec9145621ca92bf2b85da48f
configs/rtx5090_base.yaml	1463	d6675ea2bc9a2615497047a3304a338c5d1f7c4348883d8d0521e0ffddb19998
configs/saussurea_lora_finetune.yaml	1227	d6ba11ef6c54c427957e0f830b967bc34d68584e2e352f3564cf73d6cbf0e36a
configs/smoke.yaml	866	59b76afd401af3a1fd4a19895fe6309469e14c2a997c41508c6b55bdc4d947f0
data/corpus_manifest.gse146034.tsv	211	93d8efb9e922e016a4b4e4eee3f105599f5ce09b415ae7a439117dccbd8313d9
data/corpus_manifest.gse149217.tsv	76	86edaf578a61c2e041e6d471f7467069e7711eb8ae83d393a50f7cd088e55986
data/corpus_manifest.gse152766.tsv	362	b96f8118c9ab7c6125c7a99c7e19f5f5d0669e2f46cff0b195f6649814dafbc5
data/corpus_manifest.gse157757.tsv	244	077dc3b70f2bfec88bc30678bc8e04fe32de065c36ecf0b041549276d668072e
data/corpus_manifest.gse157758.tsv	76	86edaf578a61c2e041e6d471f7467069e7711eb8ae83d393a50f7cd088e55986
data/corpus_manifest.gse180121.tsv	932	2c15bccdb173bdbfdccc55ad1ddca2683afceb051995b8fad462d19d7e9114d5
data/corpus_manifest.gse182507.tsv	264	98a7ee808aacc403a382736833a625d7bc38f7960f40dbded87476368b1367b6
data/corpus_manifest.gse190649.tsv	292	c0bb41b49441c766d61e0ad11199610f3acfe1541eddce56f28e3a07a3b2335c
data/corpus_manifest.gse196882.tsv	76	86edaf578a61c2e041e6d471f7467069e7711eb8ae83d393a50f7cd088e55986
data/corpus_manifest.gse201640.tsv	261	9d7c22e5b6dc672dbba413b84d509c9a2526a8fca148b1873368e12828ad4991
data/corpus_manifest.gse201931.tsv	443	1e1aece7278d4607132794c8b1fcc46fcd1ce6381f91f75d0dc5ce6eb99d236b
data/corpus_manifest.gse210881.tsv	291	53316b96517857ede2d4e3b28020650cb74a21c8afdd302d59d2a78743318d23
data/corpus_manifest.gse220277.tsv	259	77873c13099c132617d8a0c23425b109abdd87224829e2a8729cda916992e80e
data/corpus_manifest.gse222584.tsv	263	0b48f031f5a757a5ac52dfcb352538f4460c86c2fd34c56f8bdc1bc2223b353e
data/corpus_manifest.gse224228.tsv	76	86edaf578a61c2e041e6d471f7467069e7711eb8ae83d393a50f7cd088e55986
data/corpus_manifest.gse224539.tsv	76	86edaf578a61c2e041e6d471f7467069e7711eb8ae83d393a50f7cd088e55986
data/corpus_manifest.gse226097.tsv	251	3cf798b7d5a1849a3cbdecd52b7d9d9228ed89f2c6dd4cd91bd6b4fbb9a9ea75
data/corpus_manifest.gse226149.tsv	246	571f359e117fa15f58bf015027f2bcc0b8d6cc9871a5ee42016ee6877f6a4818
data/corpus_manifest.gse226826.tsv	279	39dbe859887f7f9024dc3927338a913260db631a5357c5ac33cb256c79247bc3
data/corpus_manifest.gse232863.tsv	76	86edaf578a61c2e041e6d471f7467069e7711eb8ae83d393a50f7cd088e55986
data/corpus_manifest.gse234192.tsv	244	13091eed070727d8c30a342de80a2f7e6a24be5d158fe253a404de6294de479e
data/corpus_manifest.gse235494.tsv	76	86edaf578a61c2e041e6d471f7467069e7711eb8ae83d393a50f7cd088e55986
data/corpus_manifest.gse235495.tsv	265	6572b8fa104ff97b5d0167f1ccf6bd32fde5432f6380e559b9510ae103a51fd3
data/corpus_manifest.gse235509.tsv	76	86edaf578a61c2e041e6d471f7467069e7711eb8ae83d393a50f7cd088e55986
data/corpus_manifest.gse235510.tsv	76	86edaf578a61c2e041e6d471f7467069e7711eb8ae83d393a50f7cd088e55986
data/corpus_manifest.gse240098.tsv	284	1f26a8c37df0b031a043cecf4db66bdb4651f4f9032051e226655a97ec2c2763
data/corpus_manifest.gse240102.tsv	284	ae87d6efed9a128883c135ebdf59b4bd2f9164ba1b7f98a40a44ab1d7c129efd
data/corpus_manifest.gse241573.tsv	285	ed31f0b76bd1b08150abffeb824fc5aab0729aece9a2341d559b14ba2c629f72
data/corpus_manifest.gse243174.tsv	252	4910b93ba2c3679113bc4937f059b6fbb706a4150bf087a8ec2a860f6062b6ce
data/corpus_manifest.gse243419.tsv	242	452141e3c38e73e0841658bba3f9e7d70c152407a0ddf2a8c8e3b6295dc75c27
data/corpus_manifest.gse251706.tsv	217	6d226964daa93b04f93637eef003d84cbdf021f86be6eb4c1bf194978c131f22
data/corpus_manifest.gse255880.tsv	76	86edaf578a61c2e041e6d471f7467069e7711eb8ae83d393a50f7cd088e55986
data/corpus_manifest.gse261441.tsv	852	f167d32b5c65751fae77acef237ac250fab04d530aa7f3fd4eb6eb34412a81e1
data/corpus_manifest.gse262840.tsv	76	86edaf578a61c2e041e6d471f7467069e7711eb8ae83d393a50f7cd088e55986
data/corpus_manifest.gse267159.tsv	2616	44c3421cdaa8c573b6cf09ae507a003432a4f4f409cbe9e76d4e0b33ee8372fc
data/corpus_manifest.gse268881.available.tsv	915	0e692c1690aea7c6c705eeeec8efacdbf382c4dcf43df9f271dd8b6b66239651
data/corpus_manifest.gse268881.tsv	915	0e692c1690aea7c6c705eeeec8efacdbf382c4dcf43df9f271dd8b6b66239651
data/corpus_manifest.gse269624.tsv	286	8586cc9415cdfa46d84199bec4bad3fe64ab4b4b5830e4f69af7cfbbb2cdedf8
data/corpus_manifest.gse270140.tsv	262	a33bcd80ad2bfb0a1e9c9162d3e6861386cbe52553f3defe493349dbb413a994
data/corpus_manifest.gse270342.tsv	233	1738f83edd2812c1f34c8dcc90c5f50df4252d9e95404f1abd4e903b0e276941
data/corpus_manifest.gse270392.tsv	76	86edaf578a61c2e041e6d471f7467069e7711eb8ae83d393a50f7cd088e55986
data/corpus_manifest.gse270866.tsv	76	86edaf578a61c2e041e6d471f7467069e7711eb8ae83d393a50f7cd088e55986
data/corpus_manifest.gse271725.tsv	76	86edaf578a61c2e041e6d471f7467069e7711eb8ae83d393a50f7cd088e55986
data/corpus_manifest.gse273033.tsv	76	86edaf578a61c2e041e6d471f7467069e7711eb8ae83d393a50f7cd088e55986
data/corpus_manifest.gse273722.tsv	274	2168b80e0f3e86746ea2e25ee5a2e7aec7a4ae0146b7d0469c2b82372b4d8b3c
data/corpus_manifest.gse273875.tsv	264	40786519c4319e3ec6a80a226146e28fdd8314e3878901ae30b929b2a71930f1
data/corpus_manifest.gse275267.tsv	76	86edaf578a61c2e041e6d471f7467069e7711eb8ae83d393a50f7cd088e55986
data/corpus_manifest.gse275409.tsv	280	d27603000229dcb4d127d51093650d6876a1608db3e5888c7dc9aaa3047c2bfa
data/corpus_manifest.gse283835.tsv	273	e0d1a2d6af1085c6f0cf7339d98c07ec1de33bfb2a104e0d697e103946696bcb
data/corpus_manifest.gse300264.tsv	230	674149a867c0d3cdd2f3d735fbde75ca5700892faa39708e697bd6043faa7685
data/corpus_manifest.gse302041.tsv	225	da9bff653f23a199c3778b04c270b13c948ca5955363e44f32ad9c5064c0be3f
data/corpus_manifest.gse303744.tsv	76	86edaf578a61c2e041e6d471f7467069e7711eb8ae83d393a50f7cd088e55986
data/corpus_manifest.gse303996.tsv	273	0e0fe33dec841b13e2956d3b657c42076db5366a752b3c4bd50540ff8d18af8e
data/corpus_manifest.gse308672.tsv	271	9ee547ba8ce14ead44361238f0d97278248f68362f6f8e6018bdfe0751ee48ce
data/corpus_manifest.gse308757.tsv	258	e46a52ba960adbba7d48b4613dd88e60c0b28a9faa033c1194a7e39c25b427e7
data/corpus_manifest.gse311951.tsv	230	667744118e347a66884ddb786081b13affc6da10f65505936007f75aba01e418
data/corpus_manifest.gse313726.tsv	224	8e400acec71c8af8a970a75c4fcf3c3bdb8715e11b4759a2859b45ae3e2737a7
data/corpus_manifest.gse314252.tsv	228	5c2ed797a90079b9627a2d1914b8cc9542cf853e0e199654d1a4a7f88df8f86f
data/corpus_manifest.gse325371.tsv	76	86edaf578a61c2e041e6d471f7467069e7711eb8ae83d393a50f7cd088e55986
data/corpus_manifest.gse336751.tsv	76	86edaf578a61c2e041e6d471f7467069e7711eb8ae83d393a50f7cd088e55986
data/corpus_manifest.gse338572.tsv	258	52218d3fae78f38df0ca4c41418afb74f1cde0fbdaf8283778450e1e4eb7583a
data/corpus_manifest.gse49607.tsv	76	86edaf578a61c2e041e6d471f7467069e7711eb8ae83d393a50f7cd088e55986
data/corpus_manifest.scplantdb.tsv	6554	271731cbc3cb6b11d45d96478693f0f278e524f28ea2b0111b74f2d2113c1596
data/corpus_manifest.template.tsv	415	fa5bae04fe6e51456dc363fcafdfc9a38d1027321d9a53b93566e1f8df7ac992
data/corpus_manifest.tsv	1715	5a643f9b72839e33fb635999fea16833873665c55e855133b76516db5ac8275c
data/corpus_manifest_public_mlm.tsv	4739	9ff73073320719b64869f97fb981701f75fea92d1d3c4af1b12d8201275b9a83
data/corpus_manifest_public_mlm_available.tsv	3634	02b971a25e0cb044db0a1433c6693496c4e638cddfe1ca461bc10cc158ed10fe
data/corpus_manifest_public_mlm_next.tsv	4564	653fb4e20c539a6d034f2c9bf8749bd544cc2b03046a9e74e673aab3c3736df7
data/plant_foundation_corpus.h5ad	45191739	69cd2d983bf06a1ad674f04893f0b23268053998cc7726c8acde2b1d343affc5
data/plant_foundation_corpus_public_mlm.h5ad	1991407402	98cdd3d2ec50ba47e4faed97089dd985876e4e53f00a684454f68c2024c35ec0
data/plant_foundation_corpus_public_mlm_available.h5ad	738938236	f060c63efd0e06b6b29ea588b609d532600b2dec67e67e9dd5c5465bbe553ea8
data/plant_foundation_corpus_public_mlm_next.h5ad	1954531951	d61f85cf59a926db371a6f0d1d1683b0996d5e006e57fa384fda66c92ca97020
data/public/GSE149217_raw_tar/unsupported_single_cell_matrix.json	846	e76f6856d2ebdb546c43c18d87271dde8de6fefe4aee2d6a412f424b9fcb73f1
data/public/GSE157758_raw_tar/unsupported_single_cell_matrix.json	959	933da4a15fd31eace1507a23f3a7a838ccc8a5ed85ce1f899bbd4fe8ac922545
data/public/GSE196882_raw_tar/unsupported_single_cell_matrix.json	1035	8bf12febe065b0ee3ca2d518024f7b31baec69f0500d9684b7004841b9340776
data/public/GSE224228_raw_tar/unsupported_single_cell_matrix.json	604	a0d881a283da415b0de55c524ec05aa00fbaf916e23381abb1f903642d3f28b6
data/public/GSE224539_raw_tar/unsupported_single_cell_matrix.json	596	261db3df7fca59d42223bb0eca93ce0dd3e99f16dbc8a3a571527529aadb8904
data/public/GSE232863_raw_tar/unsupported_single_cell_matrix.json	745	ee0344726279030cab94ffa548020fe2c281f2e9856d14cb5990ab46e49a1a93
data/public/GSE235494_raw_tar/unsupported_single_cell_matrix.json	1286	ba740bc525d13ab556a890ec31b7a658936010fb77406e71be501a43ba741c46
data/public/GSE235509_raw_tar/unsupported_single_cell_matrix.json	868	f0ecff30cdd7d82271be28e87dc191ff0f6e904010a998cc6b4bab758b6610ac
data/public/GSE235510_raw_tar/unsupported_single_cell_matrix.json	871	bc616b34ebc222180a03f92cef974d7988eb27fe61daf234875166e65bff2017
data/public/GSE255880_raw_tar/unsupported_single_cell_matrix.json	1014	2ae97e21c0d434a35240b5739871614eb43a15f22e0693f304d93b356719f52a
data/public/GSE262840_raw_tar/unsupported_single_cell_matrix.json	745	ae4bef63532c9edf7602ef82471f49c85124b89af3fd578c74153ce5b8b2c8cb
data/public/GSE270392_raw_tar/unsupported_single_cell_matrix.json	834	9be2c91202d92f6f94074ed20ccb0cef9638746e69c6feefe73e1fdcd1b248ba
data/public/GSE270866_raw_tar/unsupported_single_cell_matrix.json	759	aec2e5a3ee5b2c69957a7d02353cde31eec323f8c7e847796a652abc492e3298
data/public/GSE271725_raw_tar/unsupported_single_cell_matrix.json	746	7484341dedb68a4e601ebcdf075ec476bdd375fbe6b512a49f6c2469eda75897
data/public/GSE273033_raw_tar/unsupported_single_cell_matrix.json	1465	96bcac6933983b9f568dac588c3d2812467a73256f515019c3b471608ecf1668
data/public/GSE275267_raw_tar/unsupported_single_cell_matrix.json	788	bf3d97f1c929237c8479c64401211907ab8724743b90182142c12f81aefb5e41
data/public/GSE303744_raw_tar/unsupported_single_cell_matrix.json	894	3ed7a579a8289e8439b0326b19434de731d8290c4cab21c3edca5621d939de12
data/public/GSE325371_raw_tar/unsupported_single_cell_matrix.json	1361	002cd2994952e39b0f22c207402a3f76db97bc235eca087fc1045d3746a47f40
data/public/GSE336751_raw_tar/unsupported_single_cell_matrix.json	1587	eaede8ba15ccc3cb7c158f5b2ee0bc602796b84208c31d7e37f59702038aa8dd
data/public/GSE49607_raw_tar/unsupported_single_cell_matrix.json	983	601f762f7e06efd3b5d568633c061915a6e013fdcddc87521eb53778b73ed1ac
data/public_dataset_manifest.tsv	12147	0d92aa201d8b7937ad480fc193d4bc6a5b4eb9bfd61f0c165d8051c89b35fa17
data/public_discovery/geo_manifest_promotion_candidates.json	16888	30a5d8e17c1e6406e29470a0ea399736ab575dac94e49f08478ec6c9f13cef32
data/public_discovery/geo_manifest_promotion_candidates.md	7145	0492971cf5cf6fd27688784b77a62b340d0c7da187c8dbbf0044d76e3e6079c4
data/public_discovery/geo_manifest_promotion_candidates.tsv	9742	49b50698b5db22c9b0bbd1c482e054245216d749f19cf9aa198c9f3fa2ded8f2
data/public_discovery/geo_promotion_download_queue.json	12345	c2b60b79d37c1bf95b9076f6caee4576384064d50293f16ede042fdcb04aba68
data/public_discovery/geo_promotion_download_queue.md	4936	3b2b8777e9644e61026014943eb1cb9789075a4840c400345cf0bc5013b9bdd1
data/public_discovery/geo_promotion_download_queue.tsv	8026	5f1e3b77915239c78e70f08a2987c6fbe6f26b3bcc1a4e6800e79cd64e5f3d97
data/public_discovery/geo_supplementary_files_20260723_205817.json	13525	5eef23a42851e5eb38842f84e0430ffe92f314f20f5f5be4f06c1562b6b98c4f
data/public_discovery/geo_supplementary_files_20260723_205817.tsv	7991	f15d207d994199a1c43e1aafa684af2955fc7fa471ae42d7e9bf0b10a54c4a00
data/public_discovery/geo_supplementary_files_20260724_193153.json	55311	fbe601ae737ae2b29b998193c268ae79ff5d626a3a9198d0023087870bd4a760
data/public_discovery/geo_supplementary_files_20260724_193153.tsv	31486	a41943cb0245ef025ee691b99ef032176cf416bb1c557c42bc0f22092ed26db0
data/public_discovery/geo_supplementary_files_20260724_193841.json	55311	fbe601ae737ae2b29b998193c268ae79ff5d626a3a9198d0023087870bd4a760
data/public_discovery/geo_supplementary_files_20260724_193841.tsv	31486	a41943cb0245ef025ee691b99ef032176cf416bb1c557c42bc0f22092ed26db0
data/public_discovery/geo_supplementary_files_20260725_000720.json	55311	fbe601ae737ae2b29b998193c268ae79ff5d626a3a9198d0023087870bd4a760
data/public_discovery/geo_supplementary_files_20260725_000720.tsv	31486	a41943cb0245ef025ee691b99ef032176cf416bb1c557c42bc0f22092ed26db0
data/public_discovery/geo_supplementary_files_20260725_004504.json	55311	fbe601ae737ae2b29b998193c268ae79ff5d626a3a9198d0023087870bd4a760
data/public_discovery/geo_supplementary_files_20260725_004504.tsv	31486	a41943cb0245ef025ee691b99ef032176cf416bb1c557c42bc0f22092ed26db0
data/public_discovery/geo_supplementary_files_20260725_005032.json	55311	fbe601ae737ae2b29b998193c268ae79ff5d626a3a9198d0023087870bd4a760
data/public_discovery/geo_supplementary_files_20260725_005032.tsv	31486	a41943cb0245ef025ee691b99ef032176cf416bb1c557c42bc0f22092ed26db0
data/public_discovery/geo_supplementary_files_20260725_010023.json	78437	65b8427fbc2f73e9b09c54ff511d43d0757001cde74879053d66bc23f007a4c7
data/public_discovery/geo_supplementary_files_20260725_010023.tsv	45366	56485d76f4a23eb65a25c397094c71ce1580b4076feae3643f96178593f26821
data/public_discovery/geo_supplementary_files_20260725_070340.json	81730	fd264b016fe200342115279cce18db1998a83085f9fe9fd0e26f8977856605dc
data/public_discovery/geo_supplementary_files_20260725_070340.tsv	47051	7e4acf1919bdf42c4e54536f57b5419cd4420ce65f94ce8200fb5ccefd6153bc
data/public_discovery/geo_supplementary_files_20260725_084617.json	153824	6ee82f835289bb83d3060c6a830472e1b329eb7337910c16d49b6d556c58cd26
data/public_discovery/geo_supplementary_files_20260725_084617.tsv	88392	612566c9ff84c0d1a18e5c0edfa0803ec3ae4f95f7246b40ce757f0f28d4e962
data/public_discovery/geo_supplementary_files_20260725_084644.json	153824	6ee82f835289bb83d3060c6a830472e1b329eb7337910c16d49b6d556c58cd26
data/public_discovery/geo_supplementary_files_20260725_084644.tsv	88392	612566c9ff84c0d1a18e5c0edfa0803ec3ae4f95f7246b40ce757f0f28d4e962
data/public_discovery/geo_supplementary_files_20260726_055320.json	77274	0c3542b7b3720953463410812a87b5810e6d6b906d645ac3ea9e938622fd416f
data/public_discovery/geo_supplementary_files_20260726_055320.tsv	44605	d7ac9c1fafb4cbffe8eae7ee3bef20fd4df4478e5593d972efd1977ef6a4e956
data/public_discovery/geo_supplementary_review_20260723_205245.json	6669	58c31c48116cd0697d0fd535b423812bc1b4d3f6f0b7dad1bdeb331eb3fe90b2
data/public_discovery/geo_supplementary_review_20260723_205245.tsv	4007	e7c31f2d894f037d6630cd5618bfda51d347f79f4c7ba17f096fcee240dfccb9
data/public_discovery/geo_supplementary_review_20260723_205817.json	6669	58c31c48116cd0697d0fd535b423812bc1b4d3f6f0b7dad1bdeb331eb3fe90b2
data/public_discovery/geo_supplementary_review_20260723_205817.tsv	4007	e7c31f2d894f037d6630cd5618bfda51d347f79f4c7ba17f096fcee240dfccb9
data/public_discovery/geo_supplementary_review_20260724_193153.json	17580	d3215fed5925ce1faa78846412566b26cc31b4846c47834be2098f27b0975711
data/public_discovery/geo_supplementary_review_20260724_193153.tsv	10277	44d96424d7ea90fcdfa98fc2783b867eba95186e7d7925fb36ea214d4649a41c
data/public_discovery/geo_supplementary_review_20260724_193841.json	17635	70c4970f842fe7a64256adbafdf7d947a7a2d195d9443ca8f04f3b2fe53e5366
data/public_discovery/geo_supplementary_review_20260724_193841.tsv	10332	d28caf2aa3cdcee80d51f1b423e4a323e388e3235c7a71adf6dcd460bc2329b8
data/public_discovery/geo_supplementary_review_20260725_000720.json	17635	70c4970f842fe7a64256adbafdf7d947a7a2d195d9443ca8f04f3b2fe53e5366
data/public_discovery/geo_supplementary_review_20260725_000720.tsv	10332	d28caf2aa3cdcee80d51f1b423e4a323e388e3235c7a71adf6dcd460bc2329b8
data/public_discovery/geo_supplementary_review_20260725_004504.json	17635	70c4970f842fe7a64256adbafdf7d947a7a2d195d9443ca8f04f3b2fe53e5366
data/public_discovery/geo_supplementary_review_20260725_004504.tsv	10332	d28caf2aa3cdcee80d51f1b423e4a323e388e3235c7a71adf6dcd460bc2329b8
data/public_discovery/geo_supplementary_review_20260725_005032.json	17635	70c4970f842fe7a64256adbafdf7d947a7a2d195d9443ca8f04f3b2fe53e5366
data/public_discovery/geo_supplementary_review_20260725_005032.tsv	10332	d28caf2aa3cdcee80d51f1b423e4a323e388e3235c7a71adf6dcd460bc2329b8
data/public_discovery/geo_supplementary_review_20260725_010023.json	33740	cf8aa65a923582276d3eb965faa544372445eeb063f8834a0d8b46e37e91fb2f
data/public_discovery/geo_supplementary_review_20260725_010023.tsv	19297	d101dd678c908afecf9d6bfdb960d4ace3e058ac59ae2399c16f0fac6372c9f7
data/public_discovery/geo_supplementary_review_20260725_070340.json	37247	96c000fcce3d7ce8a4178921070e1e74d8efa8a14c52ffd9baf38928efbc0aba
data/public_discovery/geo_supplementary_review_20260725_070340.tsv	21019	7683696afb9c1e952dda436b456880aa1ecc71885aaa72f3e8e2c8870995b8cc
data/public_discovery/geo_supplementary_review_20260725_084617.json	79235	16350dd34d9e5b9d8a279b5916bf29c3fc79a5387fc3ad1bd688e4ecfcf57be1
data/public_discovery/geo_supplementary_review_20260725_084617.tsv	43372	e3be9279907e8bf6c8626d5754803672a923e45b1e7345bcdaa4a2a2fdbc3964
data/public_discovery/geo_supplementary_review_20260725_084644.json	79235	16350dd34d9e5b9d8a279b5916bf29c3fc79a5387fc3ad1bd688e4ecfcf57be1
data/public_discovery/geo_supplementary_review_20260725_084644.tsv	43372	e3be9279907e8bf6c8626d5754803672a923e45b1e7345bcdaa4a2a2fdbc3964
data/public_discovery/geo_supplementary_review_20260726_055320.json	36925	dafb5e0728ee4cc69abe80f1f6a01e3fcb9518467a7832678679c4dd5098c07b
data/public_discovery/geo_supplementary_review_20260726_055320.tsv	20697	f80a8b7b50b5871feb98691e499054479738a82909fa80ea1720e242b28bb525
data/public_discovery/ncbi_discovery_.json	341323	0f66a02e0484d96d4468fd10cab48a999ffa3131e693f0919f79e1b65a8a6e01
data/public_discovery/ncbi_discovery_.tsv	268772	1425088425bfa4bc494e30ea3416b1260a6a8110ada047d920ceeb5c668e6e0a
data/public_discovery/ncbi_discovery_20260723_203110.json	127645	abe4c58d6088c12b74cb18418e5e706f1826b25c29647c38f01a797a803be86a
data/public_discovery/ncbi_discovery_20260723_203110.tsv	101943	fe82942115ea079de28ef1672062c7b38fb88eadf72db719369f37fced4583fd
data/public_discovery/ncbi_discovery_20260723_203303.json	127534	6721b9a70429fe8f4820c2bcfce383cf070e2f56366f5eed7c3e225aa3733c1b
data/public_discovery/ncbi_discovery_20260723_203303.tsv	101832	990db2021066e8df83c877faf7ce6555ed63731aef5c4b86d379ce7238c73a2c
data/public_discovery/ncbi_discovery_20260723_203530.json	127616	4eaff16b82e313293a488a647801f30f7db19e1ee379087a75454a967bff7f74
data/public_discovery/ncbi_discovery_20260723_203530.tsv	101914	9f935538b4c1942e3d062dc437a07e6eee1a5dac65f344df2f34cf31e9f50333
data/public_discovery/ncbi_discovery_20260723_203748.json	128178	5a012f9190207aacb97520c4f327376cdf3a456dd345b13173291eeadc6c64da
data/public_discovery/ncbi_discovery_20260723_203748.tsv	102476	c6b824e772e67eb03bb9747a6833568682b8a5ffcf05109c636cab2605e085a6
data/public_discovery/ncbi_discovery_20260724_current.json	341323	0f66a02e0484d96d4468fd10cab48a999ffa3131e693f0919f79e1b65a8a6e01
data/public_discovery/ncbi_discovery_20260724_current.tsv	268772	1425088425bfa4bc494e30ea3416b1260a6a8110ada047d920ceeb5c668e6e0a
data/public_discovery/ncbi_discovery_20260725_000636.json	421326	b97aa4701cda765345928f4664e16ee938c9a42c720d942c16c1aa45289b4874
data/public_discovery/ncbi_discovery_20260725_000636.tsv	330261	d3283d03b38c75b6a0faa12b60902b99d4e7282c9ec554aaf45b9f8659d31e64
data/public_discovery/ncbi_discovery_20260725_004943.json	765059	6a25de6fb21ddca2428ad49e0df173ba35e4a5fb074c762e4975fec52a674292
data/public_discovery/ncbi_discovery_20260725_004943.tsv	593128	e16ab5d27c836e3c17e69818938020716d2532dd75e694d5c55a6d0bacb0e459
data/public_discovery/ncbi_discovery_20260725_070242.json	1301881	ef1d4adbf5fc593b601d54409cb75e0d8a4405f2c6aabab6b03be4ec5d202b6e
data/public_discovery/ncbi_discovery_20260725_070242.tsv	1022327	b56f351e30fc4ede0c6d7fb5c94873a7d9199e17493a21c38dc5819d6d9eda6c
data/public_discovery/ncbi_discovery_20260725_084502.json	1526991	bb3561586c467b9800f0e2e7d628226b4d86a16f214a298baa0cd03a3caceeab
data/public_discovery/ncbi_discovery_20260725_084502.tsv	1180013	34ca916de8fae4982cf201dd0b17de3788f97a0b9a78c09a9c2a0df673cad3e8
data/public_discovery/ncbi_discovery_20260726_055211.json	1364469	e3c9c9ac972a8e1f0f94d40379841186627dbd7dbb5e1b714fd9c6b96c6546b9
data/public_discovery/ncbi_discovery_20260726_055211.tsv	1058517	18fdb51e077bcf000c5e15d7524e35bc969413d23dc0a17e1b08fc05112fa477
data/public_discovery/scplantdb_acquisition_catalog.md	2329	18270af421912597a70ccb36fb38c11b33c5218e5946bf3bc60cce6ca98c3bd5
data/public_discovery/scplantdb_dataset_catalog.json	53096	f280b931be744349528779cd8f0b83832e1c8381f4c5d8838002daa252c7c711
data/public_discovery/scplantdb_dataset_catalog.tsv	31207	2aac6a84d8858837d49075ef0148c8a037443b23af844c0bf242d8716d26c5f7
data/public_discovery/scplantdb_h5ad_size_probe.json	45691	e2903f437df3717bc12d9f1852f462500410e1b8306ac7e82670e0d7bc7d83bb
data/public_discovery/scplantdb_h5ad_size_probe.md	5966	4ce5d92b700c5a394df8bbe11a4bf76c8690b11db1e9d1fc55c930d6cc27dc0f
data/public_discovery/scplantdb_h5ad_size_probe.tsv	17836	1f9ba44680cf49147de036c899b132ef12fc558f2c42ef29d0ee2059ff9b9121
data/public_discovery/scplantdb_selected_h5ad_datasets.txt	536	ddb3810d98dc2560270bcce87d4dd2401025f84a8381dddcb6e153a90257db53
docs/development_plan.md	4531	22b5e42fe9b9eb538475b3608082b9525c7cbe54a5d336d5e382acf489eb491c
docs/external_benchmark_blockers.md	3409	9e3ef711862b24eb6d024f9f11706760f1ea57d0ec492456cebb4c37427065c7
docs/saussurea_evidence_plan.md	4938	bccbff4fefccada361d09aaf28390d9da2e21a2900ca62260beff15f40ac1f93
docs/top_journal_strategy.md	6942	260b281a69447e2b2af068c458639a6e6bb5eb35442ad84941ee0101bfee95d7
external/scPlantLLM/model_params/scPlantLLM_model.pth	431801156	baa24dc1e686b94aa08e7e7b08df17e1bb53e479416acf7f50cd032b0fabf416
outputs/detailed_evaluations/foundation_5090_public_safe_init_test/coarse_confusion_matrix.tsv	730	1e3b26ef3aa045ad805b127be9cc7f4bbf43008872fb812f72925c530e65e111
outputs/detailed_evaluations/foundation_5090_public_safe_init_test/detailed_evaluation.md	4178	0b71ee3d19f6460ca45278f7a04843349a026eb8627197017581dc13839e908c
outputs/detailed_evaluations/foundation_5090_public_safe_init_test/detailed_metrics.json	22089	65b7ba4f457ac2b49aeebeddbc06bf9287cc66e57062f8c7bda704f1e04a1f80
outputs/detailed_evaluations/foundation_5090_public_safe_init_test/fine_confusion_matrix.tsv	730	72ea22fdc85fed24d052746c7fb371a6179726142e6bccce7eb3589857cd47f2
outputs/detailed_evaluations/foundation_5090_public_safe_init_test/predictions.tsv	2603179	f40cafdf81f90cf79f44c1c1152dbf6065f3f2c7e4a50a30398ce7501f747c89
outputs/external_benchmarks/scplantannotate_authenticated_benchmark_plan.json	4510	59d87f1a17e7d69d71a4328a168d0945b9ab3ddae58d3fecb4d2991edc353784
outputs/external_benchmarks/scplantannotate_public_sprint_input/README.md	1927	4a3ae25ec05e84b12054dbb4b12dabe266ea2eb28f89564766cc300f31a84ff2
outputs/external_benchmarks/scplantannotate_public_sprint_input/scplantannotate_input.h5ad	21922336	423edbcf75351259a9e73a30bb522c3f9a202f30db2b2408fe0baf84c4e40280
outputs/external_benchmarks/scplantannotate_public_sprint_input/summary.json	2160	2d3e9cffd30e1f7406f95f6b078ecc2bd90e2ae29fcf978bdec8e13fbaf3bb1e
outputs/external_benchmarks/scplantannotate_public_sprint_input/truth_labels.csv	628414	c213b1f8beb32f9754dbb2fee349c771868ec0bdf4c1c432e3993a2f8e956f03
outputs/external_benchmarks/scplantllm_embedding_centroid_probe.json	4463	e2be1be4d90b0bff17d6d458995443c7467d09d58123e5a21515f1b645ca840a
outputs/external_benchmarks/scplantllm_embedding_centroid_probe_128.json	4828	be285c34310cfbaecfa7a4f4723d6aefff1cdc0b1518b43a7273ddf7dd4e5301
outputs/external_benchmarks/scplantllm_preprocess_probe_input/reference_preprocess/batch_effect.meta	73016	42e4f39601114029430beb2ce404eefef60bca27ac4bc4838835950348d60dda
outputs/external_benchmarks/scplantllm_preprocess_probe_input/reference_preprocess/batch_effect_vocab.meta.json	19	ab0a301c37c5d814d195f9a2266932ed122d2232678a223a5691abf8132ea24d
outputs/external_benchmarks/scplantllm_preprocess_probe_input/reference_preprocess/cell_type.meta	76959	e649bcec43d1af6ad9b2eb938a37483d784d49f436aafeb41322001a7f1814b4
outputs/external_benchmarks/scplantllm_preprocess_probe_input/reference_preprocess/cell_type_vocab.meta.json	278	3eba4a10a3c8e6f3d06bb4c4ea8f14c9bd99d4959ebe35a127a67193bd608dee
outputs/external_benchmarks/scplantllm_preprocess_probe_input/reference_preprocess/chunks/test_chunk_1.h5	161545	85708f90faa06a3ed4ea7b7b703cda087baf944e9fa9116f5976c3b1190dd574
outputs/external_benchmarks/scplantllm_preprocess_probe_input/reference_preprocess/chunks/train_chunk_1.h5	735181	6c68d4ff34fa0df2182d2927c20fd01b42c9825d368fcd3d66f68ae155b87d69
outputs/external_benchmarks/scplantllm_preprocess_probe_input/reference_preprocess/chunks/valid_chunk_1.h5	166340	3cd9cff2ea39e86558bef709f1459cdd171eb578601370c04dc14871f8ef3790
outputs/external_benchmarks/scplantllm_preprocess_probe_input/snowcell_public_sprint.meta.csv	143753	e92d5ac19f113f75d03d8ff722bddbbbfd5d917a4300c4a49d1c3e638a763ac8
outputs/external_benchmarks/scplantllm_preprocess_probe_input/summary.json	1590	0f094bbc2220d1cd90986fe8f5970de21d531c7e7c258c92cc8d3dc715c4cbc2
outputs/external_benchmarks/scplantllm_public_sprint_input/reference_preprocess/batch_effect.meta	1460016	ea969d891ee3384586e8b38e834a709a189ad08ce8c7290400374f7bccedd389
outputs/external_benchmarks/scplantllm_public_sprint_input/reference_preprocess/batch_effect_vocab.meta.json	19	ab0a301c37c5d814d195f9a2266932ed122d2232678a223a5691abf8132ea24d
outputs/external_benchmarks/scplantllm_public_sprint_input/reference_preprocess/cell_type.meta	1538612	8391f005010d016ad116d139d48422f9912cb8ccf5e71268c3b4b04bc087528b
outputs/external_benchmarks/scplantllm_public_sprint_input/reference_preprocess/cell_type_vocab.meta.json	278	95af6a0613b61ddd6e840bce1cd1f3bb1b8f07ba3a4fa979728a83acb227b9cb
outputs/external_benchmarks/scplantllm_public_sprint_input/reference_preprocess/chunks/test_chunk_1.h5	2939449	3e5ea9e7143cf48db4be802964e49ea807b356a9f3c574102e9ff8cb88b3e892
outputs/external_benchmarks/scplantllm_public_sprint_input/reference_preprocess/chunks/train_chunk_1.h5	13770310	c6a3701dce4db7cbb888c64d21886bfb5a41cd0130908d6ab5efb0e7e06b2667
outputs/external_benchmarks/scplantllm_public_sprint_input/reference_preprocess/chunks/valid_chunk_1.h5	2886477	0206e472bbb6eed23c65d5e5e11a6c21eaab3e50fb66172360b80af103756e80
outputs/external_benchmarks/scplantllm_public_sprint_input/snowcell_public_sprint.meta.csv	2873817	a37aa8926e3f9a5ef71e9a6e8ffdff03f90f09805a5ec24c51eb4b5d3355308f
outputs/external_benchmarks/scplantllm_public_sprint_input/summary.json	1606	060507b4f9b0875884f8a880531ad8384d4333980c148270d66e17da6ce21392
outputs/external_benchmarks/seurat_public_sprint.json	337	a0be547a25c446cdd53cdee179757b04ad063dc227f056507bcb38c4769e7497
outputs/foundation_5090_mlm_public_expansion/best.pt	586940238	3d0d832cc7f4b0c649c48f4980abffc38f0efbda5b343ffa804d825f8594b8a2
outputs/foundation_5090_mlm_public_expansion/config.resolved.json	2199	e3cc22b28120b5de1b9998b850823080c710dd669d029ea726f405bf7168a878
outputs/foundation_5090_mlm_public_expansion/history.json	3705	27533b06b9f89a2395628cc4704102061d516350f3b034eef1548de69d51e2d6
outputs/foundation_5090_mlm_public_expansion/test_metrics.json	127	1ff944d722c1d66e1ac686d73fe29dde20527cd59b259b9e5acabed77e7cda49
outputs/foundation_5090_mlm_public_expansion_continuation/best.pt	926433358	ed90abffeb110fca3e5a4eb11fefc18cd0198b09669341002971b89eb664bf4c
outputs/foundation_5090_mlm_public_expansion_continuation/config.resolved.json	2271	8053b60fb6c3bbd6599186d02a4ea7982e9d8d682eeaf332d796a15180cbe6e1
outputs/foundation_5090_mlm_public_expansion_continuation/history.json	6731	9b09d0ba024695b4d860584711ae956becec6badc448f351412a3ce0a0426e06
outputs/foundation_5090_mlm_public_expansion_continuation/test_metrics.json	152	9cd8333247f892f57a595aeba62c9c918c6167e0140450952240899d70900aaa
outputs/foundation_5090_mlm_public_expansion_continuation_v0_3/config.resolved.json	2281	fa9cc0c7b51e4bda2380aa3b93ce73819a45f405761ef29ce1f8ff0122bc8aa4
outputs/foundation_5090_mlm_public_expansion_continuation_v0_3_seed47/config.resolved.json	2288	718962b26be71571f2c5ae59f3ced4d60d23fda2bae29896a5af4bdaf0b84f7e
outputs/foundation_5090_mlm_public_expansion_continuation_v0_3_seed47_b8/config.resolved.json	2289	32fded11534cee50e3c48e6ae29f5f6e6df9c0126f1ab8a6c1fc0b26a8098d52
outputs/foundation_5090_mlm_public_expansion_continuation_v0_3_seed47_b8_vocabwarm/best.pt	926433358	ed90abffeb110fca3e5a4eb11fefc18cd0198b09669341002971b89eb664bf4c
outputs/foundation_5090_mlm_public_expansion_continuation_v0_3_seed47_b8_vocabwarm/config.resolved.json	2299	b6676fcef4cb86bd341be9d0a071a0cd1947e31856a29cf8cb87ec7837d31cf8
outputs/foundation_5090_mlm_public_expansion_continuation_v0_3_seed47_b8_vocabwarm/history.json	2038	f01ba1ecf035a04abf20c584e3327af066843fe92364a9017f06381142f4c538
outputs/foundation_5090_mlm_public_late_refresh/best.pt	658999758	e32284d4dc3fafd517a5f2d30c4474ffd3bbf8e7a095a341766a6f1c5fb93e1e
outputs/foundation_5090_mlm_public_late_refresh/config.resolved.json	2200	52577b284f5f62129ce9187d056afcda097689b8d1ee3ee99b816819e29dd9d9
outputs/foundation_5090_mlm_public_late_refresh/history.json	3083	4f83e22e87c46688ab4f26747ca0129ff03841be13ed25e5c0b66c8d3552c704
outputs/foundation_5090_mlm_public_late_refresh/test_metrics.json	127	1f6982829445c9a369a2afc3cb071b6f72d2a99546b91eaa0b77e43d802f0d47
outputs/foundation_5090_mlm_public_late_refresh_safe/best.pt	924798222	87e235a3bc3f831781d3f708c9958f89d8b06cec8382b63b12e1a8ea2e648164
outputs/foundation_5090_mlm_public_late_refresh_safe/config.resolved.json	2177	1b243e7077947ca2156b90967e3292d4a0707c19c9dc6fac4ce762c04e8c1824
outputs/foundation_5090_mlm_public_late_refresh_safe/history.json	2701	ab6c07b3ad4bd23b5f9ead8b1fbc6f4b4644cf8d62decedb4da1c33387d466cb
outputs/foundation_5090_mlm_public_late_refresh_safe/test_metrics.json	154	350214715665453c4eac392519699362464a504351fca8a08a16208fc26a5b4c
outputs/foundation_5090_pretrain/best.pt	568000678	ebc95ca58ffede9c9bfd2bb4f056c452b7dc43a0f799cbaf88ff77e4e9d3a4ef
outputs/foundation_5090_pretrain/config.resolved.json	1875	13af852500d655ff75419cde9cf1dc46007a0f8ad481559f7ea3b0a0f0bdada9
outputs/foundation_5090_pretrain/history.json	18277	b3ec6e5437705ec03a252969c04ea46c3494b7b2c7d49dff72614ebdf45e0d21
outputs/foundation_5090_pretrain/test_metrics.json	414	adeec1242569d76c39fbdb4bb2b3c0aa15a153cfe48e23da86a8de50d7a3b52e
outputs/foundation_5090_public_safe_init/best.pt	190528014	fceb733334b959d873ce13db40c1a638bd640e365ba7a834ce100979386c034e
outputs/foundation_5090_public_safe_init/config.resolved.json	2230	c030503468626f3c6d3213ad42175d60d532e0eca93abc88a17a9dcbb512a962
outputs/foundation_5090_public_safe_init/history.json	9472	6bfeccdb9122e6de1d4673c063f124c08f46b02858764eb268c5284817edcb46
outputs/foundation_5090_public_safe_init/test_metrics.json	438	3ce0ee92be0407d189048d13808c62819e1403125c5401f309ea376f06c3f733
outputs/foundation_5090_public_sprint/best.pt	40124751	18314389d2b7ba8465b38f5469c5d3f4a0bba2e08b7abe3554d93b4e0fb67247
outputs/foundation_5090_public_sprint/config.resolved.json	1871	87697ddbe72cf2fa6798ca48e562374e93380b20a227661045ae62d88e00ccd4
outputs/foundation_5090_public_sprint/history.json	2305	9f55b773b2dd8f401e3f0854fb5cc2a4fce67bfe86b4796f7ede2f21bfe75454
outputs/foundation_5090_public_sprint/test_metrics.json	412	831bbb9eb743929b0db3c1e96222ac0eac7ee424d2774fbe92771ac1be2b0cf6
outputs/publication_package/annotation_bundle_index.json	2694	0b91510a125a60448dec214a8a3f0ac4db89734e338a8b0649f69cf3da05bdad
outputs/publication_package/annotation_bundle_index.md	1132	21f6a2bc9328d7e8a3e7f2fbdd194935dd1746cf32c1bba6213c88e5f1e8d1dc
outputs/publication_package/benchmark_gap_audit.json	3438	9d5236652f2eaa353ee701b3c6d2d5eee0f9a40650b9cdd4821d76c6f2cdb2ba
outputs/publication_package/benchmark_gap_audit.md	2049	313383250b3e38df584a5f652c7a38988b5510d9218b4c2c1cbd243ca9ad3553
outputs/publication_package/corpus_provenance_audit.json	116523	f8d2ded55223f16d1eb140f52947f6d03c7d157be5636abb73179a34b8bca66d
outputs/publication_package/corpus_provenance_audit.md	29039	ac3aa9c0c72c772eb48ee5ab3871cab54f5bf938eb241fe13524e35a53ae601c
outputs/publication_package/corpus_provenance_audit.tsv	40800	e89724bbd916c492c7f380b6ad5b8824bf8e92140be52167abcb0f68ca94fbf1
outputs/publication_package/data_integrity_audit.json	117215	a86b2084d33b10427fb15de45a56746786d5af9b519eb791255f1081ccca6572
outputs/publication_package/data_integrity_audit.md	17651	edf0c5123e64a1c1fde52579f98eaa437b2e6be2b5d199a9dc2301b42a78432c
outputs/publication_package/data_integrity_audit.tsv	12763	e50fd56935152dbefb856d27f94e87f4c2074ad7953dc4a6e8b80aba31188765
outputs/publication_package/download_progress_audit.json	185387	96bc4439c2462f6e84872281e4735864f41b7766cd586855844ef097ab55780e
outputs/publication_package/download_progress_audit.md	11084	29461eb1b90a1134c93039a7607ff40e47f444eeb71b7dbb3624bd6582e7b3c5
outputs/publication_package/external_tool_environment.json	1934	56609247173748ed0b5a79031a6442d5a5907844d4b6bc1cb98125b5831de12f
outputs/publication_package/external_tool_environment.md	756	813859b4c3d574cba0813d3677ef66e3ef3503176c2a3472ca3b76687a41d8a4
outputs/publication_package/geo_promotion_queue_health_audit.json	14300	81ad9dcb081fd56eb5d7bc7083a631ade6d37f4a570dbdaf5d9eba5378395874
outputs/publication_package/geo_promotion_queue_health_audit.md	2609	5c48b7ac1ab32491ea1d55b71e2b70de6dcbbba3740082a9ea1bc7ec9b42d4e5
outputs/publication_package/modality_compatibility_audit.json	51681	c8569d195efcefcb68dde8cce31994f83e066cb6e244dbbe1a2614dfa329130b
outputs/publication_package/modality_compatibility_audit.md	14821	f1cd97c3a99837f7f5eef3c16237681b7a263aa6cdcd6c2e4110e2e3254810b2
outputs/publication_package/model_data_card.json	15905	3fa63386e66bb1345659adab95bdad9f745fa86da6bb2b66e705a743901b80dd
outputs/publication_package/model_data_card.md	8761	072b055a58a20ddc71a0bbf2a14e091369b07f8bdd92891c3ff428ce564134fa
outputs/publication_package/model_release_manifest.json	15959	0e394f3de6866ae4bbbbad3734444eee7d5cc6a8fead4b40bdc496a18e2e5953
outputs/publication_package/model_release_manifest.md	3072	d5c79030baf5c974f137cd853a51db1a2425abf790ea51d0e4b968a0b3d78c2c
outputs/publication_package/pending_corpus_additions.json	12726	de03845820a2c7a4871dc98634ef269f623e1e031477989156aca03fdf855c63
outputs/publication_package/pending_corpus_additions.md	6425	fdb526057cb0f4fddcd52b924d45aa7c3e5308562a2c9a5bb849acc8ca113cac
outputs/publication_package/public_discovery/geo_manifest_promotion_candidates.json	16888	30a5d8e17c1e6406e29470a0ea399736ab575dac94e49f08478ec6c9f13cef32
outputs/publication_package/public_discovery/geo_manifest_promotion_candidates.md	7145	0492971cf5cf6fd27688784b77a62b340d0c7da187c8dbbf0044d76e3e6079c4
outputs/publication_package/public_discovery/geo_manifest_promotion_candidates.tsv	9742	49b50698b5db22c9b0bbd1c482e054245216d749f19cf9aa198c9f3fa2ded8f2
outputs/publication_package/public_discovery/geo_promotion_download_queue.json	12345	c2b60b79d37c1bf95b9076f6caee4576384064d50293f16ede042fdcb04aba68
outputs/publication_package/public_discovery/geo_promotion_download_queue.md	4936	3b2b8777e9644e61026014943eb1cb9789075a4840c400345cf0bc5013b9bdd1
outputs/publication_package/public_discovery/geo_promotion_download_queue.tsv	8026	5f1e3b77915239c78e70f08a2987c6fbe6f26b3bcc1a4e6800e79cd64e5f3d97
outputs/publication_package/public_discovery/geo_supplementary_files_20260723_205817.json	13525	5eef23a42851e5eb38842f84e0430ffe92f314f20f5f5be4f06c1562b6b98c4f
outputs/publication_package/public_discovery/geo_supplementary_files_20260723_205817.tsv	7991	f15d207d994199a1c43e1aafa684af2955fc7fa471ae42d7e9bf0b10a54c4a00
outputs/publication_package/public_discovery/geo_supplementary_files_20260724_193153.json	55311	fbe601ae737ae2b29b998193c268ae79ff5d626a3a9198d0023087870bd4a760
outputs/publication_package/public_discovery/geo_supplementary_files_20260724_193153.tsv	31486	a41943cb0245ef025ee691b99ef032176cf416bb1c557c42bc0f22092ed26db0
outputs/publication_package/public_discovery/geo_supplementary_files_20260724_193841.json	55311	fbe601ae737ae2b29b998193c268ae79ff5d626a3a9198d0023087870bd4a760
outputs/publication_package/public_discovery/geo_supplementary_files_20260724_193841.tsv	31486	a41943cb0245ef025ee691b99ef032176cf416bb1c557c42bc0f22092ed26db0
outputs/publication_package/public_discovery/geo_supplementary_files_20260725_000720.json	55311	fbe601ae737ae2b29b998193c268ae79ff5d626a3a9198d0023087870bd4a760
outputs/publication_package/public_discovery/geo_supplementary_files_20260725_000720.tsv	31486	a41943cb0245ef025ee691b99ef032176cf416bb1c557c42bc0f22092ed26db0
outputs/publication_package/public_discovery/geo_supplementary_files_20260725_004504.json	55311	fbe601ae737ae2b29b998193c268ae79ff5d626a3a9198d0023087870bd4a760
outputs/publication_package/public_discovery/geo_supplementary_files_20260725_004504.tsv	31486	a41943cb0245ef025ee691b99ef032176cf416bb1c557c42bc0f22092ed26db0
outputs/publication_package/public_discovery/geo_supplementary_files_20260725_005032.json	55311	fbe601ae737ae2b29b998193c268ae79ff5d626a3a9198d0023087870bd4a760
outputs/publication_package/public_discovery/geo_supplementary_files_20260725_005032.tsv	31486	a41943cb0245ef025ee691b99ef032176cf416bb1c557c42bc0f22092ed26db0
outputs/publication_package/public_discovery/geo_supplementary_files_20260725_010023.json	78437	65b8427fbc2f73e9b09c54ff511d43d0757001cde74879053d66bc23f007a4c7
outputs/publication_package/public_discovery/geo_supplementary_files_20260725_010023.tsv	45366	56485d76f4a23eb65a25c397094c71ce1580b4076feae3643f96178593f26821
outputs/publication_package/public_discovery/geo_supplementary_files_20260725_070340.json	81730	fd264b016fe200342115279cce18db1998a83085f9fe9fd0e26f8977856605dc
outputs/publication_package/public_discovery/geo_supplementary_files_20260725_070340.tsv	47051	7e4acf1919bdf42c4e54536f57b5419cd4420ce65f94ce8200fb5ccefd6153bc
outputs/publication_package/public_discovery/geo_supplementary_files_20260725_084617.json	153824	6ee82f835289bb83d3060c6a830472e1b329eb7337910c16d49b6d556c58cd26
outputs/publication_package/public_discovery/geo_supplementary_files_20260725_084617.tsv	88392	612566c9ff84c0d1a18e5c0edfa0803ec3ae4f95f7246b40ce757f0f28d4e962
outputs/publication_package/public_discovery/geo_supplementary_files_20260725_084644.json	153824	6ee82f835289bb83d3060c6a830472e1b329eb7337910c16d49b6d556c58cd26
outputs/publication_package/public_discovery/geo_supplementary_files_20260725_084644.tsv	88392	612566c9ff84c0d1a18e5c0edfa0803ec3ae4f95f7246b40ce757f0f28d4e962
outputs/publication_package/public_discovery/geo_supplementary_files_20260726_055320.json	77274	0c3542b7b3720953463410812a87b5810e6d6b906d645ac3ea9e938622fd416f
outputs/publication_package/public_discovery/geo_supplementary_files_20260726_055320.tsv	44605	d7ac9c1fafb4cbffe8eae7ee3bef20fd4df4478e5593d972efd1977ef6a4e956
outputs/publication_package/public_discovery/geo_supplementary_review_20260723_205245.json	6669	58c31c48116cd0697d0fd535b423812bc1b4d3f6f0b7dad1bdeb331eb3fe90b2
outputs/publication_package/public_discovery/geo_supplementary_review_20260723_205245.tsv	4007	e7c31f2d894f037d6630cd5618bfda51d347f79f4c7ba17f096fcee240dfccb9
outputs/publication_package/public_discovery/geo_supplementary_review_20260723_205817.json	6669	58c31c48116cd0697d0fd535b423812bc1b4d3f6f0b7dad1bdeb331eb3fe90b2
outputs/publication_package/public_discovery/geo_supplementary_review_20260723_205817.tsv	4007	e7c31f2d894f037d6630cd5618bfda51d347f79f4c7ba17f096fcee240dfccb9
outputs/publication_package/public_discovery/geo_supplementary_review_20260724_193153.json	17580	d3215fed5925ce1faa78846412566b26cc31b4846c47834be2098f27b0975711
outputs/publication_package/public_discovery/geo_supplementary_review_20260724_193153.tsv	10277	44d96424d7ea90fcdfa98fc2783b867eba95186e7d7925fb36ea214d4649a41c
outputs/publication_package/public_discovery/geo_supplementary_review_20260724_193841.json	17635	70c4970f842fe7a64256adbafdf7d947a7a2d195d9443ca8f04f3b2fe53e5366
outputs/publication_package/public_discovery/geo_supplementary_review_20260724_193841.tsv	10332	d28caf2aa3cdcee80d51f1b423e4a323e388e3235c7a71adf6dcd460bc2329b8
outputs/publication_package/public_discovery/geo_supplementary_review_20260725_000720.json	17635	70c4970f842fe7a64256adbafdf7d947a7a2d195d9443ca8f04f3b2fe53e5366
outputs/publication_package/public_discovery/geo_supplementary_review_20260725_000720.tsv	10332	d28caf2aa3cdcee80d51f1b423e4a323e388e3235c7a71adf6dcd460bc2329b8
outputs/publication_package/public_discovery/geo_supplementary_review_20260725_004504.json	17635	70c4970f842fe7a64256adbafdf7d947a7a2d195d9443ca8f04f3b2fe53e5366
outputs/publication_package/public_discovery/geo_supplementary_review_20260725_004504.tsv	10332	d28caf2aa3cdcee80d51f1b423e4a323e388e3235c7a71adf6dcd460bc2329b8
outputs/publication_package/public_discovery/geo_supplementary_review_20260725_005032.json	17635	70c4970f842fe7a64256adbafdf7d947a7a2d195d9443ca8f04f3b2fe53e5366
outputs/publication_package/public_discovery/geo_supplementary_review_20260725_005032.tsv	10332	d28caf2aa3cdcee80d51f1b423e4a323e388e3235c7a71adf6dcd460bc2329b8
outputs/publication_package/public_discovery/geo_supplementary_review_20260725_010023.json	33740	cf8aa65a923582276d3eb965faa544372445eeb063f8834a0d8b46e37e91fb2f
outputs/publication_package/public_discovery/geo_supplementary_review_20260725_010023.tsv	19297	d101dd678c908afecf9d6bfdb960d4ace3e058ac59ae2399c16f0fac6372c9f7
outputs/publication_package/public_discovery/geo_supplementary_review_20260725_070340.json	37247	96c000fcce3d7ce8a4178921070e1e74d8efa8a14c52ffd9baf38928efbc0aba
outputs/publication_package/public_discovery/geo_supplementary_review_20260725_070340.tsv	21019	7683696afb9c1e952dda436b456880aa1ecc71885aaa72f3e8e2c8870995b8cc
outputs/publication_package/public_discovery/geo_supplementary_review_20260725_084617.json	79235	16350dd34d9e5b9d8a279b5916bf29c3fc79a5387fc3ad1bd688e4ecfcf57be1
outputs/publication_package/public_discovery/geo_supplementary_review_20260725_084617.tsv	43372	e3be9279907e8bf6c8626d5754803672a923e45b1e7345bcdaa4a2a2fdbc3964
outputs/publication_package/public_discovery/geo_supplementary_review_20260725_084644.json	79235	16350dd34d9e5b9d8a279b5916bf29c3fc79a5387fc3ad1bd688e4ecfcf57be1
outputs/publication_package/public_discovery/geo_supplementary_review_20260725_084644.tsv	43372	e3be9279907e8bf6c8626d5754803672a923e45b1e7345bcdaa4a2a2fdbc3964
outputs/publication_package/public_discovery/geo_supplementary_review_20260726_055320.json	36925	dafb5e0728ee4cc69abe80f1f6a01e3fcb9518467a7832678679c4dd5098c07b
outputs/publication_package/public_discovery/geo_supplementary_review_20260726_055320.tsv	20697	f80a8b7b50b5871feb98691e499054479738a82909fa80ea1720e242b28bb525
outputs/publication_package/public_discovery/ncbi_discovery_.json	341323	0f66a02e0484d96d4468fd10cab48a999ffa3131e693f0919f79e1b65a8a6e01
outputs/publication_package/public_discovery/ncbi_discovery_.tsv	268772	1425088425bfa4bc494e30ea3416b1260a6a8110ada047d920ceeb5c668e6e0a
outputs/publication_package/public_discovery/ncbi_discovery_20260723_203110.json	127645	abe4c58d6088c12b74cb18418e5e706f1826b25c29647c38f01a797a803be86a
outputs/publication_package/public_discovery/ncbi_discovery_20260723_203110.tsv	101943	fe82942115ea079de28ef1672062c7b38fb88eadf72db719369f37fced4583fd
outputs/publication_package/public_discovery/ncbi_discovery_20260723_203303.json	127534	6721b9a70429fe8f4820c2bcfce383cf070e2f56366f5eed7c3e225aa3733c1b
outputs/publication_package/public_discovery/ncbi_discovery_20260723_203303.tsv	101832	990db2021066e8df83c877faf7ce6555ed63731aef5c4b86d379ce7238c73a2c
outputs/publication_package/public_discovery/ncbi_discovery_20260723_203530.json	127616	4eaff16b82e313293a488a647801f30f7db19e1ee379087a75454a967bff7f74
outputs/publication_package/public_discovery/ncbi_discovery_20260723_203530.tsv	101914	9f935538b4c1942e3d062dc437a07e6eee1a5dac65f344df2f34cf31e9f50333
outputs/publication_package/public_discovery/ncbi_discovery_20260723_203748.json	128178	5a012f9190207aacb97520c4f327376cdf3a456dd345b13173291eeadc6c64da
outputs/publication_package/public_discovery/ncbi_discovery_20260723_203748.tsv	102476	c6b824e772e67eb03bb9747a6833568682b8a5ffcf05109c636cab2605e085a6
outputs/publication_package/public_discovery/ncbi_discovery_20260724_current.json	341323	0f66a02e0484d96d4468fd10cab48a999ffa3131e693f0919f79e1b65a8a6e01
outputs/publication_package/public_discovery/ncbi_discovery_20260724_current.tsv	268772	1425088425bfa4bc494e30ea3416b1260a6a8110ada047d920ceeb5c668e6e0a
outputs/publication_package/public_discovery/ncbi_discovery_20260725_000636.json	421326	b97aa4701cda765345928f4664e16ee938c9a42c720d942c16c1aa45289b4874
outputs/publication_package/public_discovery/ncbi_discovery_20260725_000636.tsv	330261	d3283d03b38c75b6a0faa12b60902b99d4e7282c9ec554aaf45b9f8659d31e64
outputs/publication_package/public_discovery/ncbi_discovery_20260725_004943.json	765059	6a25de6fb21ddca2428ad49e0df173ba35e4a5fb074c762e4975fec52a674292
outputs/publication_package/public_discovery/ncbi_discovery_20260725_004943.tsv	593128	e16ab5d27c836e3c17e69818938020716d2532dd75e694d5c55a6d0bacb0e459
outputs/publication_package/public_discovery/ncbi_discovery_20260725_070242.json	1301881	ef1d4adbf5fc593b601d54409cb75e0d8a4405f2c6aabab6b03be4ec5d202b6e
outputs/publication_package/public_discovery/ncbi_discovery_20260725_070242.tsv	1022327	b56f351e30fc4ede0c6d7fb5c94873a7d9199e17493a21c38dc5819d6d9eda6c
outputs/publication_package/public_discovery/ncbi_discovery_20260725_084502.json	1526991	bb3561586c467b9800f0e2e7d628226b4d86a16f214a298baa0cd03a3caceeab
outputs/publication_package/public_discovery/ncbi_discovery_20260725_084502.tsv	1180013	34ca916de8fae4982cf201dd0b17de3788f97a0b9a78c09a9c2a0df673cad3e8
outputs/publication_package/public_discovery/ncbi_discovery_20260726_055211.json	1364469	e3c9c9ac972a8e1f0f94d40379841186627dbd7dbb5e1b714fd9c6b96c6546b9
outputs/publication_package/public_discovery/ncbi_discovery_20260726_055211.tsv	1058517	18fdb51e077bcf000c5e15d7524e35bc969413d23dc0a17e1b08fc05112fa477
outputs/publication_package/public_discovery/public_discovery_gap_audit.json	86254	132abda9a00f9605f87b8ca13a825752ed8d261f8368cda07abc022c4a49f4a0
outputs/publication_package/public_discovery/public_discovery_gap_audit.md	14883	771176cee5ca282f448f381d1af265905608025b39d08e0caeb14d5bca21c2ce
outputs/publication_package/public_discovery/scplantdb_acquisition_catalog.md	2329	18270af421912597a70ccb36fb38c11b33c5218e5946bf3bc60cce6ca98c3bd5
outputs/publication_package/public_discovery/scplantdb_dataset_catalog.json	53096	f280b931be744349528779cd8f0b83832e1c8381f4c5d8838002daa252c7c711
outputs/publication_package/public_discovery/scplantdb_dataset_catalog.tsv	31207	2aac6a84d8858837d49075ef0148c8a037443b23af844c0bf242d8716d26c5f7
outputs/publication_package/public_discovery/scplantdb_h5ad_size_probe.json	45691	e2903f437df3717bc12d9f1852f462500410e1b8306ac7e82670e0d7bc7d83bb
outputs/publication_package/public_discovery/scplantdb_h5ad_size_probe.md	5966	4ce5d92b700c5a394df8bbe11a4bf76c8690b11db1e9d1fc55c930d6cc27dc0f
outputs/publication_package/public_discovery/scplantdb_h5ad_size_probe.tsv	17836	1f9ba44680cf49147de036c899b132ef12fc558f2c42ef29d0ee2059ff9b9121
outputs/publication_package/public_discovery/scplantdb_selected_h5ad_datasets.txt	536	ddb3810d98dc2560270bcce87d4dd2401025f84a8381dddcb6e153a90257db53
outputs/publication_package/public_mlm_plus_readiness.json	18298	0068387699941019aeff3950e064fd45a2b45fcd3cdc544cf47d7b14db229e24
outputs/publication_package/public_mlm_plus_readiness.md	7376	6d986419c467cab821c51b2369d22085d20900521d349c52e2a8cb05782ad39d
outputs/publication_package/saussurea_data_request_email.txt	1238	f410a80067520dfb1cb4a7fd99a7f4f1ac7d4778357f630a775578b820643d89
outputs/publication_package/saussurea_data_request_package.json	4504	fb4171ca3d90a41c7d1d499045afd37e42a4a111a0c3a6214618aa80f7c6b0a9
outputs/publication_package/saussurea_data_request_package.md	3510	7c9d1d54d467e7c0918930a1c257bae4aabdacc2a0c369f0ec788c94bf3d351c
outputs/publication_package/saussurea_h5ad_contract.json	265	9140a799339e24901bf219e93415f0edf6a5be8b682c0f4a8437ea2411f48dbc
outputs/publication_package/saussurea_h5ad_contract.md	376	d463124e845f41c1534bd28f30a6c2cae66ceff1cd6ac5b6bf0321700efcb0be
outputs/publication_package/saussurea_public_data_discovery.json	117065	78647faf5364a7e4a4953c9ccf20de2dcdd0a93a150f65af6d54501465a24246
outputs/publication_package/saussurea_public_data_discovery.md	15754	5cadcf64a77977787355acb114c495e4736eb04fa02ff4b8e9539cbcd8918fe5
outputs/publication_package/saussurea_supporting_evidence.json	19446	acd3db3212c019f9db446a2f6815663421463a75dc9578ad04482b7a7edf11ef
outputs/publication_package/saussurea_supporting_evidence.md	7679	5c3abb6bdae9ecd91bb91b11980e9db1cecf1b7c1aa2b973808b0711cdfd0eca
outputs/publication_package/scplantannotate_access_audit.json	26276	c0950be49bf19cf889c3aaa7a4dc1bcad51854c44b393986940b48a6144211d5
outputs/publication_package/scplantannotate_access_audit.md	4129	fcf1b38b4004993878d9247066f99b53a19d3e814a2b5f2ccf606b32a29e5618
outputs/publication_package/scplantannotate_benchmark_input_package.json	2160	2d3e9cffd30e1f7406f95f6b078ecc2bd90e2ae29fcf978bdec8e13fbaf3bb1e
outputs/publication_package/scplantannotate_benchmark_input_package.md	1927	4a3ae25ec05e84b12054dbb4b12dabe266ea2eb28f89564766cc300f31a84ff2
outputs/publication_package/scplantdb_manifest_audit.json	39601	78be2ddd8cc42a6d241ee523c8fafc38efbb3a48fd157c1fdb275e64e590826c
outputs/publication_package/scplantdb_manifest_audit.md	5338	b4330533f563035fc21516646707d4905fd191cd00cd047528288b1d4e0605c7
outputs/publication_package/scplantdb_manifest_audit.tsv	16084	206ac8232e0a3b6dad4eccd932a54d61308dbc30bc0a1e00702c74c127ee222e
outputs/publication_package/scplantllm_input_readiness.json	4418	728275fd3e8dcebc5fabd3da7a394dcf4865e9bba4a1c0a1898bae33f0f112eb
outputs/publication_package/scplantllm_input_readiness.md	1359	6200c3734c36cbfdfe3bb39b0c7bdfc4abeb2db66136b16f22ef126769c80fd5
outputs/publication_package/scplantllm_preprocess_probe_readiness.json	4422	cbeebcc6ebcfffda98183990267aba05ccadd1aa57e52bdd7d045523c9d6d7c2
outputs/publication_package/scplantllm_preprocess_probe_readiness.md	1371	0e01d982add508f810f432f2ceef60ea8860cc492dab0f6fad8994f54f4c3e43
outputs/publication_package/scripts/audit_data_integrity.py	14181	4ff567dd6782f6c66831f9422af87a7994a5a8979d5971a6798786f87212304f
outputs/publication_package/scripts/audit_leaveout_splits.py	4356	82a66ec1fbde9a25ca7edde4ad5e648d4b83a7a78dc85e5aa2d9ae4c46171539
outputs/publication_package/scripts/build_available_public_mlm_corpus.sh	1557	08b37830f5fd572a3a8672bbf71ab69d307ea0e4ba22d3ad70872b914cf26eea
outputs/publication_package/scripts/build_npz_from_seurat_export.py	5465	6af043502bb82c12ef89e75cdde82cd811cf41af1307a46f2b34a801668d1ebb
outputs/publication_package/scripts/build_public_mlm_corpus.sh	1567	6514253de0a1a5f3267f13334ae780723c39402c67195e060222082408c5e3f8
outputs/publication_package/scripts/build_public_mlm_plus_corpus.sh	2251	7743eba84f658602aee591663c86a3a58133aeffdb7fecb5dc187fc6106e15a5
outputs/publication_package/scripts/collect_public_data.sh	3438	5641e83a9a4cc3c5dc305b2351cf34506162ea528cf757a9d9d4103cccc4911b
outputs/publication_package/scripts/collect_saussurea_supporting_metadata.sh	4601	b99b50fb03bdcc0ddad69fe5d82a0bb1dced0f769cb676119685f4f98f4914be
outputs/publication_package/scripts/convert_gse268881_available.sh	1315	b05e9083158b3c5ae9a6dcf238aad1a5483722a182776cfc6d4371d01bcbc5a5
outputs/publication_package/scripts/create_leaveout_config.py	2283	9812f31100eba1664e2d821eba6e730ce472683b45567bbf3c25359f4209846c
outputs/publication_package/scripts/create_public_safe_init_annotation_bundle.sh	1232	077b57afe3b588e7c9ea10720d025361b4a9764962599245ee99680835f525c7
outputs/publication_package/scripts/discover_ncbi_public_datasets.py	18588	ecbf003cb384726170da65786b5f8f9aeddb8f0f1e838928f9469ed621e98226
outputs/publication_package/scripts/discover_public_ncbi_data.sh	613	c739a5989acc62efd567eadfb3f495c201f6cc33c9d76afed31714d072197527
outputs/publication_package/scripts/download_geo_h5_subset.sh	3671	cad918641a4832246844ba37b92f9a4a9af337c0517cf61cf7edc29a499f8afb
outputs/publication_package/scripts/download_geo_mtx_component_subset.sh	9066	114afe081eb7e320cc61c1c90890ee70a88c68a4a2f48b83e84a91fb703689e0
outputs/publication_package/scripts/download_geo_mtx_tar_subset.sh	3658	18598a9cc2372c6ed2dd33c1802b7ef00ac814ecce6c3a3ec4a2315463a62cb2
outputs/publication_package/scripts/download_geo_page_rds_subset.sh	5561	0eccdcc587057dcf38ce54d4c4dbbc675357237f2fa983007fca64c73463ee03
outputs/publication_package/scripts/download_geo_raw_tar_h5_subset.sh	4232	be71623c57efbba6b843fa51f6c88a689260023ba0ca719d29ec1ea327a5f4c3
outputs/publication_package/scripts/download_geo_raw_tar_mtx_subset.sh	16582	b14fad5e0a1ce413e66379f9dda91e4958fb40e2105f5f387926c6c4efa8fc6b
outputs/publication_package/scripts/download_geo_rds_subset.sh	4961	06efd33e064c7b132a95ee26af2b9243a2598d158564a8c6db3508cfc5289144
outputs/publication_package/scripts/download_gse146034_rice_root_tip_mtx_subset.sh	515	091fbcb919d775503825275a29bdd8fb9353dadf767266f16b6c7eaf958cf114
outputs/publication_package/scripts/download_gse149217_tomato_rice_root_tip_mtx_subset.sh	2291	45992aebbf62ffaea37b629e503f01ca2653555c06fed769d44793c91e0e7595
outputs/publication_package/scripts/download_gse152766_arabidopsis_mtx_subset.sh	417	88db20c1f5d248fd4fec93b3ed86b70425190c719a33dde7e78b3d6b86d2b893
outputs/publication_package/scripts/download_gse226097_arabidopsis_lifecycle_rds_subset.sh	467	01884de19b3f6fe91ed4659c71af3d2a7899ae439fdf8e6dab499d534380e0a1
outputs/publication_package/scripts/download_gse234192_plant_callus_rds_subset.sh	485	8a92c9ec9276573ac3351ca71c729fe0e2a3ea248308abc0ad67ee1533ecbc39
outputs/publication_package/scripts/download_gse243419_cotton_glandular_mtx_subset.sh	554	5d749b9cf45aa458c2d408f1601a9b3476d5d50e7c640e57e06b46716af6bdd8
outputs/publication_package/scripts/download_gse251706_rice_rds_subset.sh	422	28e3ea2dc8b372ae11c28db184c3c463fa3ce68db3812a13ba5d811fe808f17e
outputs/publication_package/scripts/download_gse268881_subset.sh	4993	1bfca00807938d7ff53ab2a25c7fb570d407f8ba884550fedb3b72ccebe1fe9f
outputs/publication_package/scripts/download_gse270140_arabidopsis_secondary_root_h5_subset.sh	436	2c1576d45a35cd99a4a1537a742aa5fc576d8a64767257e1afd4cbedb5ce08cc
outputs/publication_package/scripts/download_gse270342_wheat_h5_generic.sh	426	8bb5af3d5b90287605bcb75ba512616b12b6ac0fb7ff589616330719b123de46
outputs/publication_package/scripts/download_gse270342_wheat_h5_subset.sh	2994	a3de4a7cb8e9dc4fb80d6ff603e035f222e7e28601e48ddc87e0211f92ae2ba2
outputs/publication_package/scripts/download_gse300264_arabidopsis_method_rds_subset.sh	444	9fcc44bc485330b32641b53a44e0336c29dc940f30ad94ae48312c67be259f29
outputs/publication_package/scripts/download_gse302041_arabidopsis_lateral_root_rds_subset.sh	439	deac31f54789770fd01ecb8112fc3ddf8b441d1efad56fc93c9c2fab10576882
outputs/publication_package/scripts/download_gse308757_rice_node_mtx_subset.sh	546	4913948675c7a6112555462bedab18860bcac29d696fbc310697c7db6b0b5b1e
outputs/publication_package/scripts/download_gse311951_stevia_leaf_mtx_subset.sh	516	5558b48b37b06d603fb9ca8ffc9ce1076e37c85292032eeca35144fb072b8a46
outputs/publication_package/scripts/download_gse313726_rice_leaf_stress_rds_subset.sh	438	4bd863691212edbb0c003e9956b71d9fcabe7aa5b1f390fa7efdaa442700704f
outputs/publication_package/scripts/download_gse314252_tomato_mycorrhiza_rds_subset.sh	434	9333fd7ee0f4627a3b84cff9784f612c26ff51f357efdf287ae689d0126591e6
outputs/publication_package/scripts/download_gse325371_tomato_salt_idioblast_mtx_subset.sh	533	ecc15b00e5bfa4913b369ad2ac94e03624cd69c3a6ff2191efeb44240231783c
outputs/publication_package/scripts/download_gse336751_marchantia_spore_mtx_subset.sh	524	3c7598835a1eef24e8a4de1eb93d68b8bcd4d1aadc37cb3b4c1f12108637551a
outputs/publication_package/scripts/download_gse338572_maize_easy_multiome_rna_rds_subset.sh	426	b5e0713ad01a2ee9a61ddd4a3b627c94a357e635a434cbdf1e9e1245c2ccc964
outputs/publication_package/scripts/download_scplantdb_h5ad_subset.sh	3956	b9a59a8cdb83258e480d2a50162d5ac6e459340d3cbc60b98849269739ce2a50
outputs/publication_package/scripts/ensure_public_data_jobs.sh	5074	3b8cf55b99e9ab954d0a32c258d3577cfecbfee316f19f64800b516fcc2ad7b7
outputs/publication_package/scripts/evaluate_checkpoint_detailed.py	15232	f26cfd7c2657782d64ec9c6a49354435ccbb217c55f7d3c47aa244220aa7bd81
outputs/publication_package/scripts/export_scplantllm_input.py	9336	dab9914520455f35ad6376b8eeb958e876565f0ea339a4e34ed70156a8635fdf
outputs/publication_package/scripts/export_seurat_benchmark_split.py	3044	18a5d6d80aac351d3e96c6945d5e5e2e9d2aa45e7a600f2cd397b74399a4bca2
outputs/publication_package/scripts/export_seurat_rds_expression_slot_to_mtx.R	6282	1f7fc3dca67a6dda78818530c2fd89d827d91fdfb30125db68553e79720ce5af
outputs/publication_package/scripts/export_seurat_rds_to_mtx.R	6084	4b7f9af3d3755479b74179279e65d629276f21da17a336f21fdc1825693a6977
outputs/publication_package/scripts/extract_scplantdb_catalog.py	6624	9be2e6deb6d14332fde0dc3eabf319a6c61ec73d938fb7009c39ad599e01802c
outputs/publication_package/scripts/fetch_geo_supplementary_filelist.sh	1282	c55bc65dc39ae0379aec474ba7653b007990203373bdd4e53bbbc879d2db1fc3
outputs/publication_package/scripts/generate_publication_package.sh	23138	07ce6721a7d49dc8203ae57a175103d19a11fe37d627a305c7f0e1f83b5aa87d
outputs/publication_package/scripts/generated_geo_promotion_downloads/download_gse157757_geo_gse157757_zea_mays_single_cell_sequencing_reveals_phloem.sh	502	69baac863f393110f216b8256b6e9d48ea327b2d1f67afab0d1a395703272072
outputs/publication_package/scripts/generated_geo_promotion_downloads/download_gse157758_geo_gse157758_zea_mays_single_cell_sequencing_reveals_phloem.sh	502	61a2b74ec2def15604b3015c0e695753e9a4cf843cc1d2b68cf353211364882e
outputs/publication_package/scripts/generated_geo_promotion_downloads/download_gse180121_geo_gse180121_eucalyptus_grandis_single_cell_transcriptomics_unveils_xylem.sh	596	b37beab8ffdf848a655a4b315f733a08facba293c72b1310e27f1931d85ccb18
outputs/publication_package/scripts/generated_geo_promotion_downloads/download_gse180121_geo_gse180121_liriodendron_chinense_single_cell_transcriptomics_unveils_xylem.sh	599	de63478039f140d573df06f4d95d17cedd5f539ffdcc5c3d912b578a89188874
outputs/publication_package/scripts/generated_geo_promotion_downloads/download_gse182507_geo_gse182507_medicago_truncatula_single_cell_rna_sequencing_medicago.sh	522	f87d44149856f3bba347cbff82ec147a62462cc2fbcb3a09ca7ef0e2915bdabb
outputs/publication_package/scripts/generated_geo_promotion_downloads/download_gse190649_geo_gse190649_populus_tremula_single_nuclei_transcriptomic_populus_tremula.sh	550	ea612ac6b0a551f8373ef976369a944a07a5ca6f6c87659a185193fb2cdb0d7b
outputs/publication_package/scripts/generated_geo_promotion_downloads/download_gse196882_geo_gse196882_zea_mays_spatial_transcriptomics_maize_embryonic_leaves.sh	511	0286648a03ac8c8be58b0a88f630db531aaa4ad5599e7194d4ab92b7bc6c5f4a
outputs/publication_package/scripts/generated_geo_promotion_downloads/download_gse201640_geo_gse201640_zea_mays_decoding_gene_regulatory_network_endosperm.sh	519	a8a24d50b2ceb540f8cf0879b3b15199c91863143bc1e87520bf43215d5bc1f8
outputs/publication_package/scripts/generated_geo_promotion_downloads/download_gse201700_geo_gse201700_zea_mays_decoding_gene_regulatory_network_endosperm.sh	519	b2ec43794c7864deb04a159a839c45d0166ba3f02efe40d45995b5b8d48f8dfb
outputs/publication_package/scripts/generated_geo_promotion_downloads/download_gse201931_geo_gse201931_solanum_lycopersicum_high_throughput_single_cell_transcriptome.sh	532	541aeb4fe02853cbb38b5209dad82cbee586a24271e8fa91cfd4f9b231774b23
outputs/publication_package/scripts/generated_geo_promotion_downloads/download_gse210881_geo_gse210881_medicago_truncatula_gene_expression_profile_at_single.sh	657	ef98f359eb1c9cfc750d6df099d1320895efad6f496d5df389e396fa84217783
outputs/publication_package/scripts/generated_geo_promotion_downloads/download_gse220277_geo_gse220277_arabidopsis_drought_recovery_plants_triggers_a.sh	515	168f9af741b15d46c50785f2f7a2f4a4ff45b9a82de3078c2af40c1f66c4d0bd
outputs/publication_package/scripts/generated_geo_promotion_downloads/download_gse222584_geo_gse222584_oryza_sativa_single_cell_sequencing_revealed_cell.sh	521	9267c66d7f2b0d2264bdb5e9737fd07ccbaf9149cfead17511a55e0bda19963c
outputs/publication_package/scripts/generated_geo_promotion_downloads/download_gse224228_geo_gse224228_triticum_aestivum_a_quantitative_computational_framework_allopolyp.sh	547	4a1ad5093c2fe6529e92332ab7244f5e31225bab9ed32e6537b8c0c6e960e5ed
outputs/publication_package/scripts/generated_geo_promotion_downloads/download_gse224539_geo_gse224539_medicago_truncatula_single_cell_transcriptome_program_nodule.sh	539	3c3ae26755b66ec07e5e4d3450be60a926a3bc8844d08ef8a8376b8ac91460f5
outputs/publication_package/scripts/generated_geo_promotion_downloads/download_gse226149_geo_gse226149_glycine_max_gene_expression_profile_at_single.sh	504	ef6c017aa55c09e0559cf4cdccdf1ae766de3148c0b47320bc4d28396def87e8
outputs/publication_package/scripts/generated_geo_promotion_downloads/download_gse226826_geo_gse226826_arabidopsis_thaliana_time_resolved_single_cell_spatial.sh	671	753f99ca69a34211b12dde11c933d1390d6b530c48db68eba3e0ffbdd24f494b
outputs/publication_package/scripts/generated_geo_promotion_downloads/download_gse232863_geo_gse232863_oryza_sativa_a_single_cell_multiomics_atlas.sh	515	09242bc000bcd4ac709bdd211e2a34ff97f5651bf27f0e1b8cc8f107624e20ac
outputs/publication_package/scripts/generated_geo_promotion_downloads/download_gse235494_geo_gse235494_arabidopsis_thaliana_multiome_same_cell_revealed_impact.sh	523	02f629028723dd4d8621c2538fe8837e9acdd556a13d801c5846a7bfecce4937
outputs/publication_package/scripts/generated_geo_promotion_downloads/download_gse235495_geo_gse235495_arabidopsis_thaliana_multiome_same_cell_revealed_impact.sh	523	ad71e8d52398106d4f9a327b9d5a0f92fae7e8e095368fd64bd6181de724c3ea
outputs/publication_package/scripts/generated_geo_promotion_downloads/download_gse235509_geo_gse235509_arabidopsis_thaliana_multiome_same_cell_revealed_impact.sh	523	936d61d64c40318bb9fc46061ce01335939c0b77489cb791f8572ab9825bccc7
outputs/publication_package/scripts/generated_geo_promotion_downloads/download_gse235510_geo_gse235510_arabidopsis_thaliana_multiome_same_cell_revealed_impact.sh	523	ecaf0f6375942be3e124d055d8ba09fe73febb776d22961c36100707ae4c39b9
outputs/publication_package/scripts/generated_geo_promotion_downloads/download_gse240098_geo_gse240098_medicago_truncatula_spatial_co_transcriptomics_reveals_discrete.sh	542	3eba030a168b4c7f70c5caeee1484637bd90dd20e310c5aa8bbe44343f637a5d
outputs/publication_package/scripts/generated_geo_promotion_downloads/download_gse240102_geo_gse240102_medicago_truncatula_spatial_co_transcriptomics_reveals_discrete.sh	542	c90e9f33f5fd9807480ce0b9176cff4bab4a0b3ba69b82c204a1a94812d36d9e
outputs/publication_package/scripts/generated_geo_promotion_downloads/download_gse241573_geo_gse241573_arabidopsis_thaliana_synthetic_deconvolution_an_auxin_dependent.sh	543	4f5af95aae75097ddfb9328ebb5508c50920fef5a6e08aa9d0f762458ed60e0f
outputs/publication_package/scripts/generated_geo_promotion_downloads/download_gse243174_geo_gse243174_glycine_max_single_cell_multiomic_profiling_soybean.sh	510	65cff1bb656389d8ed51f1168c20c814ff52aea377f34590f047350a647b1cdd
outputs/publication_package/scripts/generated_geo_promotion_downloads/download_gse255880_geo_gse255880_arabidopsis_thaliana_time_series_single_nuclei_rna.sh	520	cecab38ef11d8084eb5d3903dc6eadc99d7a38fd0c64ccb10ac63548042deb5c
outputs/publication_package/scripts/generated_geo_promotion_downloads/download_gse261441_geo_gse261441_arabidopsis_thaliana_a_single_nuclei_transcriptome_census.sh	527	5940c289484e3466479dc3126e5a14fba0ab2a36822a6f4a358d6fd48e628de9
outputs/publication_package/scripts/generated_geo_promotion_downloads/download_gse262840_geo_gse262840_arabidopsis_thaliana_single_cell_rna_seq_data.sh	513	044c31c18417ab0adb8bc409d8e77c0242daa13a6c2e59da4df2e3584ad42a5f
outputs/publication_package/scripts/generated_geo_promotion_downloads/download_gse266007_geo_gse266007_zea_mays_wuschel_dependent_cis_regulation_maize.sh	515	1b739ac56ec42f88352fc780f72d4c5ab9165f00611914f11ef0643c1207f277
outputs/publication_package/scripts/generated_geo_promotion_downloads/download_gse267159_geo_gse267159_populus_trichocarpa_single_cell_spatial_multi_omics.sh	518	a9a8a6c678fa41ece16794f5c92534607c2f72856657909f4811fed24c7d4cc8
outputs/publication_package/scripts/generated_geo_promotion_downloads/download_gse269624_geo_gse269624_arabidopsis_thaliana_glutathione_accelerates_cell_cycle_cellular.sh	544	20a7c827d00026850216727c637c578d7584419ea8487f70a2e9fecc28893162
outputs/publication_package/scripts/generated_geo_promotion_downloads/download_gse270392_geo_gse270392_glycine_max_a_spatially_resolved_multiomic_single.sh	520	bd2607af26ade0eac02a9789ff033621d3d478fe026e1a165baa14541885bd84
outputs/publication_package/scripts/generated_geo_promotion_downloads/download_gse270866_geo_gse270866_zea_mays_kil_transcription_factors_facilitate_embryo.sh	510	f52558bd70f228df1c2b13b8f0f564771575b7be7aedd1df0ee6d96cb355dc8d
outputs/publication_package/scripts/generated_geo_promotion_downloads/download_gse271725_geo_gse271725_triticum_aestivum_a_soil_grown_wheat_root.sh	506	cbeda30fb14c5ca5cc2e1a5961bfecbc41bece435b91fa46dc5a7ae1a5327e70
outputs/publication_package/scripts/generated_geo_promotion_downloads/download_gse273033_geo_gse273033_arabidopsis_thaliana_dual_spatially_resolved_drought_responses.sh	530	f548ebe15ccf2c46604466e423d62bb9d5ec86783511f85ef4eb48bed455e2f1
outputs/publication_package/scripts/generated_geo_promotion_downloads/download_gse273478_geo_gse273478_zea_mays_genetic_architecture_cell_type_specific.sh	653	ba3bf4ae310aa20ed8bce6d2720b710d1e25d3f205adec9d1d4faf21e1f64a48
outputs/publication_package/scripts/generated_geo_promotion_downloads/download_gse273722_geo_gse273722_camellia_sinensis_transcriptional_landscape_camellia_sinensis_root.sh	532	f87e7c0b47109e0715b79f3295d10e6dab154c0bebdc8cfb4598838bc954574c
outputs/publication_package/scripts/generated_geo_promotion_downloads/download_gse273875_geo_gse273875_oryza_sativa_a_single_cell_multiomics_atlas.sh	652	c444adde6d90f30051f4277b0c6658ae62d45c5781687687fad7fe93a3b1a402
outputs/publication_package/scripts/generated_geo_promotion_downloads/download_gse275267_geo_gse275267_arabidopsis_thaliana_an_antagonistic_epigenetic_mechanism_regulati.sh	548	82c0cbe1fa3fc7a339b6bf2cc1518633c532fb4bc11a91340a64767536fa2a1a
outputs/publication_package/scripts/generated_geo_promotion_downloads/download_gse275409_geo_gse275409_zea_mays_genetic_architecture_cell_type_specific.sh	653	7f8c3184b335b15356dab283bec6586e6d27b197d00a03e839076505834d824e
outputs/publication_package/scripts/generated_geo_promotion_downloads/download_gse275693_geo_gse275693_arabidopsis_thaliana_an_antagonistic_epigenetic_mechanism_regulati.sh	548	7a25e3dcfebf091d0b9a01f5a5b016061483bfb59a4d54668b56e80e5a6a36d3
outputs/publication_package/scripts/generated_geo_promotion_downloads/download_gse275698_geo_gse275698_arabidopsis_thaliana_single_nucleus_methylcytosine_transcriptome_s.sh	555	3f87e94be7c2488a812e82c95f268a2dde5f38cfe8f6b8edb7414e62a01c37da
outputs/publication_package/scripts/generated_geo_promotion_downloads/download_gse283835_geo_gse283835_populus_tremula_single_nuclei_transcriptomic_bulk_rna.sh	531	789c3e20891bdf85c5b855f90a1f7add597ae36e3f81d9070109dad332729204
outputs/publication_package/scripts/generated_geo_promotion_downloads/download_gse303744_geo_gse303744_arabidopsis_thaliana_drought_recovery_plants_triggers_a.sh	556	5552434dc7db0c4da3304f4f77c435263e693e5623a0ebc7bd09b5f51e393a84
outputs/publication_package/scripts/generated_geo_promotion_downloads/download_gse303996_geo_gse303996_arabidopsis_thaliana_histone_deacetylases_cell_cycle_regulators.sh	531	1c6d6af6d8f32f657b75ff2dadda6da50fb15258364429879b01c7c6c2c6a5cf
outputs/publication_package/scripts/generated_geo_promotion_downloads/download_gse308672_geo_gse308672_arabidopsis_thaliana_discrete_cell_specific_hypoxic_responses.sh	529	e34d1b0525ec9357cec0cd9081102c31ee9490841fffe03e2ec422bddc8dc6d8
outputs/publication_package/scripts/generated_geo_promotion_downloads/download_gse49607_geo_gse49607_cucumis_sativus_transcriptome_profiling_reveals_roles_meristem.sh	523	de40fa5f55ab7d7017423e7d2903d268c03ac0b8c5fe874ba5e699b3e6402dbf
outputs/publication_package/scripts/generated_geo_promotion_downloads/download_gse90142_geo_gse90142_glycine_max_divergent_cytosine_dna_methylation_patterns.sh	512	843d8ac6089f226e03a3c55379eb2f5755aa4850ab1d882ab3c9c7d0ca0882cd
outputs/publication_package/scripts/generated_geo_promotion_downloads/queue_geo_promotion_downloads.sh	9840	7baf0fb9e82f7ac19c6fbfe105e1fafc9d38d840712011b0e56cdbc27c619033
outputs/publication_package/scripts/generated_geo_promotion_downloads/start_geo_promotion_queue.sh	809	da73cd4c87c3e908ff22a818bf527d164cd451dfb62162b7f3e2cc765935ff8d
outputs/publication_package/scripts/geo_10x_to_npz.py	9259	34d71b13916c4d1038512c8fd22d6fcd4520c940648d48d603a65a9312d8141e
outputs/publication_package/scripts/geo_mtx_tar_to_npz.py	6800	ce0f7c1f4a496156fd7b1a86dc5533fc81262061a39f7b1acc06393fd420af52
outputs/publication_package/scripts/geo_page_download_urls.py	3074	f83081e5e5826dd18f3585ad8a78f9f6e4382f6388fb13fa8da55d4e3c9a6168
outputs/publication_package/scripts/inspect_seurat_slots_without_signac.R	5829	235f41a7c8662c91d302fb296c17c9e291f6be2c7cb7002ccbfae7aa516f58cf
outputs/publication_package/scripts/monitor_snowcell_server.sh	5444	956a10768cec5fcbe7523c2f900a6311f82bec9dc3e4a74828e4eca79da3b8d3
outputs/publication_package/scripts/prepare_scplantllm_public_sprint_input.sh	2383	74fa5796fb4c36c083f741bda3b0de509d87da41f10829a648a0320ef9a8d804
outputs/publication_package/scripts/probe_scplantdb_h5ad_sizes.py	11675	482e397b219d82b0bad00c2b51668b6fa599012d9b88503bc53fea57a60eb71f
outputs/publication_package/scripts/push_github_release.sh	383	a817ec536953939dcf6b440e9daaf60c5e9ca46d0408dc736bff549eb8ab6587
outputs/publication_package/scripts/queue_gse336751_marchantia_spore_when_idle.sh	1618	340750a32a7abf7bd94ed653939e1f321439adb8c0a56e505fff1b17e20e9138
outputs/publication_package/scripts/queue_late_public_mlm_refresh.sh	9249	aa4e0d3079d961b1a2add3bc3af73f50e17e47729bf1191d3cb89ea691c35272
outputs/publication_package/scripts/queue_public_mlm_expansion.sh	5453	e94d90aa076fa9a6ee355438046d401112e5fc970b9bfe78fa4f509d5aaca015
outputs/publication_package/scripts/queue_reviewed_geo_downloads.sh	6139	da9160064dd87edccf8fe04269a4129509293a84edc198f21e6a10f6a927f0f6
outputs/publication_package/scripts/queue_scplantdb_budgeted_h5ad_download.sh	3334	e0d22dc8d8e9c6f927030630885438de2d52801608c56e719708c102a5a39199
outputs/publication_package/scripts/restart_geo_promotion_worker.sh	1343	bce457dcd9a8205c0f1fe4b4f77f19db8fd4a206bee0518e18ad1100773c1445
outputs/publication_package/scripts/review_geo_supplementary_candidates.py	17455	72c25e096e9e9ec98b87b6384dffc139209793c014b0f7839034897aedc6a4ef
outputs/publication_package/scripts/review_geo_supplementary_candidates.sh	1293	5061a5a5d9ffc49c2972292866603b355d1ea9497961d8b820c889d3b95198a9
outputs/publication_package/scripts/run_gse226826_without_signac_recovery.sh	2158	edbc1b46dcc10ee8d20930227c6f62097b92989c7e0198be918adc2d2292f82f
outputs/publication_package/scripts/run_post_training_release_artifacts.sh	3867	bf1c36e558164747d1c37a00b4bf3ae0e951a2a1cad7b1275515b318a168a4e6
outputs/publication_package/scripts/run_scplantannotate_authenticated_benchmark.py	23834	c16dfea3a2b93379a7d74b1304f89e31074c8d9347350f17d8fa088984bb2a72
outputs/publication_package/scripts/run_scplantllm_embedding_centroid_probe.py	20915	3fecea238603b93f6c8c523752a3ca21b64fb0644afdbea8b2a56d0acbbabca2
outputs/publication_package/scripts/run_scplantllm_preprocess_probe.sh	2344	0868e24099b1b7e12d15612258a0a16e4a87202e2cc707600ef6dc66ed4d141d
outputs/publication_package/scripts/run_seurat_label_transfer_benchmark.R	4000	1bd404e42d105b686bddcc97988dbfe8d6e498318646454becfe171ec66b592f
outputs/publication_package/scripts/run_strict_benchmark_audits.sh	3222	21bc9fe7609481f94383127ee6da67bd1406415b1b9bc742bda2123392838a2a
outputs/publication_package/scripts/start_gse226097_lifecycle_subset.sh	900	9c3e36c0387e8c9b9bd5b0813524d00a5c6d8b1530670c82d8425e9bb2f9aef5
outputs/publication_package/scripts/start_gse226097_lifecycle_watchdog.sh	624	581ec1a3427b5aa28df2bae365d430e9faa389ef5f795fc2916bd94b18a37681
outputs/publication_package/scripts/start_late_public_refresh_queue.sh	525	02f6b186180d016d8f9c955396915450b011eda564dee2851cd49ee0ad1ea86f
outputs/publication_package/scripts/start_public_discovery_refresh.sh	1050	7247d5f88c3fe5b923560427b1b1a459d1a53f05d42cfcac9fc5cf4ea65c617b
outputs/publication_package/scripts/start_public_mlm_continuation_package_watchdog.sh	1208	bf67fb97c855f06fc41d806a50262f02c338e7c24e12ac407ef55c117cc4f078
outputs/publication_package/scripts/start_public_mlm_continuation_training.sh	3864	edd3540f8d0fa890090febe089a6d622e1458d3f0274f142b42c5facd90cadb5
outputs/publication_package/scripts/start_public_mlm_continuation_watchdog.sh	864	4b853625c39ad428a86893edacd3a53f83390928aa425acf254df9c467c712ef
outputs/publication_package/scripts/start_public_mlm_training.sh	862	8160733fb94bf47c8872afbc60f9ebd3c0087de448ebae695889c447c2f6abac
outputs/publication_package/scripts/start_public_mlm_v0_4_after_v0_3_watchdog.sh	713	0a3c40ea3ce2dfef7cef5a8bc95d0a5b4905c1168308597d8c4717bb407f7cd5
outputs/publication_package/scripts/start_public_queues.sh	1785	cee0cb878466e5a0ac615bcc0666524089c235d4c55a8b4be7c882a07255a1f7
outputs/publication_package/scripts/start_public_safe_init_training.sh	2721	cb420fb70b3b3593dcbf715ff979e3526b6ee6e009d805bafa5e24673d37bb82
outputs/publication_package/scripts/start_publication_package_watchdog.sh	779	c508afb7bd6b975e2c1bcf72477001580e481b2e56274f7b7a0ac4903aae26cd
outputs/publication_package/scripts/start_reviewed_geo_queue.sh	571	8523c56a58c00561c3dcfd889f5d428815c5d2b3717edd8f6a0be6eed316a35f
outputs/publication_package/scripts/start_saussurea_metadata_collection.sh	668	f4d2622151a0d48ae0bf2f6cfdb966a066a27d425c3ad9dbb94a0c9633ff6a34
outputs/publication_package/scripts/start_scplantdb_budgeted_h5ad_queue.sh	1411	76afd2cca11368a91fab57fba06a9dba95997a5082bf1ec9744f5a6ad8f3a7e5
outputs/publication_package/scripts/start_seurat_public_sprint_benchmark.sh	1170	0463af73bfe3e18989df6e7562a0fc542d9b2cdc098c8b5a3b337397354fcd46
outputs/publication_package/scripts/tenx_h5_to_npz.py	6665	b6af9a51c5b9a1d17f3232a6a5e548518eef72572f0c6c6bf2c53b515daabf1d
outputs/publication_package/scripts/validate_experiment_configs.py	702	f374fcb654efe01398494f031ebb999ba14a153883f599c17135ed5f11bee9b3
outputs/publication_package/scripts/validate_saussurea_h5ad_contract.py	9884	808affd2bcd08d9289d9a002d0553c7aa3fc0e4d670c43ee4733a133dcf10d1f
outputs/publication_package/scripts/watch_gse226097_lifecycle_subset.sh	496	6b88239673fe05675cd6a0b372d67d525ce02f10376e2e6a8519649ff3527adb
outputs/publication_package/scripts/watch_public_mlm_continuation.sh	1338	cce2739e1cb1a5df41a2a6bb2dd4f714e08ba55b89ca2aa6fbd150ed572a3369
outputs/publication_package/scripts/watch_public_mlm_v0_4_after_v0_3.sh	4003	899c1b138a055ec53f4f4881dcae2da7315f2328d08d332459af9db2e54735db
outputs/publication_package/scripts/watch_publication_package_refresh.sh	2579	e2559b1926eec1d3782bdbba9884bcb6b3b04a3cfe1071ca0a1af164671b7507
outputs/publication_package/scripts/watch_safe_mlm_refresh.sh	3116	d532ca7112736773c595468e751fcf61b75d4089c401ed15e597b5024b58280f
outputs/publication_package/scripts/write_annotation_bundle_index.py	6199	5f05cd00703edc4f5f7ab126d99beea0bde0a0b69a2e3a4f52476dfa638715b8
outputs/publication_package/scripts/write_artifact_checksums.py	8508	5bf58b69e52fd48872698576919b83a373dde29e8eb4be7fbc255df971493d0d
outputs/publication_package/scripts/write_benchmark_gap_audit.py	10127	43bf96b43e08ff9217f032bbf839b53605f69f165af766ad8bd8f4e4cf60b28d
outputs/publication_package/scripts/write_corpus_provenance_audit.py	12553	95443bffc1798aa3be36ac6de2d68e3730d34c97415a8c5947797c5bca15f7b2
outputs/publication_package/scripts/write_data_availability_package.py	7052	628f5515a68e665ec3110b201fda9f3c9c375c7dee6d0987b920ea3eea973919
outputs/publication_package/scripts/write_download_progress_audit.py	21546	40caf3c757e48dad920ed1dd0140216c445f05b69223173983f6155a334825ad
outputs/publication_package/scripts/write_environment_snapshot.py	5493	f9bab7e077b1438f20ff514091bd9a082784c7a53ba2bae7545f0fb64f2a4a6b
outputs/publication_package/scripts/write_external_tool_environment.py	8182	6b918092b822ebd2f42739d0d12aa201e50875257ed6afbca040643d03546011
outputs/publication_package/scripts/write_geo_manifest_promotion_candidates.py	12396	9ed78e40d1a4f2a7565cc08b51a327836e3a77d1b60609186dded5809cb27415
outputs/publication_package/scripts/write_geo_promotion_download_wrappers.py	17509	747c30cb8f8bbdbed8b5455c0c831669078205ff24878ffc4baff7562c295918
outputs/publication_package/scripts/write_geo_promotion_queue_health_audit.py	14898	25295d71907a1445249deb50a00a92d4e4a2b8dab18225f11c39f7c87f4f133b
outputs/publication_package/scripts/write_modality_compatibility_audit.py	18925	4bf4becf39df9724abe08b034d48c9c7be7236da36c4583fb2fd637382e9bd5b
outputs/publication_package/scripts/write_model_data_card.py	7906	819319071345c27299b2cc3746e80ebdc225f18af2a9c38994e428f14253baca
outputs/publication_package/scripts/write_model_release_manifest.py	8608	641ff5215a718c65806740cf527a3a85fd3c70fd8b7500123db4fc6262d04fbd
outputs/publication_package/scripts/write_npz_corpus_manifest.py	1799	5fbedfc7797b554504002cd8bec9c10718e3dc34e38483c09888b7dd623cb97e
outputs/publication_package/scripts/write_pending_corpus_additions.py	4663	99596d771c1fc858f3157a92f0473202d3d391fc022ae9a1162e988243572a37
outputs/publication_package/scripts/write_public_discovery_gap_audit.py	19702	336a4f018db91c0a6d773a41de7a08a34d84b46a437dbc702dd5b489b42dea7c
outputs/publication_package/scripts/write_public_mlm_plus_readiness.py	11864	79bf730148767d751f7a24cd496a2ef0fd755f8e9fc4778006c11d2d9407ba65
outputs/publication_package/scripts/write_public_mlm_v0_4_config.py	1996	506c35c599a2828fcd6fe299444d6096e10f457cb71f8b33cc32de49da80e867
outputs/publication_package/scripts/write_rds_unsupported_manifest_from_inspection.py	6012	82c1e5e9a3cc5215d8568d4bbc4621fa4c69b78257cd36c326d66a40abdf80a5
outputs/publication_package/scripts/write_saussurea_data_request_package.py	11881	88d98fdeb7b173a568c94859dfe2491be8bf60f576baf69a470fbf3c50d60fd0
outputs/publication_package/scripts/write_saussurea_public_data_discovery.py	17407	83953e58ede4d0e45009d033f90de9688a49842d41e0df79b28648d188a174e3
outputs/publication_package/scripts/write_saussurea_supporting_evidence.py	12475	875c0178cccb6ca7e47a2e137285114062d742ba8ac3936d0e09f36440d7f7d4
outputs/publication_package/scripts/write_scplantannotate_access_audit.py	12302	daef983043732f870b4065fb2ef983add7d3ec2a98df87dbfd66a4d33764ad0c
outputs/publication_package/scripts/write_scplantannotate_benchmark_package.py	10800	05f7fb28e56462a43b28cdf48c014012462c10a0d0d56e063561feeb752489d0
outputs/publication_package/scripts/write_scplantdb_manifest_audit.py	8307	5d85595c6cc341186625b1c545bd14df735e54d414fb51856b6fb12d0f10bec4
outputs/publication_package/scripts/write_scplantllm_input_readiness.py	8076	b5c187d26b07e794f0c59c56c2282a57d9e059901737c4e20807a7dc2d3f80ab
outputs/publication_package/scripts/write_status_summary.py	26984	01dd5c9bc313cdc2d13ac3f12f78450ff3cdeab445ed6c832f954b220a383c2b
outputs/publication_package/scripts/write_submission_action_plan.py	22566	5da6f56f1ad6c050aabbe6a4d735edffd22216614803d5694678ad406edc3e3f
outputs/publication_package/scripts/write_submission_dossier.py	32221	d275124e924d96bf1397e4c62aca654b6784985990cc631c85b004d8ac1034a7
outputs/publication_package/scripts/write_top_journal_readiness_matrix.py	17572	34e90d6a72ef8307f89af2e5361fc689aa556a01fe23975c688fdbf418c7dc03
outputs/publication_package/scripts/write_training_curve_summary.py	10497	668b0a7c2483756bbb3b1853779acb141460c16023c65debe0c766363ca3b354
outputs/publication_package/scripts/write_training_health_audit.py	15086	1f93e224ccb33e25b0c214e07de41a8b76b786a0af87ee9ec7fdb51fc67df4bf
outputs/publication_package/scripts/write_transfer_queue_health_audit.py	11918	d6d8dfe2a9b82b981ce2ddd12884953adfc50e0d29383ab57f22b69806cad056
outputs/publication_package/status_summary.json	270689	600038c3b21a319bbdfa031053045d841237b70697349e42a9525ff945014a8e
outputs/publication_package/submission_action_plan.json	6401	8feca9a9eec24b8870e8924ad98757b4e057eee69f6b14e0e22376297d604908
outputs/publication_package/submission_action_plan.md	3535	92aa9d1b87868bb4c3908e3e1f8a678bedd6ca20f9d50ec7177c09a757d286c5
outputs/publication_package/submission_action_plan.tsv	4724	722e5dde81472b67a3aab0853154e6227f66023aa64fcb2937fb9582779cd01a
outputs/publication_package/submission_dossier.json	11185	e36ab1668fec862c22f3abc0def11808776acfd10c513086e64f5d8b831ec09a
outputs/publication_package/submission_dossier.md	7206	69016e0318a6573ae26753efdc02b85781ced5e4f55dece75673bf0e65149308
outputs/publication_package/top_journal_readiness_matrix.json	70698	c9c941faf257f944e01aa5af889ea02d51b3de6eb2bf2e637a0d8b463b2801e9
outputs/publication_package/top_journal_readiness_matrix.md	9802	ff2b957ddbaa864d9edc8edabfdfb3197def92acdad9324ecaf8a2f6eaa5b8cf
outputs/publication_package/training_curve_summary.json	83473	0cea59d480ac635ad07c03ee966c547367b1e0c87e00c26857877dfb5738ffd5
outputs/publication_package/training_curve_summary.md	1660	391573af8875808fec557cb557aa621bd5be0035abb51494cc5f9360692ab394
outputs/publication_package/training_curve_summary.png	159350	90008836ec0706c5b52de16d0800ac6b84d0877498d0938cdbc4b39b137c8d21
outputs/publication_package/training_curve_summary.tsv	8012	9b431e301467effa24e1a9c22b90189608d8fe2a31df49e6234999b3723d13b6
outputs/publication_package/training_health_audit.json	37285	d9848627d61b92343a0afefdbb7232ec771e6f3569fa65bff0a4b9bf8a6504d4
outputs/publication_package/training_health_audit.md	6106	e6fc62c834c9f47c15655d8653381d5d07f867e5fa1f78596ce3e1e1ab302b36
outputs/publication_package/transfer_queue_health_audit.json	22007	9f0884c6b3d3be768db4e1eb4227e8782e9c4a4691f1eef5b1868c2ed3cd6bdf
outputs/publication_package/transfer_queue_health_audit.md	2504	04a8a3920778c6f9072db854dc45f9edda9e815896518001a950e9c803965d22
outputs/smoke/best.pt	511199	a912aeb3ea09a17c00354e39f5cdafa72aa16c8eafdcb4062a04b77ec97a2b68
outputs/smoke/config.resolved.json	1818	e7fad095615d07da9b04bf6b7efaf142a6171dbff15fa49586d39f6fe6630423
outputs/smoke/history.json	2259	0b587364657a6966e08e988118540cfc9a699b78fcb10683d1b9d387f7624f5c
outputs/smoke/test_metrics.json	401	b24791da85a4030011e41da04d0f7e25f89b400fea4aa4fe93d961b6bf6dc449
outputs/strict_benchmarks/leaveout_brassicaceae_dataset.split_audit.json	562953	4a1b2258ed61c7bf32d1bedd3c09c6847e9f92371de2fdbc79c5fc5761ebddb8
outputs/strict_benchmarks/leaveout_brassicaceae_dataset_available.split_audit.json	6551	e6f3fa9009e09f352c1928c7207e772957c4cae2337fa4c6bee72b46827d6bdd
outputs/strict_benchmarks/leaveout_eutrema_species.split_audit.json	560004	3fd00bc335e3f6591ccb58c9b9814e57089d9352054182a5379d2b5233855197
outputs/strict_benchmarks/leaveout_srp169576_sample.centroid_baseline.json	512566	ecc4e47dff5168abfab50392a06a0a37bf07de8acb62bffbfb6a76613f6efb83
outputs/strict_benchmarks/leaveout_srp169576_sample.split_audit.json	556607	e664c305e76b4785740d9df3ff1b4083e5bba4a08f83d4a4c689de7cb693b0fa
outputs/strict_benchmarks/public_sprint.marker_candidates.json	4511	a01e13d72cd7c1f4c1a45c9f837dd1895046e6f304d85b9cb3c79d36c2b3aa6b
outputs/strict_benchmarks/public_sprint.marker_candidates.tsv	41800	5796b89543bbee4a9adf540b3b18b2a338dc00db8cc64e32005847a4245f2ba0
outputs/strict_benchmarks/public_sprint_group_random.centroid_baseline.json	1310	a6fc98cee512b5bbd0b68578b36965ef53e7e36371aec3e4a5deffc4272d028b
outputs/strict_benchmarks/public_sprint_group_random.split_audit.json	4367	0495aa5e41cf46e63331fed7fe87043a45e29a2955e780f3c1dbf0c31a680370
scripts/generated_geo_promotion_downloads/download_gse157757_geo_gse157757_zea_mays_single_cell_sequencing_reveals_phloem.sh	502	69baac863f393110f216b8256b6e9d48ea327b2d1f67afab0d1a395703272072
scripts/generated_geo_promotion_downloads/download_gse157758_geo_gse157758_zea_mays_single_cell_sequencing_reveals_phloem.sh	502	61a2b74ec2def15604b3015c0e695753e9a4cf843cc1d2b68cf353211364882e
scripts/generated_geo_promotion_downloads/download_gse180121_geo_gse180121_eucalyptus_grandis_single_cell_transcriptomics_unveils_xylem.sh	596	b37beab8ffdf848a655a4b315f733a08facba293c72b1310e27f1931d85ccb18
scripts/generated_geo_promotion_downloads/download_gse180121_geo_gse180121_liriodendron_chinense_single_cell_transcriptomics_unveils_xylem.sh	599	de63478039f140d573df06f4d95d17cedd5f539ffdcc5c3d912b578a89188874
scripts/generated_geo_promotion_downloads/download_gse182507_geo_gse182507_medicago_truncatula_single_cell_rna_sequencing_medicago.sh	522	f87d44149856f3bba347cbff82ec147a62462cc2fbcb3a09ca7ef0e2915bdabb
scripts/generated_geo_promotion_downloads/download_gse190649_geo_gse190649_populus_tremula_single_nuclei_transcriptomic_populus_tremula.sh	550	ea612ac6b0a551f8373ef976369a944a07a5ca6f6c87659a185193fb2cdb0d7b
scripts/generated_geo_promotion_downloads/download_gse196882_geo_gse196882_zea_mays_spatial_transcriptomics_maize_embryonic_leaves.sh	511	0286648a03ac8c8be58b0a88f630db531aaa4ad5599e7194d4ab92b7bc6c5f4a
scripts/generated_geo_promotion_downloads/download_gse201640_geo_gse201640_zea_mays_decoding_gene_regulatory_network_endosperm.sh	519	a8a24d50b2ceb540f8cf0879b3b15199c91863143bc1e87520bf43215d5bc1f8
scripts/generated_geo_promotion_downloads/download_gse201700_geo_gse201700_zea_mays_decoding_gene_regulatory_network_endosperm.sh	519	b2ec43794c7864deb04a159a839c45d0166ba3f02efe40d45995b5b8d48f8dfb
scripts/generated_geo_promotion_downloads/download_gse201931_geo_gse201931_solanum_lycopersicum_high_throughput_single_cell_transcriptome.sh	532	541aeb4fe02853cbb38b5209dad82cbee586a24271e8fa91cfd4f9b231774b23
scripts/generated_geo_promotion_downloads/download_gse210881_geo_gse210881_medicago_truncatula_gene_expression_profile_at_single.sh	657	ef98f359eb1c9cfc750d6df099d1320895efad6f496d5df389e396fa84217783
scripts/generated_geo_promotion_downloads/download_gse220277_geo_gse220277_arabidopsis_drought_recovery_plants_triggers_a.sh	515	168f9af741b15d46c50785f2f7a2f4a4ff45b9a82de3078c2af40c1f66c4d0bd
scripts/generated_geo_promotion_downloads/download_gse222584_geo_gse222584_oryza_sativa_single_cell_sequencing_revealed_cell.sh	521	9267c66d7f2b0d2264bdb5e9737fd07ccbaf9149cfead17511a55e0bda19963c
scripts/generated_geo_promotion_downloads/download_gse224228_geo_gse224228_triticum_aestivum_a_quantitative_computational_framework_allopolyp.sh	547	4a1ad5093c2fe6529e92332ab7244f5e31225bab9ed32e6537b8c0c6e960e5ed
scripts/generated_geo_promotion_downloads/download_gse224539_geo_gse224539_medicago_truncatula_single_cell_transcriptome_program_nodule.sh	539	3c3ae26755b66ec07e5e4d3450be60a926a3bc8844d08ef8a8376b8ac91460f5
scripts/generated_geo_promotion_downloads/download_gse226149_geo_gse226149_glycine_max_gene_expression_profile_at_single.sh	504	ef6c017aa55c09e0559cf4cdccdf1ae766de3148c0b47320bc4d28396def87e8
scripts/generated_geo_promotion_downloads/download_gse226826_geo_gse226826_arabidopsis_thaliana_time_resolved_single_cell_spatial.sh	671	753f99ca69a34211b12dde11c933d1390d6b530c48db68eba3e0ffbdd24f494b
scripts/generated_geo_promotion_downloads/download_gse232863_geo_gse232863_oryza_sativa_a_single_cell_multiomics_atlas.sh	515	09242bc000bcd4ac709bdd211e2a34ff97f5651bf27f0e1b8cc8f107624e20ac
scripts/generated_geo_promotion_downloads/download_gse235494_geo_gse235494_arabidopsis_thaliana_multiome_same_cell_revealed_impact.sh	523	02f629028723dd4d8621c2538fe8837e9acdd556a13d801c5846a7bfecce4937
scripts/generated_geo_promotion_downloads/download_gse235495_geo_gse235495_arabidopsis_thaliana_multiome_same_cell_revealed_impact.sh	523	ad71e8d52398106d4f9a327b9d5a0f92fae7e8e095368fd64bd6181de724c3ea
scripts/generated_geo_promotion_downloads/download_gse235509_geo_gse235509_arabidopsis_thaliana_multiome_same_cell_revealed_impact.sh	523	936d61d64c40318bb9fc46061ce01335939c0b77489cb791f8572ab9825bccc7
scripts/generated_geo_promotion_downloads/download_gse235510_geo_gse235510_arabidopsis_thaliana_multiome_same_cell_revealed_impact.sh	523	ecaf0f6375942be3e124d055d8ba09fe73febb776d22961c36100707ae4c39b9
scripts/generated_geo_promotion_downloads/download_gse240098_geo_gse240098_medicago_truncatula_spatial_co_transcriptomics_reveals_discrete.sh	542	3eba030a168b4c7f70c5caeee1484637bd90dd20e310c5aa8bbe44343f637a5d
scripts/generated_geo_promotion_downloads/download_gse240102_geo_gse240102_medicago_truncatula_spatial_co_transcriptomics_reveals_discrete.sh	542	c90e9f33f5fd9807480ce0b9176cff4bab4a0b3ba69b82c204a1a94812d36d9e
scripts/generated_geo_promotion_downloads/download_gse241573_geo_gse241573_arabidopsis_thaliana_synthetic_deconvolution_an_auxin_dependent.sh	543	4f5af95aae75097ddfb9328ebb5508c50920fef5a6e08aa9d0f762458ed60e0f
scripts/generated_geo_promotion_downloads/download_gse243174_geo_gse243174_glycine_max_single_cell_multiomic_profiling_soybean.sh	510	65cff1bb656389d8ed51f1168c20c814ff52aea377f34590f047350a647b1cdd
scripts/generated_geo_promotion_downloads/download_gse255880_geo_gse255880_arabidopsis_thaliana_time_series_single_nuclei_rna.sh	520	cecab38ef11d8084eb5d3903dc6eadc99d7a38fd0c64ccb10ac63548042deb5c
scripts/generated_geo_promotion_downloads/download_gse261441_geo_gse261441_arabidopsis_thaliana_a_single_nuclei_transcriptome_census.sh	527	5940c289484e3466479dc3126e5a14fba0ab2a36822a6f4a358d6fd48e628de9
scripts/generated_geo_promotion_downloads/download_gse262840_geo_gse262840_arabidopsis_thaliana_single_cell_rna_seq_data.sh	513	044c31c18417ab0adb8bc409d8e77c0242daa13a6c2e59da4df2e3584ad42a5f
scripts/generated_geo_promotion_downloads/download_gse266007_geo_gse266007_zea_mays_wuschel_dependent_cis_regulation_maize.sh	515	1b739ac56ec42f88352fc780f72d4c5ab9165f00611914f11ef0643c1207f277
scripts/generated_geo_promotion_downloads/download_gse267159_geo_gse267159_populus_trichocarpa_single_cell_spatial_multi_omics.sh	518	a9a8a6c678fa41ece16794f5c92534607c2f72856657909f4811fed24c7d4cc8
scripts/generated_geo_promotion_downloads/download_gse269624_geo_gse269624_arabidopsis_thaliana_glutathione_accelerates_cell_cycle_cellular.sh	544	20a7c827d00026850216727c637c578d7584419ea8487f70a2e9fecc28893162
scripts/generated_geo_promotion_downloads/download_gse270392_geo_gse270392_glycine_max_a_spatially_resolved_multiomic_single.sh	520	bd2607af26ade0eac02a9789ff033621d3d478fe026e1a165baa14541885bd84
scripts/generated_geo_promotion_downloads/download_gse270866_geo_gse270866_zea_mays_kil_transcription_factors_facilitate_embryo.sh	510	f52558bd70f228df1c2b13b8f0f564771575b7be7aedd1df0ee6d96cb355dc8d
scripts/generated_geo_promotion_downloads/download_gse271725_geo_gse271725_triticum_aestivum_a_soil_grown_wheat_root.sh	506	cbeda30fb14c5ca5cc2e1a5961bfecbc41bece435b91fa46dc5a7ae1a5327e70
scripts/generated_geo_promotion_downloads/download_gse273033_geo_gse273033_arabidopsis_thaliana_dual_spatially_resolved_drought_responses.sh	530	f548ebe15ccf2c46604466e423d62bb9d5ec86783511f85ef4eb48bed455e2f1
scripts/generated_geo_promotion_downloads/download_gse273478_geo_gse273478_zea_mays_genetic_architecture_cell_type_specific.sh	653	ba3bf4ae310aa20ed8bce6d2720b710d1e25d3f205adec9d1d4faf21e1f64a48
scripts/generated_geo_promotion_downloads/download_gse273722_geo_gse273722_camellia_sinensis_transcriptional_landscape_camellia_sinensis_root.sh	532	f87e7c0b47109e0715b79f3295d10e6dab154c0bebdc8cfb4598838bc954574c
scripts/generated_geo_promotion_downloads/download_gse273875_geo_gse273875_oryza_sativa_a_single_cell_multiomics_atlas.sh	652	c444adde6d90f30051f4277b0c6658ae62d45c5781687687fad7fe93a3b1a402
scripts/generated_geo_promotion_downloads/download_gse275267_geo_gse275267_arabidopsis_thaliana_an_antagonistic_epigenetic_mechanism_regulati.sh	548	82c0cbe1fa3fc7a339b6bf2cc1518633c532fb4bc11a91340a64767536fa2a1a
scripts/generated_geo_promotion_downloads/download_gse275409_geo_gse275409_zea_mays_genetic_architecture_cell_type_specific.sh	653	7f8c3184b335b15356dab283bec6586e6d27b197d00a03e839076505834d824e
scripts/generated_geo_promotion_downloads/download_gse275693_geo_gse275693_arabidopsis_thaliana_an_antagonistic_epigenetic_mechanism_regulati.sh	548	7a25e3dcfebf091d0b9a01f5a5b016061483bfb59a4d54668b56e80e5a6a36d3
scripts/generated_geo_promotion_downloads/download_gse275698_geo_gse275698_arabidopsis_thaliana_single_nucleus_methylcytosine_transcriptome_s.sh	555	3f87e94be7c2488a812e82c95f268a2dde5f38cfe8f6b8edb7414e62a01c37da
scripts/generated_geo_promotion_downloads/download_gse283835_geo_gse283835_populus_tremula_single_nuclei_transcriptomic_bulk_rna.sh	531	789c3e20891bdf85c5b855f90a1f7add597ae36e3f81d9070109dad332729204
scripts/generated_geo_promotion_downloads/download_gse303744_geo_gse303744_arabidopsis_thaliana_drought_recovery_plants_triggers_a.sh	556	5552434dc7db0c4da3304f4f77c435263e693e5623a0ebc7bd09b5f51e393a84
scripts/generated_geo_promotion_downloads/download_gse303996_geo_gse303996_arabidopsis_thaliana_histone_deacetylases_cell_cycle_regulators.sh	531	1c6d6af6d8f32f657b75ff2dadda6da50fb15258364429879b01c7c6c2c6a5cf
scripts/generated_geo_promotion_downloads/download_gse308672_geo_gse308672_arabidopsis_thaliana_discrete_cell_specific_hypoxic_responses.sh	529	e34d1b0525ec9357cec0cd9081102c31ee9490841fffe03e2ec422bddc8dc6d8
scripts/generated_geo_promotion_downloads/download_gse49607_geo_gse49607_cucumis_sativus_transcriptome_profiling_reveals_roles_meristem.sh	523	de40fa5f55ab7d7017423e7d2903d268c03ac0b8c5fe874ba5e699b3e6402dbf
scripts/generated_geo_promotion_downloads/download_gse90142_geo_gse90142_glycine_max_divergent_cytosine_dna_methylation_patterns.sh	512	843d8ac6089f226e03a3c55379eb2f5755aa4850ab1d882ab3c9c7d0ca0882cd
scripts/generated_geo_promotion_downloads/queue_geo_promotion_downloads.sh	9840	7baf0fb9e82f7ac19c6fbfe105e1fafc9d38d840712011b0e56cdbc27c619033
scripts/generated_geo_promotion_downloads/start_geo_promotion_queue.sh	809	da73cd4c87c3e908ff22a818bf527d164cd451dfb62162b7f3e2cc765935ff8d
