comparison	protocol	status	formal_comparison	evidence	candidate_all_cell_accuracy	candidate_all_cell_macro_f1_weighted	candidate_coverage	candidate_known_label_accuracy	candidate_known_label_macro_f1	baseline_all_cell_accuracy	baseline_known_label_accuracy	delta_all_cell_accuracy	delta_known_label_accuracy	interpretation	method	test_cells	train_cells	fine_accuracy	fine_macro_f1	coarse_accuracy	coarse_macro_f1	selected_cells	retained_genes	gene_vocab_overlap_rate	input_h5_ready	reference_metadata_ready	reference_chunks_ready	web_server_reachable	scriptable_batch_api_detected	anonymous_api_accessible	audit_status
Plant-CellFM v9 vs frozen v3 extended	Leave-dataset-out	completed	True	release_metadata/v9_benchmarks/v9_lora_vs_v3_shared_comparison.json	0.44904137235116043	0.2695461537714853	0.801715438950555	0.5601006922592826	0.3485260755735369	0.2020686175580222	0.25204531151667714	0.24697275479313824	0.30805538074260547	Frozen v9 and frozen v3 extended are evaluated on the same shared-gene public-plant benchmark using the same protocol.																	
Plant-CellFM v9 vs frozen v3 extended	Leave-sample-out	completed	True	release_metadata/v9_benchmarks/v9_lora_vs_v3_shared_comparison.json	0.6200383246646591	0.476955395457791	0.9871338625787024	0.6281198003327787	0.4902078145987837	0.41554886394744045	0.4209650582362729	0.20448946071721869	0.2071547420965058	Frozen v9 and frozen v3 extended are evaluated on the same shared-gene public-plant benchmark using the same protocol.																	
Plant-CellFM v9 vs frozen v3 extended	Leave-species-out, species labels normalized	completed	True	release_metadata/v9_benchmarks/v9_lora_vs_v3_shared_comparison.json	0.2353683148335015	0.0846356556759921	0.5590312815338042	0.421028880866426	0.191807515126701	0.19122098890010092	0.34205776173285196	0.044147325933400594	0.07897111913357402	Frozen v9 and frozen v3 extended are evaluated on the same shared-gene public-plant benchmark using the same protocol.																	
Classical cosine centroid, group-random split	group_random	completed	False	release_metadata/strict_benchmarks/public_sprint_group_random.centroid_baseline.json										A transparent classical baseline using the same labelled corpus family; included as a sanity and reproducibility comparator.	cosine_nearest_centroid	3637.0	30352.0	0.7583172944734672	0.712468064803474	0.7583172944734672	0.712468064803474										
Classical cosine centroid, SRP169576 sample holdout	explicit_leaveout	completed	True	release_metadata/strict_benchmarks/leaveout_srp169576_sample.centroid_baseline.json										A transparent classical baseline using the same labelled corpus family; included as a sanity and reproducibility comparator.	cosine_nearest_centroid	14546.0	403695.0	0.7337412347036986	0.4873291890429027	0.7337412347036986	0.4873291890429027										
scPlantLLM frozen embedding nearest-centroid probe	public sprint train/test chunks	contract_ready_metric_pending	False	release_metadata/scplantllm_input_readiness.json										The scPlantLLM-compatible input, reference chunks and execution contract are ready; final numeric metrics require the official checkpoint/probe output.								20000.0	24392.0	1.0	True	True	True				
Seurat label transfer	exported train/test split	completed	True	release_metadata/external_benchmarks/seurat_v9_subset.json										Seurat anchor-based label transfer on an exported matching split.	seurat_label_transfer	512.0		0.2207	0.0603	0.2207	0.0603										
scPlantAnnotate	official web/API route audit	contract_ready_auth_limited	False	release_metadata/scplantannotate_access_audit.json										The official web/API route has been audited and the benchmark input package is defined; final numeric metrics require authenticated or exported official predictions.														True	False	False	
scPlantLLM official checkpoint execution on official processed chunks	official train/test chunks; stratified 256/256 frozen-encoder representation probe	completed_execution_not_matched_to_v17	False	release_metadata/scplantllm_official_execution_audit.json										Official scPlantLLM weight execution passed the release audit with zero missing or unexpected state keys. Metric is a frozen-encoder centroid probe on scPlantLLM's own chunks, not the classifier head and not a matched Plant-CellFM v17 comparison.	scplantllm_frozen_embedding_nearest_centroid_probe	256.0	256.0	0.83984375	0.8408133143539664												passed
