support_per_species	seed	species	test_cells	support_cells	query_cells	support_labels	query_labels	accuracy_all_query	macro_f1_query	top_query_errors
8	0	Arabidopsis thaliana	2366	8	2358	6	29	0.5458015267175572	0.1496014374860109	[{'truth': 'unannotated', 'prediction': 'unannotated_root', 'count': 192}, {'truth': 'Unknow', 'prediction': 'Columella root cap', 'count': 60}, {'truth': 'G2/M phase', 'prediction': 'Columella root cap', 'count': 50}, {'truth': 'Root cortex', 'prediction': 'Phloem', 'count': 49}, {'truth': 'stem cell niche', 'prediction': 'proximal meristem', 'count': 48}]
8	0	Brassica rapa	256	8	248	3	8	0.5967741935483871	0.4008660738186059	[{'truth': 'Mesophyll', 'prediction': 'Unknow', 'count': 36}, {'truth': 'Leaf epidermis', 'prediction': 'Unknow', 'count': 19}, {'truth': 'Unknow', 'prediction': 'Mesophyll', 'count': 13}, {'truth': 'Vascular tissue', 'prediction': 'Unknow', 'count': 12}, {'truth': 'Bundle sheath', 'prediction': 'Unknow', 'count': 11}]
8	0	Catharanthus roseus	256	8	248	4	7	0.532258064516129	0.2169671769208125	[{'truth': 'Mesophyll', 'prediction': 'Unknow', 'count': 60}, {'truth': 'Leaf epidermis', 'prediction': 'Mesophyll', 'count': 13}, {'truth': 'Unknow', 'prediction': 'Mesophyll', 'count': 6}, {'truth': 'Leaf epidermis', 'prediction': 'Unknow', 'count': 4}, {'truth': 'Idioblast cell', 'prediction': 'Mesophyll', 'count': 4}]
8	0	Eutrema salsugineum	62	8	54	1	1	1.0	1.0	[]
8	0	Fragaria vesca	256	8	248	2	8	0.6370967741935484	0.2409407829968577	[{'truth': 'Hydathodes', 'prediction': 'Mesophyll', 'count': 30}, {'truth': 'Unknow', 'prediction': 'Mesophyll', 'count': 14}, {'truth': 'Adaxial epidermis', 'prediction': 'Hydathodes', 'count': 13}, {'truth': 'Xylem parenchyma', 'prediction': 'Mesophyll', 'count': 8}, {'truth': 'Abaxial epidermis', 'prediction': 'Leaf epidermis', 'count': 7}]
8	0	Gossypium bickii	256	8	248	3	8	0.6612903225806451	0.2044835956563445	[{'truth': 'Procambium', 'prediction': 'Mesophyll', 'count': 18}, {'truth': 'Leaf epidermis', 'prediction': 'Mesophyll', 'count': 16}, {'truth': 'Companion cell', 'prediction': 'Leaf guard cell', 'count': 10}, {'truth': 'Phloem parenchyma', 'prediction': 'Leaf guard cell', 'count': 8}, {'truth': 'Xylem', 'prediction': 'Mesophyll', 'count': 6}]
8	0	Gossypium hirsutum	256	8	248	1	1	0.935483870967742	0.4833333333333333	[{'truth': 'unannotated_leaf_glandular', 'prediction': 'Mesophyll', 'count': 16}]
8	0	Triticum aestivum	256	8	248	1	1	1.0	1.0	[]
8	1	Arabidopsis thaliana	2366	8	2358	7	29	0.5207803223070399	0.1642390974306244	[{'truth': 'Mesophyll', 'prediction': 'Xylem', 'count': 107}, {'truth': 'Mesophyll', 'prediction': 'unannotated_leaf_glandular', 'count': 97}, {'truth': 'Mesophyll', 'prediction': 'Companion cell', 'count': 66}, {'truth': 'Mesophyll', 'prediction': 'Hydathodes', 'count': 62}, {'truth': 'S phase', 'prediction': 'Root hair', 'count': 57}]
8	1	Brassica rapa	256	8	248	4	8	0.3870967741935484	0.2909166442697851	[{'truth': 'Unknow', 'prediction': 'Mesophyll', 'count': 57}, {'truth': 'Unknow', 'prediction': 'Bundle sheath', 'count': 32}, {'truth': 'Mesophyll', 'prediction': 'Unknow', 'count': 10}, {'truth': 'Meristematic cell', 'prediction': 'Bundle sheath', 'count': 9}, {'truth': 'Vascular tissue', 'prediction': 'Leaf epidermis', 'count': 8}]
8	1	Catharanthus roseus	256	8	248	4	7	0.6854838709677419	0.1920351473922902	[{'truth': 'Leaf epidermis', 'prediction': 'Mesophyll', 'count': 23}, {'truth': 'Unknow', 'prediction': 'Mesophyll', 'count': 13}, {'truth': 'Vascular tissue', 'prediction': 'Mesophyll', 'count': 8}, {'truth': 'Idioblast cell', 'prediction': 'Vascular tissue', 'count': 7}, {'truth': 'Meristematic cell', 'prediction': 'Mesophyll', 'count': 6}]
8	1	Eutrema salsugineum	62	8	54	1	1	1.0	1.0	[]
8	1	Fragaria vesca	256	8	248	3	8	0.5846774193548387	0.2917531759813638	[{'truth': 'Mesophyll', 'prediction': 'Hydathodes', 'count': 28}, {'truth': 'Hydathodes', 'prediction': 'Mesophyll', 'count': 26}, {'truth': 'Unknow', 'prediction': 'Mesophyll', 'count': 15}, {'truth': 'Adaxial epidermis', 'prediction': 'Mesophyll', 'count': 11}, {'truth': 'Xylem parenchyma', 'prediction': 'Mesophyll', 'count': 8}]
8	1	Gossypium bickii	256	8	248	4	8	0.6733870967741935	0.4275054753589645	[{'truth': 'Mesophyll', 'prediction': 'Procambium', 'count': 14}, {'truth': 'Leaf epidermis', 'prediction': 'Mesophyll', 'count': 14}, {'truth': 'Phloem parenchyma', 'prediction': 'Xylem', 'count': 9}, {'truth': 'Mesophyll', 'prediction': 'Xylem', 'count': 6}, {'truth': 'Pigment gland', 'prediction': 'Mesophyll', 'count': 5}]
8	1	Gossypium hirsutum	256	8	248	1	1	0.9798387096774194	0.3299389002036659	[{'truth': 'unannotated_leaf_glandular', 'prediction': 'Mesophyll', 'count': 4}, {'truth': 'unannotated_leaf_glandular', 'prediction': 'unannotated_root', 'count': 1}]
8	1	Triticum aestivum	256	8	248	1	1	1.0	1.0	[]
8	2	Arabidopsis thaliana	2366	8	2358	6	29	0.4223918575063613	0.1695398708266561	[{'truth': 'unannotated', 'prediction': 'unannotated_root', 'count': 486}, {'truth': 'Mesophyll', 'prediction': 'Vascular tissue', 'count': 91}, {'truth': 'stem cell niche', 'prediction': 'proximal meristem', 'count': 58}, {'truth': 'Unknow', 'prediction': 'S phase', 'count': 56}, {'truth': 'G2/M phase', 'prediction': 'S phase', 'count': 50}]
8	2	Brassica rapa	256	8	248	5	8	0.6088709677419355	0.4985092400003783	[{'truth': 'Unknow', 'prediction': 'Mesophyll', 'count': 42}, {'truth': 'Leaf epidermis', 'prediction': 'Unknow', 'count': 14}, {'truth': 'Bundle sheath', 'prediction': 'Mesophyll', 'count': 9}, {'truth': 'Mesophyll', 'prediction': 'Unknow', 'count': 9}, {'truth': 'Bundle sheath', 'prediction': 'Unknow', 'count': 6}]
8	2	Catharanthus roseus	256	8	248	5	7	0.4475806451612903	0.1713005368854355	[{'truth': 'Mesophyll', 'prediction': 'Leaf epidermis', 'count': 55}, {'truth': 'Mesophyll', 'prediction': 'Unknow', 'count': 21}, {'truth': 'Idioblast cell', 'prediction': 'Leaf epidermis', 'count': 11}, {'truth': 'Mesophyll', 'prediction': 'unannotated_leaf_glandular', 'count': 10}, {'truth': 'Unknow', 'prediction': 'Mesophyll', 'count': 9}]
8	2	Eutrema salsugineum	62	8	54	1	1	1.0	1.0	[]
8	2	Fragaria vesca	256	8	248	4	8	0.625	0.3556247936552819	[{'truth': 'Mesophyll', 'prediction': 'Hydathodes', 'count': 31}, {'truth': 'Hydathodes', 'prediction': 'Mesophyll', 'count': 15}, {'truth': 'Adaxial epidermis', 'prediction': 'Hydathodes', 'count': 10}, {'truth': 'Unknow', 'prediction': 'Mesophyll', 'count': 9}, {'truth': 'Xylem parenchyma', 'prediction': 'Mesophyll', 'count': 6}]
8	2	Gossypium bickii	256	8	248	4	8	0.6451612903225806	0.2983410542258	[{'truth': 'Procambium', 'prediction': 'Mesophyll', 'count': 11}, {'truth': 'Mesophyll', 'prediction': 'Xylem', 'count': 11}, {'truth': 'Leaf epidermis', 'prediction': 'Mesophyll', 'count': 10}, {'truth': 'Phloem parenchyma', 'prediction': 'Xylem', 'count': 8}, {'truth': 'Companion cell', 'prediction': 'Xylem', 'count': 7}]
8	2	Gossypium hirsutum	256	8	248	1	1	0.9717741935483872	0.3285616905248807	[{'truth': 'unannotated_leaf_glandular', 'prediction': 'Mesophyll', 'count': 6}, {'truth': 'unannotated_leaf_glandular', 'prediction': 'unannotated_root', 'count': 1}]
8	2	Triticum aestivum	256	8	248	1	1	1.0	1.0	[]
8	3	Arabidopsis thaliana	2366	8	2358	7	29	0.4206955046649703	0.1459566525789327	[{'truth': 'Mesophyll', 'prediction': 'Vascular tissue', 'count': 238}, {'truth': 'unannotated', 'prediction': 'unannotated_root', 'count': 202}, {'truth': 'Mesophyll', 'prediction': 'Hydathodes', 'count': 98}, {'truth': 'stem cell niche', 'prediction': 'proximal meristem', 'count': 53}, {'truth': 'S phase', 'prediction': 'G2/M phase', 'count': 51}]
8	3	Brassica rapa	256	8	248	4	8	0.5645161290322581	0.3048002256206945	[{'truth': 'Mesophyll', 'prediction': 'Unknow', 'count': 38}, {'truth': 'Leaf epidermis', 'prediction': 'Unknow', 'count': 13}, {'truth': 'Unknow', 'prediction': 'Bundle sheath', 'count': 13}, {'truth': 'Meristematic cell', 'prediction': 'Unknow', 'count': 12}, {'truth': 'Vascular tissue', 'prediction': 'Leaf epidermis', 'count': 7}]
8	3	Catharanthus roseus	256	8	248	3	7	0.6532258064516129	0.1749389973380656	[{'truth': 'Leaf epidermis', 'prediction': 'Mesophyll', 'count': 29}, {'truth': 'Unknow', 'prediction': 'Mesophyll', 'count': 11}, {'truth': 'Mesophyll', 'prediction': 'Unknow', 'count': 10}, {'truth': 'Vascular tissue', 'prediction': 'Mesophyll', 'count': 9}, {'truth': 'Idioblast cell', 'prediction': 'Mesophyll', 'count': 8}]
8	3	Eutrema salsugineum	62	8	54	1	1	1.0	1.0	[]
8	3	Fragaria vesca	256	8	248	3	8	0.657258064516129	0.4445651230691008	[{'truth': 'Mesophyll', 'prediction': 'Hydathodes', 'count': 22}, {'truth': 'Hydathodes', 'prediction': 'Mesophyll', 'count': 19}, {'truth': 'Adaxial epidermis', 'prediction': 'Hydathodes', 'count': 17}, {'truth': 'Unknow', 'prediction': 'Mesophyll', 'count': 10}, {'truth': 'Unknow', 'prediction': 'Hydathodes', 'count': 5}]
8	3	Gossypium bickii	256	8	248	2	8	0.6129032258064516	0.2532424028626204	[{'truth': 'Leaf epidermis', 'prediction': 'Mesophyll', 'count': 36}, {'truth': 'Procambium', 'prediction': 'Mesophyll', 'count': 19}, {'truth': 'Phloem parenchyma', 'prediction': 'Companion cell', 'count': 10}, {'truth': 'Xylem', 'prediction': 'Mesophyll', 'count': 10}, {'truth': 'Phloem parenchyma', 'prediction': 'Mesophyll', 'count': 8}]
8	3	Gossypium hirsutum	256	8	248	1	1	0.935483870967742	0.4833333333333333	[{'truth': 'unannotated_leaf_glandular', 'prediction': 'Mesophyll', 'count': 16}]
8	3	Triticum aestivum	256	8	248	1	1	1.0	1.0	[]
8	4	Arabidopsis thaliana	2366	8	2358	5	29	0.4558948261238337	0.1156516905248647	[{'truth': 'proximal meristem', 'prediction': 'stem cell niche', 'count': 145}, {'truth': 'Mesophyll', 'prediction': 'Hydathodes', 'count': 101}, {'truth': 'Mesophyll', 'prediction': 'unannotated_leaf_glandular', 'count': 99}, {'truth': 'Unknow', 'prediction': 'Non-hair', 'count': 68}, {'truth': 'Mesophyll', 'prediction': 'Companion cell', 'count': 59}]
8	4	Brassica rapa	256	8	248	5	8	0.6693548387096774	0.4983329939647859	[{'truth': 'Mesophyll', 'prediction': 'Unknow', 'count': 43}, {'truth': 'Unknow', 'prediction': 'Bundle sheath', 'count': 9}, {'truth': 'Bundle sheath', 'prediction': 'Unknow', 'count': 5}, {'truth': 'Leaf epidermis', 'prediction': 'Vascular tissue', 'count': 5}, {'truth': 'Vascular tissue', 'prediction': 'Bundle sheath', 'count': 4}]
8	4	Catharanthus roseus	256	8	248	3	7	0.4959677419354839	0.1613501615628612	[{'truth': 'Mesophyll', 'prediction': 'Unknow', 'count': 53}, {'truth': 'Leaf epidermis', 'prediction': 'Mesophyll', 'count': 16}, {'truth': 'Mesophyll', 'prediction': 'Leaf epidermis', 'count': 12}, {'truth': 'Idioblast cell', 'prediction': 'Leaf epidermis', 'count': 7}, {'truth': 'Unknow', 'prediction': 'Mesophyll', 'count': 6}]
8	4	Eutrema salsugineum	62	8	54	1	1	1.0	1.0	[]
8	4	Fragaria vesca	256	8	248	4	8	0.6693548387096774	0.3194507136557338	[{'truth': 'Hydathodes', 'prediction': 'Mesophyll', 'count': 32}, {'truth': 'Unknow', 'prediction': 'Mesophyll', 'count': 14}, {'truth': 'Abaxial epidermis', 'prediction': 'Leaf epidermis', 'count': 7}, {'truth': 'Mesophyll', 'prediction': 'Hydathodes', 'count': 7}, {'truth': 'Xylem', 'prediction': 'Unknow', 'count': 4}]
8	4	Gossypium bickii	256	8	248	3	8	0.4798387096774194	0.3367801316330728	[{'truth': 'Mesophyll', 'prediction': 'Leaf epidermis', 'count': 63}, {'truth': 'Mesophyll', 'prediction': 'Procambium', 'count': 18}, {'truth': 'Xylem', 'prediction': 'Leaf epidermis', 'count': 9}, {'truth': 'Phloem parenchyma', 'prediction': 'Companion cell', 'count': 8}, {'truth': 'Phloem parenchyma', 'prediction': 'Leaf epidermis', 'count': 7}]
8	4	Gossypium hirsutum	256	8	248	1	1	0.9798387096774194	0.3299389002036659	[{'truth': 'unannotated_leaf_glandular', 'prediction': 'Mesophyll', 'count': 4}, {'truth': 'unannotated_leaf_glandular', 'prediction': 'unannotated_root', 'count': 1}]
8	4	Triticum aestivum	256	8	248	1	1	1.0	1.0	[]
8	5	Arabidopsis thaliana	2366	8	2358	7	29	0.4715860899067006	0.1419189627612012	[{'truth': 'unannotated', 'prediction': 'unannotated_root', 'count': 330}, {'truth': 'Mesophyll', 'prediction': 'Hydathodes', 'count': 93}, {'truth': 'stem cell niche', 'prediction': 'proximal meristem', 'count': 55}, {'truth': 'G2/M phase', 'prediction': 'S phase', 'count': 50}, {'truth': 'Root cortex', 'prediction': 'Phloem', 'count': 48}]
8	5	Brassica rapa	256	8	248	2	8	0.5967741935483871	0.2723856209150327	[{'truth': 'Mesophyll', 'prediction': 'Unknow', 'count': 45}, {'truth': 'Bundle sheath', 'prediction': 'Unknow', 'count': 15}, {'truth': 'Meristematic cell', 'prediction': 'Unknow', 'count': 13}, {'truth': 'Vascular tissue', 'prediction': 'Unknow', 'count': 7}, {'truth': 'Vascular tissue', 'prediction': 'Leaf epidermis', 'count': 6}]
8	5	Catharanthus roseus	256	8	248	3	7	0.282258064516129	0.1258997181239496	[{'truth': 'Mesophyll', 'prediction': 'Unknow', 'count': 105}, {'truth': 'Mesophyll', 'prediction': 'Leaf epidermis', 'count': 26}, {'truth': 'Idioblast cell', 'prediction': 'Leaf epidermis', 'count': 12}, {'truth': 'Leaf epidermis', 'prediction': 'Mesophyll', 'count': 9}, {'truth': 'Vascular tissue', 'prediction': 'Leaf epidermis', 'count': 4}]
8	5	Eutrema salsugineum	62	8	54	1	1	1.0	1.0	[]
8	5	Fragaria vesca	256	8	248	4	8	0.6330645161290323	0.2413912951195893	[{'truth': 'Hydathodes', 'prediction': 'Mesophyll', 'count': 34}, {'truth': 'Unknow', 'prediction': 'Mesophyll', 'count': 13}, {'truth': 'Adaxial epidermis', 'prediction': 'Mesophyll', 'count': 13}, {'truth': 'Xylem parenchyma', 'prediction': 'Mesophyll', 'count': 8}, {'truth': 'Abaxial epidermis', 'prediction': 'Leaf epidermis', 'count': 7}]
8	5	Gossypium bickii	256	8	248	3	8	0.625	0.3066203509751897	[{'truth': 'Procambium', 'prediction': 'Mesophyll', 'count': 17}, {'truth': 'Mesophyll', 'prediction': 'Phloem parenchyma', 'count': 12}, {'truth': 'Leaf epidermis', 'prediction': 'Mesophyll', 'count': 11}, {'truth': 'Mesophyll', 'prediction': 'Leaf epidermis', 'count': 9}, {'truth': 'Companion cell', 'prediction': 'Mesophyll', 'count': 6}]
8	5	Gossypium hirsutum	256	8	248	1	1	0.967741935483871	0.3278688524590163	[{'truth': 'unannotated_leaf_glandular', 'prediction': 'Mesophyll', 'count': 7}, {'truth': 'unannotated_leaf_glandular', 'prediction': 'unannotated_root', 'count': 1}]
8	5	Triticum aestivum	256	8	248	1	1	1.0	1.0	[]
8	6	Arabidopsis thaliana	2366	8	2358	5	29	0.3910093299406276	0.1370509271388275	[{'truth': 'unannotated', 'prediction': 'unannotated_root', 'count': 194}, {'truth': 'proximal meristem', 'prediction': 'unannotated_root', 'count': 144}, {'truth': 'Mesophyll', 'prediction': 'unannotated_leaf_glandular', 'count': 100}, {'truth': 'Mesophyll', 'prediction': 'Hydathodes', 'count': 99}, {'truth': 'S phase', 'prediction': 'Unknow', 'count': 72}]
8	6	Brassica rapa	256	8	248	4	8	0.5806451612903226	0.3455027280907642	[{'truth': 'Mesophyll', 'prediction': 'Unknow', 'count': 29}, {'truth': 'Unknow', 'prediction': 'Bundle sheath', 'count': 17}, {'truth': 'Unknow', 'prediction': 'Leaf epidermis', 'count': 13}, {'truth': 'Meristematic cell', 'prediction': 'Bundle sheath', 'count': 11}, {'truth': 'Bundle sheath', 'prediction': 'Unknow', 'count': 8}]
8	6	Catharanthus roseus	256	8	248	4	7	0.4677419354838709	0.2054411982966286	[{'truth': 'Mesophyll', 'prediction': 'Unknow', 'count': 69}, {'truth': 'Idioblast cell', 'prediction': 'Meristematic cell', 'count': 11}, {'truth': 'Mesophyll', 'prediction': 'Meristematic cell', 'count': 10}, {'truth': 'Leaf epidermis', 'prediction': 'Meristematic cell', 'count': 9}, {'truth': 'Leaf epidermis', 'prediction': 'Mesophyll', 'count': 6}]
8	6	Eutrema salsugineum	62	8	54	1	1	1.0	1.0	[]
8	6	Fragaria vesca	256	8	248	4	8	0.25	0.3129722772770901	[{'truth': 'Mesophyll', 'prediction': 'Hydathodes', 'count': 111}, {'truth': 'Adaxial epidermis', 'prediction': 'Hydathodes', 'count': 17}, {'truth': 'Unknow', 'prediction': 'Hydathodes', 'count': 14}, {'truth': 'Mesophyll', 'prediction': 'Unknow', 'count': 13}, {'truth': 'Hydathodes', 'prediction': 'Unknow', 'count': 10}]
8	6	Gossypium bickii	256	8	248	4	8	0.6370967741935484	0.3577851085706401	[{'truth': 'Mesophyll', 'prediction': 'Leaf epidermis', 'count': 20}, {'truth': 'Procambium', 'prediction': 'Mesophyll', 'count': 18}, {'truth': 'Leaf epidermis', 'prediction': 'Mesophyll', 'count': 15}, {'truth': 'Xylem', 'prediction': 'Mesophyll', 'count': 7}, {'truth': 'Pigment gland', 'prediction': 'Mesophyll', 'count': 5}]
8	6	Gossypium hirsutum	256	8	248	1	1	0.967741935483871	0.4918032786885246	[{'truth': 'unannotated_leaf_glandular', 'prediction': 'Mesophyll', 'count': 8}]
8	6	Triticum aestivum	256	8	248	1	1	1.0	1.0	[]
8	7	Arabidopsis thaliana	2366	8	2358	4	29	0.5962680237489398	0.1448428654933718	[{'truth': 'Mesophyll', 'prediction': 'Hydathodes', 'count': 95}, {'truth': 'stem cell niche', 'prediction': 'proximal meristem', 'count': 51}, {'truth': 'Root cortex', 'prediction': 'Phloem', 'count': 50}, {'truth': 'G2/M phase', 'prediction': 'Mesophyll', 'count': 48}, {'truth': 'S phase', 'prediction': 'Mesophyll', 'count': 34}]
8	7	Brassica rapa	256	8	248	4	8	0.6411290322580645	0.428304537911831	[{'truth': 'Unknow', 'prediction': 'Mesophyll', 'count': 35}, {'truth': 'Bundle sheath', 'prediction': 'Mesophyll', 'count': 14}, {'truth': 'Mesophyll', 'prediction': 'Unknow', 'count': 8}, {'truth': 'Meristematic cell', 'prediction': 'Unknow', 'count': 7}, {'truth': 'Vascular tissue', 'prediction': 'Unknow', 'count': 6}]
8	7	Catharanthus roseus	256	8	248	3	7	0.4879032258064516	0.1417398452840605	[{'truth': 'Mesophyll', 'prediction': 'Unknow', 'count': 53}, {'truth': 'Leaf epidermis', 'prediction': 'Vascular tissue', 'count': 17}, {'truth': 'Leaf epidermis', 'prediction': 'Mesophyll', 'count': 11}, {'truth': 'Idioblast cell', 'prediction': 'Vascular tissue', 'count': 8}, {'truth': 'Mesophyll', 'prediction': 'Vascular tissue', 'count': 7}]
8	7	Eutrema salsugineum	62	8	54	1	1	1.0	1.0	[]
8	7	Fragaria vesca	256	8	248	4	8	0.6975806451612904	0.3945700383078073	[{'truth': 'Hydathodes', 'prediction': 'Mesophyll', 'count': 27}, {'truth': 'Unknow', 'prediction': 'Mesophyll', 'count': 11}, {'truth': 'Mesophyll', 'prediction': 'Hydathodes', 'count': 9}, {'truth': 'Xylem parenchyma', 'prediction': 'Unknow', 'count': 7}, {'truth': 'Abaxial epidermis', 'prediction': 'Leaf epidermis', 'count': 7}]
8	7	Gossypium bickii	256	8	248	3	8	0.592741935483871	0.2343183698022408	[{'truth': 'Leaf epidermis', 'prediction': 'Mesophyll', 'count': 22}, {'truth': 'Procambium', 'prediction': 'Mesophyll', 'count': 19}, {'truth': 'Phloem parenchyma', 'prediction': 'Mesophyll', 'count': 13}, {'truth': 'Leaf epidermis', 'prediction': 'Xylem', 'count': 12}, {'truth': 'Companion cell', 'prediction': 'Mesophyll', 'count': 10}]
8	7	Gossypium hirsutum	256	8	248	1	1	0.9838709677419356	0.4959349593495935	[{'truth': 'unannotated_leaf_glandular', 'prediction': 'Mesophyll', 'count': 4}]
8	7	Triticum aestivum	256	8	248	1	1	1.0	1.0	[]
8	8	Arabidopsis thaliana	2366	8	2358	5	29	0.6195928753180662	0.1589653605619648	[{'truth': 'Mesophyll', 'prediction': 'Hydathodes', 'count': 82}, {'truth': 'Vascular tissue', 'prediction': 'Mesophyll', 'count': 53}, {'truth': 'G2/M phase', 'prediction': 'Mesophyll', 'count': 49}, {'truth': 'stem cell niche', 'prediction': 'proximal meristem', 'count': 47}, {'truth': 'S phase', 'prediction': 'Mesophyll', 'count': 40}]
8	8	Brassica rapa	256	8	248	3	8	0.4838709677419355	0.3374877923197251	[{'truth': 'Unknow', 'prediction': 'Bundle sheath', 'count': 38}, {'truth': 'Leaf epidermis', 'prediction': 'Unknow', 'count': 22}, {'truth': 'Unknow', 'prediction': 'Mesophyll', 'count': 19}, {'truth': 'Meristematic cell', 'prediction': 'Unknow', 'count': 16}, {'truth': 'Mesophyll', 'prediction': 'Bundle sheath', 'count': 12}]
8	8	Catharanthus roseus	256	8	248	4	7	0.6693548387096774	0.2031627983000981	[{'truth': 'Leaf epidermis', 'prediction': 'Mesophyll', 'count': 21}, {'truth': 'Unknow', 'prediction': 'Mesophyll', 'count': 9}, {'truth': 'Vascular tissue', 'prediction': 'Mesophyll', 'count': 8}, {'truth': 'Mesophyll', 'prediction': 'unannotated_leaf_glandular', 'count': 7}, {'truth': 'Idioblast cell', 'prediction': 'Meristematic cell', 'count': 6}]
8	8	Eutrema salsugineum	62	8	54	1	1	1.0	1.0	[]
8	8	Fragaria vesca	256	8	248	3	8	0.6008064516129032	0.3055493440667859	[{'truth': 'Hydathodes', 'prediction': 'Mesophyll', 'count': 58}, {'truth': 'Unknow', 'prediction': 'Mesophyll', 'count': 15}, {'truth': 'Abaxial epidermis', 'prediction': 'Leaf epidermis', 'count': 7}, {'truth': 'Xylem parenchyma', 'prediction': 'Mesophyll', 'count': 6}, {'truth': 'Adaxial epidermis', 'prediction': 'Mesophyll', 'count': 4}]
8	8	Gossypium bickii	256	8	248	4	8	0.717741935483871	0.4126136167433167	[{'truth': 'Procambium', 'prediction': 'Mesophyll', 'count': 19}, {'truth': 'Leaf epidermis', 'prediction': 'Mesophyll', 'count': 16}, {'truth': 'Mesophyll', 'prediction': 'Leaf epidermis', 'count': 7}, {'truth': 'Xylem', 'prediction': 'Mesophyll', 'count': 7}, {'truth': 'Pigment gland', 'prediction': 'Mesophyll', 'count': 5}]
8	8	Gossypium hirsutum	256	8	248	1	1	0.9798387096774194	0.3299389002036659	[{'truth': 'unannotated_leaf_glandular', 'prediction': 'Mesophyll', 'count': 4}, {'truth': 'unannotated_leaf_glandular', 'prediction': 'unannotated_root', 'count': 1}]
8	8	Triticum aestivum	256	8	248	1	1	1.0	1.0	[]
8	9	Arabidopsis thaliana	2366	8	2358	6	29	0.5678541136556404	0.1556504291324963	[{'truth': 'proximal meristem', 'prediction': 'unannotated_root', 'count': 142}, {'truth': 'Mesophyll', 'prediction': 'Hydathodes', 'count': 66}, {'truth': 'Root cortex', 'prediction': 'Root cap', 'count': 60}, {'truth': 'Shoot system epidermis', 'prediction': 'Vascular tissue', 'count': 48}, {'truth': 'Unknow', 'prediction': 'Root cap', 'count': 46}]
8	9	Brassica rapa	256	8	248	5	8	0.6693548387096774	0.5524174489841436	[{'truth': 'Unknow', 'prediction': 'Bundle sheath', 'count': 17}, {'truth': 'Unknow', 'prediction': 'Mesophyll', 'count': 12}, {'truth': 'Leaf epidermis', 'prediction': 'Unknow', 'count': 12}, {'truth': 'Mesophyll', 'prediction': 'Unknow', 'count': 7}, {'truth': 'Mesophyll', 'prediction': 'Bundle sheath', 'count': 6}]
8	9	Catharanthus roseus	256	8	248	3	7	0.717741935483871	0.2153837564207548	[{'truth': 'Leaf epidermis', 'prediction': 'Mesophyll', 'count': 19}, {'truth': 'Idioblast cell', 'prediction': 'Mesophyll', 'count': 14}, {'truth': 'Unknow', 'prediction': 'Mesophyll', 'count': 13}, {'truth': 'Vascular tissue', 'prediction': 'Mesophyll', 'count': 9}, {'truth': 'Meristematic cell', 'prediction': 'Mesophyll', 'count': 7}]
8	9	Eutrema salsugineum	62	8	54	1	1	1.0	1.0	[]
8	9	Fragaria vesca	256	8	248	3	8	0.6895161290322581	0.3405498610453703	[{'truth': 'Hydathodes', 'prediction': 'Mesophyll', 'count': 25}, {'truth': 'Unknow', 'prediction': 'Mesophyll', 'count': 15}, {'truth': 'Mesophyll', 'prediction': 'Hydathodes', 'count': 11}, {'truth': 'Xylem parenchyma', 'prediction': 'Mesophyll', 'count': 8}, {'truth': 'Abaxial epidermis', 'prediction': 'Leaf epidermis', 'count': 7}]
8	9	Gossypium bickii	256	8	248	3	8	0.657258064516129	0.2831443298969072	[{'truth': 'Procambium', 'prediction': 'Mesophyll', 'count': 15}, {'truth': 'Phloem parenchyma', 'prediction': 'Companion cell', 'count': 15}, {'truth': 'Mesophyll', 'prediction': 'Leaf epidermis', 'count': 11}, {'truth': 'Leaf epidermis', 'prediction': 'Mesophyll', 'count': 10}, {'truth': 'Pigment gland', 'prediction': 'Mesophyll', 'count': 5}]
8	9	Gossypium hirsutum	256	8	248	1	1	1.0	1.0	[]
8	9	Triticum aestivum	256	8	248	1	1	1.0	1.0	[]
16	0	Arabidopsis thaliana	2366	16	2350	8	29	0.5936170212765958	0.1589104969898752	[{'truth': 'Mesophyll', 'prediction': 'Xylem', 'count': 141}, {'truth': 'Unknow', 'prediction': 'Root hair', 'count': 59}, {'truth': 'Vascular tissue', 'prediction': 'Mesophyll', 'count': 57}, {'truth': 'stem cell niche', 'prediction': 'proximal meristem', 'count': 54}, {'truth': 'Root cortex', 'prediction': 'Phloem', 'count': 48}]
16	0	Brassica rapa	256	16	240	5	8	0.6833333333333333	0.5044909286757113	[{'truth': 'Unknow', 'prediction': 'Mesophyll', 'count': 24}, {'truth': 'Bundle sheath', 'prediction': 'Unknow', 'count': 12}, {'truth': 'Mesophyll', 'prediction': 'Unknow', 'count': 11}, {'truth': 'Meristematic cell', 'prediction': 'Unknow', 'count': 8}, {'truth': 'Leaf epidermis', 'prediction': 'Unknow', 'count': 6}]
16	0	Catharanthus roseus	256	16	240	5	7	0.7125	0.1717730130026694	[{'truth': 'Leaf epidermis', 'prediction': 'Mesophyll', 'count': 23}, {'truth': 'Unknow', 'prediction': 'Mesophyll', 'count': 12}, {'truth': 'Vascular tissue', 'prediction': 'Mesophyll', 'count': 9}, {'truth': 'Idioblast cell', 'prediction': 'Mesophyll', 'count': 8}, {'truth': 'Meristematic cell', 'prediction': 'Mesophyll', 'count': 7}]
16	0	Eutrema salsugineum	62	15	47	1	1	1.0	1.0	[]
16	0	Fragaria vesca	256	16	240	3	8	0.5916666666666667	0.2787788620931217	[{'truth': 'Mesophyll', 'prediction': 'Hydathodes', 'count': 28}, {'truth': 'Hydathodes', 'prediction': 'Mesophyll', 'count': 19}, {'truth': 'Adaxial epidermis', 'prediction': 'Hydathodes', 'count': 17}, {'truth': 'Unknow', 'prediction': 'Mesophyll', 'count': 9}, {'truth': 'Abaxial epidermis', 'prediction': 'Leaf epidermis', 'count': 7}]
16	0	Gossypium bickii	256	16	240	5	8	0.7166666666666667	0.4691614145658264	[{'truth': 'Leaf epidermis', 'prediction': 'Mesophyll', 'count': 17}, {'truth': 'Mesophyll', 'prediction': 'Procambium', 'count': 11}, {'truth': 'Companion cell', 'prediction': 'Phloem parenchyma', 'count': 9}, {'truth': 'Xylem', 'prediction': 'Mesophyll', 'count': 7}, {'truth': 'Procambium', 'prediction': 'Mesophyll', 'count': 5}]
16	0	Gossypium hirsutum	256	16	240	1	1	0.9958333333333332	0.4989561586638831	[{'truth': 'unannotated_leaf_glandular', 'prediction': 'unannotated_root', 'count': 1}]
16	0	Triticum aestivum	256	16	240	1	1	1.0	1.0	[]
16	1	Arabidopsis thaliana	2366	16	2350	11	29	0.6085106382978723	0.1968959696514138	[{'truth': 'Mesophyll', 'prediction': 'Xylem', 'count': 110}, {'truth': 'Root cortex', 'prediction': 'Unknow', 'count': 59}, {'truth': 'stem cell niche', 'prediction': 'proximal meristem', 'count': 54}, {'truth': 'Root cap', 'prediction': 'Unknow', 'count': 49}, {'truth': 'Root hair', 'prediction': 'Unknow', 'count': 48}]
16	1	Brassica rapa	256	16	240	5	7	0.6541666666666667	0.4800623870022416	[{'truth': 'Mesophyll', 'prediction': 'Unknow', 'count': 23}, {'truth': 'Bundle sheath', 'prediction': 'Unknow', 'count': 16}, {'truth': 'Meristematic cell', 'prediction': 'Unknow', 'count': 14}, {'truth': 'Vascular tissue', 'prediction': 'Unknow', 'count': 8}, {'truth': 'Unknow', 'prediction': 'Leaf epidermis', 'count': 6}]
16	1	Catharanthus roseus	256	16	240	5	7	0.7083333333333334	0.2052058002879829	[{'truth': 'Leaf epidermis', 'prediction': 'Mesophyll', 'count': 26}, {'truth': 'Unknow', 'prediction': 'Mesophyll', 'count': 11}, {'truth': 'Vascular tissue', 'prediction': 'Mesophyll', 'count': 8}, {'truth': 'Meristematic cell', 'prediction': 'Mesophyll', 'count': 7}, {'truth': 'Mesophyll', 'prediction': 'Unknow', 'count': 6}]
16	1	Eutrema salsugineum	62	15	47	1	1	1.0	1.0	[]
16	1	Fragaria vesca	256	16	240	4	8	0.6791666666666667	0.383448036705079	[{'truth': 'Hydathodes', 'prediction': 'Mesophyll', 'count': 27}, {'truth': 'Unknow', 'prediction': 'Mesophyll', 'count': 10}, {'truth': 'Mesophyll', 'prediction': 'Hydathodes', 'count': 10}, {'truth': 'Abaxial epidermis', 'prediction': 'Leaf epidermis', 'count': 7}, {'truth': 'Xylem parenchyma', 'prediction': 'Mesophyll', 'count': 4}]
16	1	Gossypium bickii	256	16	240	5	8	0.6916666666666667	0.3827313780734167	[{'truth': 'Leaf epidermis', 'prediction': 'Mesophyll', 'count': 14}, {'truth': 'Procambium', 'prediction': 'Mesophyll', 'count': 12}, {'truth': 'Phloem parenchyma', 'prediction': 'Leaf epidermis', 'count': 8}, {'truth': 'Xylem', 'prediction': 'Mesophyll', 'count': 6}, {'truth': 'Mesophyll', 'prediction': 'Procambium', 'count': 6}]
16	1	Gossypium hirsutum	256	16	240	1	1	1.0	1.0	[]
16	1	Triticum aestivum	256	16	240	1	1	1.0	1.0	[]
16	2	Arabidopsis thaliana	2366	16	2350	11	29	0.6204255319148936	0.2327589235570639	[{'truth': 'Mesophyll', 'prediction': 'Vascular tissue', 'count': 170}, {'truth': 'Unknow', 'prediction': 'Root hair', 'count': 57}, {'truth': 'stem cell niche', 'prediction': 'proximal meristem', 'count': 34}, {'truth': 'Root cap', 'prediction': 'Root hair', 'count': 33}, {'truth': 'S phase', 'prediction': 'Root hair', 'count': 30}]
16	2	Brassica rapa	256	16	240	5	8	0.6833333333333333	0.4865769727688332	[{'truth': 'Unknow', 'prediction': 'Mesophyll', 'count': 15}, {'truth': 'Leaf epidermis', 'prediction': 'Unknow', 'count': 13}, {'truth': 'Mesophyll', 'prediction': 'Unknow', 'count': 11}, {'truth': 'Bundle sheath', 'prediction': 'Unknow', 'count': 10}, {'truth': 'Vascular tissue', 'prediction': 'Unknow', 'count': 7}]
16	2	Catharanthus roseus	256	16	240	5	7	0.7125	0.2911532010923491	[{'truth': 'Leaf epidermis', 'prediction': 'Mesophyll', 'count': 19}, {'truth': 'Mesophyll', 'prediction': 'Unknow', 'count': 13}, {'truth': 'Vascular tissue', 'prediction': 'Mesophyll', 'count': 8}, {'truth': 'Idioblast cell', 'prediction': 'Mesophyll', 'count': 8}, {'truth': 'Meristematic cell', 'prediction': 'Mesophyll', 'count': 7}]
16	2	Eutrema salsugineum	62	15	47	1	1	1.0	1.0	[]
16	2	Fragaria vesca	256	16	240	3	8	0.675	0.3460105233956824	[{'truth': 'Hydathodes', 'prediction': 'Mesophyll', 'count': 24}, {'truth': 'Mesophyll', 'prediction': 'Hydathodes', 'count': 14}, {'truth': 'Unknow', 'prediction': 'Mesophyll', 'count': 11}, {'truth': 'Xylem parenchyma', 'prediction': 'Mesophyll', 'count': 7}, {'truth': 'Abaxial epidermis', 'prediction': 'Leaf epidermis', 'count': 7}]
16	2	Gossypium bickii	256	16	240	6	8	0.6375	0.3451673494290944	[{'truth': 'Leaf epidermis', 'prediction': 'Mesophyll', 'count': 24}, {'truth': 'Procambium', 'prediction': 'Mesophyll', 'count': 18}, {'truth': 'Xylem', 'prediction': 'Leaf epidermis', 'count': 7}, {'truth': 'Pigment gland', 'prediction': 'Mesophyll', 'count': 5}, {'truth': 'Mesophyll', 'prediction': 'Leaf epidermis', 'count': 5}]
16	2	Gossypium hirsutum	256	16	240	1	1	0.9833333333333332	0.4957983193277311	[{'truth': 'unannotated_leaf_glandular', 'prediction': 'Mesophyll', 'count': 4}]
16	2	Triticum aestivum	256	16	240	1	1	1.0	1.0	[]
16	3	Arabidopsis thaliana	2366	16	2350	9	29	0.6642553191489362	0.2220080922848856	[{'truth': 'unannotated', 'prediction': 'endodermis', 'count': 72}, {'truth': 'Unknow', 'prediction': 'Root hair', 'count': 68}, {'truth': 'stem cell niche', 'prediction': 'proximal meristem', 'count': 55}, {'truth': 'G2/M phase', 'prediction': 'Root hair', 'count': 49}, {'truth': 'Xylem', 'prediction': 'Mesophyll', 'count': 39}]
16	3	Brassica rapa	256	16	240	5	8	0.6708333333333333	0.4929357801225133	[{'truth': 'Mesophyll', 'prediction': 'Unknow', 'count': 21}, {'truth': 'Leaf epidermis', 'prediction': 'Unknow', 'count': 14}, {'truth': 'Unknow', 'prediction': 'Bundle sheath', 'count': 9}, {'truth': 'Vascular tissue', 'prediction': 'Unknow', 'count': 8}, {'truth': 'Unknow', 'prediction': 'Mesophyll', 'count': 6}]
16	3	Catharanthus roseus	256	16	240	3	7	0.65	0.1711202011616376	[{'truth': 'Leaf epidermis', 'prediction': 'Mesophyll', 'count': 22}, {'truth': 'Mesophyll', 'prediction': 'Vascular tissue', 'count': 17}, {'truth': 'Unknow', 'prediction': 'Mesophyll', 'count': 13}, {'truth': 'Meristematic cell', 'prediction': 'Mesophyll', 'count': 6}, {'truth': 'Idioblast cell', 'prediction': 'Vascular tissue', 'count': 5}]
16	3	Eutrema salsugineum	62	15	47	1	1	1.0	1.0	[]
16	3	Fragaria vesca	256	16	240	6	8	0.6708333333333333	0.3939870766090277	[{'truth': 'Hydathodes', 'prediction': 'Mesophyll', 'count': 38}, {'truth': 'Unknow', 'prediction': 'Mesophyll', 'count': 11}, {'truth': 'Abaxial epidermis', 'prediction': 'Leaf epidermis', 'count': 7}, {'truth': 'Mesophyll', 'prediction': 'Hydathodes', 'count': 4}, {'truth': 'Xylem parenchyma', 'prediction': 'Adaxial epidermis', 'count': 3}]
16	3	Gossypium bickii	256	16	240	6	8	0.675	0.506921890112818	[{'truth': 'Leaf epidermis', 'prediction': 'Mesophyll', 'count': 36}, {'truth': 'Mesophyll', 'prediction': 'Procambium', 'count': 7}, {'truth': 'Xylem', 'prediction': 'Mesophyll', 'count': 7}, {'truth': 'Procambium', 'prediction': 'Mesophyll', 'count': 5}, {'truth': 'Mesophyll', 'prediction': 'Pigment gland', 'count': 5}]
16	3	Gossypium hirsutum	256	16	240	1	1	0.9666666666666668	0.4915254237288136	[{'truth': 'unannotated_leaf_glandular', 'prediction': 'Mesophyll', 'count': 8}]
16	3	Triticum aestivum	256	16	240	1	1	1.0	1.0	[]
16	4	Arabidopsis thaliana	2366	16	2350	8	29	0.6187234042553191	0.1871367048450208	[{'truth': 'proximal meristem', 'prediction': 'stem cell niche', 'count': 140}, {'truth': 'Root cortex', 'prediction': 'Unknow', 'count': 57}, {'truth': 'G2/M phase', 'prediction': 'Unknow', 'count': 54}, {'truth': 'Root hair', 'prediction': 'Unknow', 'count': 48}, {'truth': 'S phase', 'prediction': 'Unknow', 'count': 39}]
16	4	Brassica rapa	256	16	240	5	7	0.5833333333333334	0.2364959114959114	[{'truth': 'Mesophyll', 'prediction': 'Unknow', 'count': 42}, {'truth': 'Bundle sheath', 'prediction': 'Unknow', 'count': 15}, {'truth': 'Leaf epidermis', 'prediction': 'Unknow', 'count': 11}, {'truth': 'Meristematic cell', 'prediction': 'Unknow', 'count': 11}, {'truth': 'Meristematic cell', 'prediction': 'Vascular tissue', 'count': 5}]
16	4	Catharanthus roseus	256	16	240	3	7	0.6541666666666667	0.1426265983489153	[{'truth': 'Leaf epidermis', 'prediction': 'Mesophyll', 'count': 20}, {'truth': 'Unknow', 'prediction': 'Mesophyll', 'count': 13}, {'truth': 'Idioblast cell', 'prediction': 'Mesophyll', 'count': 11}, {'truth': 'Mesophyll', 'prediction': 'Meristematic cell', 'count': 8}, {'truth': 'Vascular tissue', 'prediction': 'Mesophyll', 'count': 8}]
16	4	Eutrema salsugineum	62	15	47	1	1	1.0	1.0	[]
16	4	Fragaria vesca	256	16	240	4	8	0.6125	0.3902329086679323	[{'truth': 'Hydathodes', 'prediction': 'Mesophyll', 'count': 32}, {'truth': 'Mesophyll', 'prediction': 'Hydathodes', 'count': 16}, {'truth': 'Mesophyll', 'prediction': 'Unknow', 'count': 14}, {'truth': 'Xylem parenchyma', 'prediction': 'Mesophyll', 'count': 8}, {'truth': 'Unknow', 'prediction': 'Mesophyll', 'count': 5}]
16	4	Gossypium bickii	256	16	240	5	8	0.65	0.3922619047619047	[{'truth': 'Leaf epidermis', 'prediction': 'Mesophyll', 'count': 36}, {'truth': 'Procambium', 'prediction': 'Mesophyll', 'count': 12}, {'truth': 'Pigment gland', 'prediction': 'Mesophyll', 'count': 5}, {'truth': 'Xylem', 'prediction': 'Mesophyll', 'count': 5}, {'truth': 'Mesophyll', 'prediction': 'Procambium', 'count': 4}]
16	4	Gossypium hirsutum	256	16	240	1	1	0.9791666666666666	0.4947368421052631	[{'truth': 'unannotated_leaf_glandular', 'prediction': 'Mesophyll', 'count': 5}]
16	4	Triticum aestivum	256	16	240	1	1	1.0	1.0	[]
16	5	Arabidopsis thaliana	2366	16	2350	11	29	0.6719148936170213	0.2083387449047685	[{'truth': 'stem cell niche', 'prediction': 'proximal meristem', 'count': 55}, {'truth': 'Root cap', 'prediction': 'Root cortex', 'count': 36}, {'truth': 'Unknow', 'prediction': 'Root hair', 'count': 36}, {'truth': 'S phase', 'prediction': 'G2/M phase', 'count': 34}, {'truth': 'Xylem', 'prediction': 'Mesophyll', 'count': 32}]
16	5	Brassica rapa	256	16	240	4	8	0.5833333333333334	0.4072264551635341	[{'truth': 'Mesophyll', 'prediction': 'Unknow', 'count': 40}, {'truth': 'Leaf epidermis', 'prediction': 'Unknow', 'count': 17}, {'truth': 'Bundle sheath', 'prediction': 'Unknow', 'count': 9}, {'truth': 'Meristematic cell', 'prediction': 'Unknow', 'count': 8}, {'truth': 'Vascular tissue', 'prediction': 'Bundle sheath', 'count': 6}]
16	5	Catharanthus roseus	256	16	240	4	7	0.6791666666666667	0.2130698952495712	[{'truth': 'Leaf epidermis', 'prediction': 'Mesophyll', 'count': 24}, {'truth': 'Idioblast cell', 'prediction': 'Mesophyll', 'count': 14}, {'truth': 'Unknow', 'prediction': 'Mesophyll', 'count': 11}, {'truth': 'Vascular tissue', 'prediction': 'Mesophyll', 'count': 8}, {'truth': 'Mesophyll', 'prediction': 'Unknow', 'count': 7}]
16	5	Eutrema salsugineum	62	15	47	1	1	1.0	1.0	[]
16	5	Fragaria vesca	256	16	240	6	8	0.6666666666666666	0.5733769019267345	[{'truth': 'Hydathodes', 'prediction': 'Mesophyll', 'count': 26}, {'truth': 'Mesophyll', 'prediction': 'Hydathodes', 'count': 24}, {'truth': 'Unknow', 'prediction': 'Mesophyll', 'count': 11}, {'truth': 'Xylem parenchyma', 'prediction': 'Mesophyll', 'count': 5}, {'truth': 'Xylem parenchyma', 'prediction': 'Hydathodes', 'count': 3}]
16	5	Gossypium bickii	256	16	240	4	8	0.6541666666666667	0.2743089462398925	[{'truth': 'Phloem parenchyma', 'prediction': 'Leaf guard cell', 'count': 15}, {'truth': 'Leaf epidermis', 'prediction': 'Mesophyll', 'count': 13}, {'truth': 'Mesophyll', 'prediction': 'Leaf epidermis', 'count': 8}, {'truth': 'Companion cell', 'prediction': 'Leaf guard cell', 'count': 8}, {'truth': 'Procambium', 'prediction': 'Mesophyll', 'count': 7}]
16	5	Gossypium hirsutum	256	16	240	1	1	1.0	1.0	[]
16	5	Triticum aestivum	256	16	240	1	1	1.0	1.0	[]
16	6	Arabidopsis thaliana	2366	16	2350	10	29	0.488936170212766	0.1824415089309364	[{'truth': 'proximal meristem', 'prediction': 'unannotated_root', 'count': 152}, {'truth': 'Mesophyll', 'prediction': 'Hydathodes', 'count': 101}, {'truth': 'Mesophyll', 'prediction': 'Vascular tissue', 'count': 83}, {'truth': 'Mesophyll', 'prediction': 'unannotated_leaf_glandular', 'count': 73}, {'truth': 'Mesophyll', 'prediction': 'Companion cell', 'count': 45}]
16	6	Brassica rapa	256	16	240	4	8	0.6083333333333333	0.4109461360667269	[{'truth': 'Unknow', 'prediction': 'Mesophyll', 'count': 27}, {'truth': 'Mesophyll', 'prediction': 'Unknow', 'count': 10}, {'truth': 'Meristematic cell', 'prediction': 'Leaf epidermis', 'count': 10}, {'truth': 'Unknow', 'prediction': 'Leaf epidermis', 'count': 8}, {'truth': 'Vascular tissue', 'prediction': 'Unknow', 'count': 6}]
16	6	Catharanthus roseus	256	16	240	5	7	0.5625	0.2219637831440541	[{'truth': 'Mesophyll', 'prediction': 'unannotated_leaf_glandular', 'count': 26}, {'truth': 'Mesophyll', 'prediction': 'Meristematic cell', 'count': 16}, {'truth': 'Leaf epidermis', 'prediction': 'Mesophyll', 'count': 14}, {'truth': 'Unknow', 'prediction': 'Mesophyll', 'count': 13}, {'truth': 'Meristematic cell', 'prediction': 'Mesophyll', 'count': 6}]
16	6	Eutrema salsugineum	62	15	47	1	1	1.0	1.0	[]
16	6	Fragaria vesca	256	16	240	4	8	0.6541666666666667	0.4221988954786939	[{'truth': 'Hydathodes', 'prediction': 'Mesophyll', 'count': 34}, {'truth': 'Unknow', 'prediction': 'Mesophyll', 'count': 10}, {'truth': 'Mesophyll', 'prediction': 'Hydathodes', 'count': 7}, {'truth': 'Adaxial epidermis', 'prediction': 'Xylem parenchyma', 'count': 6}, {'truth': 'Adaxial epidermis', 'prediction': 'Hydathodes', 'count': 5}]
16	6	Gossypium bickii	256	16	240	6	8	0.6166666666666667	0.4147662873524942	[{'truth': 'Leaf epidermis', 'prediction': 'Mesophyll', 'count': 39}, {'truth': 'Mesophyll', 'prediction': 'Procambium', 'count': 14}, {'truth': 'Xylem', 'prediction': 'Mesophyll', 'count': 7}, {'truth': 'Pigment gland', 'prediction': 'Mesophyll', 'count': 5}, {'truth': 'Mesophyll', 'prediction': 'Leaf epidermis', 'count': 4}]
16	6	Gossypium hirsutum	256	16	240	1	1	0.9958333333333332	0.4989561586638831	[{'truth': 'unannotated_leaf_glandular', 'prediction': 'Mesophyll', 'count': 1}]
16	6	Triticum aestivum	256	16	240	1	1	1.0	1.0	[]
16	7	Arabidopsis thaliana	2366	16	2350	7	29	0.6531914893617021	0.1818162836518794	[{'truth': 'stem cell niche', 'prediction': 'proximal meristem', 'count': 50}, {'truth': 'G2/M phase', 'prediction': 'Unknow', 'count': 49}, {'truth': 'Root cortex', 'prediction': 'Phloem', 'count': 46}, {'truth': 'Root hair', 'prediction': 'Unknow', 'count': 46}, {'truth': 'S phase', 'prediction': 'Unknow', 'count': 38}]
16	7	Brassica rapa	256	16	240	5	8	0.7	0.5136142530484227	[{'truth': 'Mesophyll', 'prediction': 'Unknow', 'count': 18}, {'truth': 'Unknow', 'prediction': 'Mesophyll', 'count': 15}, {'truth': 'Bundle sheath', 'prediction': 'Unknow', 'count': 14}, {'truth': 'Vascular tissue', 'prediction': 'Unknow', 'count': 7}, {'truth': 'Leaf epidermis', 'prediction': 'Unknow', 'count': 7}]
16	7	Catharanthus roseus	256	16	240	4	7	0.7333333333333333	0.2431216303278966	[{'truth': 'Leaf epidermis', 'prediction': 'Mesophyll', 'count': 21}, {'truth': 'Unknow', 'prediction': 'Mesophyll', 'count': 12}, {'truth': 'Vascular tissue', 'prediction': 'Mesophyll', 'count': 9}, {'truth': 'Idioblast cell', 'prediction': 'Leaf epidermis', 'count': 6}, {'truth': 'Meristematic cell', 'prediction': 'Mesophyll', 'count': 6}]
16	7	Eutrema salsugineum	62	15	47	1	1	1.0	1.0	[]
16	7	Fragaria vesca	256	16	240	7	8	0.7166666666666667	0.6545397539762865	[{'truth': 'Hydathodes', 'prediction': 'Mesophyll', 'count': 23}, {'truth': 'Mesophyll', 'prediction': 'Hydathodes', 'count': 12}, {'truth': 'Unknow', 'prediction': 'Mesophyll', 'count': 10}, {'truth': 'Adaxial epidermis', 'prediction': 'Hydathodes', 'count': 8}, {'truth': 'Mesophyll', 'prediction': 'Xylem parenchyma', 'count': 3}]
16	7	Gossypium bickii	256	16	240	5	8	0.65	0.3832895658263305	[{'truth': 'Mesophyll', 'prediction': 'Leaf epidermis', 'count': 26}, {'truth': 'Procambium', 'prediction': 'Mesophyll', 'count': 18}, {'truth': 'Leaf epidermis', 'prediction': 'Mesophyll', 'count': 8}, {'truth': 'Xylem', 'prediction': 'Leaf epidermis', 'count': 7}, {'truth': 'Pigment gland', 'prediction': 'Mesophyll', 'count': 5}]
16	7	Gossypium hirsutum	256	16	240	1	1	0.9875	0.4968553459119497	[{'truth': 'unannotated_leaf_glandular', 'prediction': 'Mesophyll', 'count': 3}]
16	7	Triticum aestivum	256	16	240	1	1	1.0	1.0	[]
16	8	Arabidopsis thaliana	2366	16	2350	13	29	0.5642553191489361	0.1928056093086571	[{'truth': 'proximal meristem', 'prediction': 'unannotated_root', 'count': 128}, {'truth': 'Mesophyll', 'prediction': 'Xylem', 'count': 91}, {'truth': 'Mesophyll', 'prediction': 'Hydathodes', 'count': 66}, {'truth': 'Unknow', 'prediction': 'Root cortex', 'count': 56}, {'truth': 'Root cortex', 'prediction': 'Root cap', 'count': 53}]
16	8	Brassica rapa	256	16	240	7	7	0.4958333333333333	0.4109786267388453	[{'truth': 'Unknow', 'prediction': 'Mesophyll', 'count': 59}, {'truth': 'Unknow', 'prediction': 'Leaf epidermis', 'count': 18}, {'truth': 'Unknow', 'prediction': 'Bundle sheath', 'count': 17}, {'truth': 'Mesophyll', 'prediction': 'Bundle sheath', 'count': 5}, {'truth': 'Meristematic cell', 'prediction': 'Unknow', 'count': 4}]
16	8	Catharanthus roseus	256	16	240	5	7	0.6958333333333333	0.2269966094545926	[{'truth': 'Leaf epidermis', 'prediction': 'Mesophyll', 'count': 13}, {'truth': 'Unknow', 'prediction': 'Mesophyll', 'count': 13}, {'truth': 'Leaf epidermis', 'prediction': 'Meristematic cell', 'count': 11}, {'truth': 'Idioblast cell', 'prediction': 'Mesophyll', 'count': 8}, {'truth': 'Mesophyll', 'prediction': 'Meristematic cell', 'count': 6}]
16	8	Eutrema salsugineum	62	15	47	1	1	1.0	1.0	[]
16	8	Fragaria vesca	256	16	240	4	8	0.6541666666666667	0.3519519635479013	[{'truth': 'Mesophyll', 'prediction': 'Hydathodes', 'count': 23}, {'truth': 'Hydathodes', 'prediction': 'Mesophyll', 'count': 19}, {'truth': 'Unknow', 'prediction': 'Mesophyll', 'count': 9}, {'truth': 'Abaxial epidermis', 'prediction': 'Leaf epidermis', 'count': 7}, {'truth': 'Xylem parenchyma', 'prediction': 'Adaxial epidermis', 'count': 6}]
16	8	Gossypium bickii	256	16	240	4	8	0.675	0.3595048793640944	[{'truth': 'Leaf epidermis', 'prediction': 'Mesophyll', 'count': 20}, {'truth': 'Procambium', 'prediction': 'Mesophyll', 'count': 15}, {'truth': 'Phloem parenchyma', 'prediction': 'Companion cell', 'count': 10}, {'truth': 'Xylem', 'prediction': 'Mesophyll', 'count': 6}, {'truth': 'Pigment gland', 'prediction': 'Mesophyll', 'count': 5}]
16	8	Gossypium hirsutum	256	16	240	1	1	0.9791666666666666	0.4947368421052631	[{'truth': 'unannotated_leaf_glandular', 'prediction': 'Mesophyll', 'count': 5}]
16	8	Triticum aestivum	256	16	240	1	1	1.0	1.0	[]
16	9	Arabidopsis thaliana	2366	16	2350	7	29	0.5914893617021276	0.1722592664194969	[{'truth': 'Mesophyll', 'prediction': 'G2/M phase', 'count': 75}, {'truth': 'Mesophyll', 'prediction': 'Hydathodes', 'count': 66}, {'truth': 'Unknow', 'prediction': 'S phase', 'count': 58}, {'truth': 'G2/M phase', 'prediction': 'S phase', 'count': 52}, {'truth': 'stem cell niche', 'prediction': 'proximal meristem', 'count': 52}]
16	9	Brassica rapa	256	16	240	4	8	0.6291666666666667	0.4052972685936723	[{'truth': 'Mesophyll', 'prediction': 'Unknow', 'count': 28}, {'truth': 'Meristematic cell', 'prediction': 'Unknow', 'count': 10}, {'truth': 'Unknow', 'prediction': 'Bundle sheath', 'count': 8}, {'truth': 'Mesophyll', 'prediction': 'Bundle sheath', 'count': 7}, {'truth': 'Leaf epidermis', 'prediction': 'Unknow', 'count': 5}]
16	9	Catharanthus roseus	256	16	240	3	7	0.7166666666666667	0.2202878959936586	[{'truth': 'Leaf epidermis', 'prediction': 'Mesophyll', 'count': 15}, {'truth': 'Unknow', 'prediction': 'Mesophyll', 'count': 13}, {'truth': 'Idioblast cell', 'prediction': 'Mesophyll', 'count': 9}, {'truth': 'Meristematic cell', 'prediction': 'Mesophyll', 'count': 9}, {'truth': 'Vascular tissue', 'prediction': 'Mesophyll', 'count': 7}]
16	9	Eutrema salsugineum	62	15	47	1	1	1.0	1.0	[]
16	9	Fragaria vesca	256	16	240	5	8	0.7083333333333334	0.5196299673835685	[{'truth': 'Hydathodes', 'prediction': 'Mesophyll', 'count': 26}, {'truth': 'Mesophyll', 'prediction': 'Hydathodes', 'count': 11}, {'truth': 'Unknow', 'prediction': 'Mesophyll', 'count': 10}, {'truth': 'Xylem parenchyma', 'prediction': 'Mesophyll', 'count': 8}, {'truth': 'Mesophyll', 'prediction': 'Unknow', 'count': 4}]
16	9	Gossypium bickii	256	16	240	5	8	0.6291666666666667	0.298268039877931	[{'truth': 'Procambium', 'prediction': 'Mesophyll', 'count': 18}, {'truth': 'Mesophyll', 'prediction': 'Procambium', 'count': 10}, {'truth': 'Phloem parenchyma', 'prediction': 'Companion cell', 'count': 10}, {'truth': 'Leaf epidermis', 'prediction': 'Mesophyll', 'count': 9}, {'truth': 'Mesophyll', 'prediction': 'Leaf epidermis', 'count': 8}]
16	9	Gossypium hirsutum	256	16	240	1	1	0.9791666666666666	0.4947368421052631	[{'truth': 'unannotated_leaf_glandular', 'prediction': 'Mesophyll', 'count': 5}]
16	9	Triticum aestivum	256	16	240	1	1	1.0	1.0	[]
32	0	Arabidopsis thaliana	2366	32	2334	10	29	0.6739502999143102	0.2137482929194866	[{'truth': 'stem cell niche', 'prediction': 'proximal meristem', 'count': 57}, {'truth': 'Vascular tissue', 'prediction': 'Mesophyll', 'count': 53}, {'truth': 'Root cortex', 'prediction': 'Phloem', 'count': 46}, {'truth': 'S phase', 'prediction': 'G2/M phase', 'count': 42}, {'truth': 'Mesophyll', 'prediction': 'Xylem', 'count': 29}]
32	0	Brassica rapa	256	32	224	6	8	0.7232142857142857	0.5785575558237869	[{'truth': 'Mesophyll', 'prediction': 'Unknow', 'count': 19}, {'truth': 'Unknow', 'prediction': 'Bundle sheath', 'count': 7}, {'truth': 'Unknow', 'prediction': 'Mesophyll', 'count': 6}, {'truth': 'Mesophyll', 'prediction': 'Bundle sheath', 'count': 6}, {'truth': 'Unknow', 'prediction': 'Leaf epidermis', 'count': 4}]
32	0	Catharanthus roseus	256	32	224	6	7	0.7410714285714286	0.2876339928181436	[{'truth': 'Leaf epidermis', 'prediction': 'Mesophyll', 'count': 11}, {'truth': 'Unknow', 'prediction': 'Mesophyll', 'count': 9}, {'truth': 'Idioblast cell', 'prediction': 'Meristematic cell', 'count': 7}, {'truth': 'Vascular tissue', 'prediction': 'Mesophyll', 'count': 6}, {'truth': 'Meristematic cell', 'prediction': 'Mesophyll', 'count': 5}]
32	0	Eutrema salsugineum	62	15	47	1	1	1.0	1.0	[]
32	0	Fragaria vesca	256	32	224	6	8	0.6830357142857143	0.615670508036423	[{'truth': 'Mesophyll', 'prediction': 'Hydathodes', 'count': 32}, {'truth': 'Hydathodes', 'prediction': 'Mesophyll', 'count': 11}, {'truth': 'Xylem parenchyma', 'prediction': 'Mesophyll', 'count': 7}, {'truth': 'Unknow', 'prediction': 'Mesophyll', 'count': 5}, {'truth': 'Mesophyll', 'prediction': 'Unknow', 'count': 5}]
32	0	Gossypium bickii	256	32	224	5	8	0.75	0.4920085263835264	[{'truth': 'Leaf epidermis', 'prediction': 'Mesophyll', 'count': 9}, {'truth': 'Mesophyll', 'prediction': 'Leaf epidermis', 'count': 7}, {'truth': 'Procambium', 'prediction': 'Mesophyll', 'count': 6}, {'truth': 'Mesophyll', 'prediction': 'Procambium', 'count': 6}, {'truth': 'Pigment gland', 'prediction': 'Mesophyll', 'count': 5}]
32	0	Gossypium hirsutum	256	32	224	1	1	1.0	1.0	[]
32	0	Triticum aestivum	256	32	224	1	1	1.0	1.0	[]
32	1	Arabidopsis thaliana	2366	32	2334	13	29	0.6949443016281063	0.2953744165384939	[{'truth': 'stem cell niche', 'prediction': 'proximal meristem', 'count': 60}, {'truth': 'Vascular tissue', 'prediction': 'Mesophyll', 'count': 57}, {'truth': 'G2/M phase', 'prediction': 'S phase', 'count': 40}, {'truth': 'Root cortex', 'prediction': 'Root cap', 'count': 34}, {'truth': 'Mesophyll', 'prediction': 'Xylem', 'count': 32}]
32	1	Brassica rapa	256	32	224	6	8	0.5625	0.3885007766387077	[{'truth': 'Mesophyll', 'prediction': 'Unknow', 'count': 38}, {'truth': 'Meristematic cell', 'prediction': 'Unknow', 'count': 14}, {'truth': 'Vascular tissue', 'prediction': 'Bundle sheath', 'count': 6}, {'truth': 'Bundle sheath', 'prediction': 'Mesophyll', 'count': 5}, {'truth': 'Leaf epidermis', 'prediction': 'Unknow', 'count': 5}]
32	1	Catharanthus roseus	256	32	224	5	7	0.6607142857142857	0.2293410293410293	[{'truth': 'Mesophyll', 'prediction': 'Leaf epidermis', 'count': 12}, {'truth': 'Mesophyll', 'prediction': 'Unknow', 'count': 11}, {'truth': 'Idioblast cell', 'prediction': 'Mesophyll', 'count': 9}, {'truth': 'Vascular tissue', 'prediction': 'Mesophyll', 'count': 7}, {'truth': 'Leaf epidermis', 'prediction': 'Mesophyll', 'count': 7}]
32	1	Eutrema salsugineum	62	15	47	1	1	1.0	1.0	[]
32	1	Fragaria vesca	256	32	224	7	8	0.5491071428571429	0.3904956768747574	[{'truth': 'Mesophyll', 'prediction': 'Hydathodes', 'count': 36}, {'truth': 'Hydathodes', 'prediction': 'Mesophyll', 'count': 22}, {'truth': 'Unknow', 'prediction': 'Mesophyll', 'count': 9}, {'truth': 'Abaxial epidermis', 'prediction': 'Hydathodes', 'count': 9}, {'truth': 'Adaxial epidermis', 'prediction': 'Hydathodes', 'count': 7}]
32	1	Gossypium bickii	256	32	224	4	8	0.6696428571428571	0.3079542492179353	[{'truth': 'Procambium', 'prediction': 'Mesophyll', 'count': 19}, {'truth': 'Leaf epidermis', 'prediction': 'Mesophyll', 'count': 7}, {'truth': 'Companion cell', 'prediction': 'Mesophyll', 'count': 7}, {'truth': 'Mesophyll', 'prediction': 'Leaf epidermis', 'count': 5}, {'truth': 'Pigment gland', 'prediction': 'Mesophyll', 'count': 5}]
32	1	Gossypium hirsutum	256	32	224	1	1	1.0	1.0	[]
32	1	Triticum aestivum	256	32	224	1	1	1.0	1.0	[]
32	2	Arabidopsis thaliana	2366	32	2334	12	29	0.6893744644387317	0.2278231943023304	[{'truth': 'G2/M phase', 'prediction': 'Columella root cap', 'count': 47}, {'truth': 'S phase', 'prediction': 'Columella root cap', 'count': 43}, {'truth': 'Unknow', 'prediction': 'Non-hair', 'count': 42}, {'truth': 'Shoot system epidermis', 'prediction': 'Vascular tissue', 'count': 41}, {'truth': 'Xylem', 'prediction': 'Mesophyll', 'count': 40}]
32	2	Brassica rapa	256	32	224	6	8	0.6964285714285714	0.6380854410583054	[{'truth': 'Unknow', 'prediction': 'Mesophyll', 'count': 32}, {'truth': 'Bundle sheath', 'prediction': 'Mesophyll', 'count': 8}, {'truth': 'Mesophyll', 'prediction': 'Unknow', 'count': 5}, {'truth': 'Unknow', 'prediction': 'Leaf epidermis', 'count': 4}, {'truth': 'Vascular tissue', 'prediction': 'Mesophyll', 'count': 3}]
32	2	Catharanthus roseus	256	32	224	5	7	0.7321428571428571	0.2525725384493419	[{'truth': 'Leaf epidermis', 'prediction': 'Mesophyll', 'count': 11}, {'truth': 'Idioblast cell', 'prediction': 'Mesophyll', 'count': 7}, {'truth': 'Unknow', 'prediction': 'Mesophyll', 'count': 7}, {'truth': 'Idioblast cell', 'prediction': 'Leaf epidermis', 'count': 6}, {'truth': 'Meristematic cell', 'prediction': 'Mesophyll', 'count': 6}]
32	2	Eutrema salsugineum	62	15	47	1	1	1.0	1.0	[]
32	2	Fragaria vesca	256	32	224	6	8	0.6741071428571429	0.4175274057082624	[{'truth': 'Hydathodes', 'prediction': 'Mesophyll', 'count': 19}, {'truth': 'Mesophyll', 'prediction': 'Hydathodes', 'count': 18}, {'truth': 'Unknow', 'prediction': 'Mesophyll', 'count': 9}, {'truth': 'Abaxial epidermis', 'prediction': 'Leaf epidermis', 'count': 5}, {'truth': 'Abaxial epidermis', 'prediction': 'Adaxial epidermis', 'count': 3}]
32	2	Gossypium bickii	256	32	224	7	8	0.7232142857142857	0.5037555298753691	[{'truth': 'Leaf epidermis', 'prediction': 'Mesophyll', 'count': 11}, {'truth': 'Phloem parenchyma', 'prediction': 'Companion cell', 'count': 7}, {'truth': 'Companion cell', 'prediction': 'Phloem parenchyma', 'count': 7}, {'truth': 'Mesophyll', 'prediction': 'Procambium', 'count': 6}, {'truth': 'Phloem parenchyma', 'prediction': 'Leaf epidermis', 'count': 5}]
32	2	Gossypium hirsutum	256	32	224	1	1	0.9866071428571428	0.4966292134831461	[{'truth': 'unannotated_leaf_glandular', 'prediction': 'Mesophyll', 'count': 3}]
32	2	Triticum aestivum	256	32	224	1	1	1.0	1.0	[]
32	3	Arabidopsis thaliana	2366	32	2334	15	29	0.6799485861182519	0.2760370495005087	[{'truth': 'stem cell niche', 'prediction': 'proximal meristem', 'count': 50}, {'truth': 'Root cortex', 'prediction': 'G2/M phase', 'count': 46}, {'truth': 'G2/M phase', 'prediction': 'Root cortex', 'count': 45}, {'truth': 'Vascular tissue', 'prediction': 'Shoot apical meristem', 'count': 38}, {'truth': 'Unknow', 'prediction': 'Non-hair', 'count': 36}]
32	3	Brassica rapa	256	32	224	6	8	0.6741071428571429	0.5798650911286781	[{'truth': 'Unknow', 'prediction': 'Mesophyll', 'count': 17}, {'truth': 'Mesophyll', 'prediction': 'Unknow', 'count': 15}, {'truth': 'Unknow', 'prediction': 'Bundle sheath', 'count': 6}, {'truth': 'Unknow', 'prediction': 'Meristematic cell', 'count': 5}, {'truth': 'Leaf epidermis', 'prediction': 'Unknow', 'count': 5}]
32	3	Catharanthus roseus	256	32	224	6	7	0.7544642857142857	0.324793182579154	[{'truth': 'Unknow', 'prediction': 'Mesophyll', 'count': 11}, {'truth': 'Leaf epidermis', 'prediction': 'Mesophyll', 'count': 10}, {'truth': 'Idioblast cell', 'prediction': 'Leaf epidermis', 'count': 7}, {'truth': 'Vascular tissue', 'prediction': 'Mesophyll', 'count': 4}, {'truth': 'Mesophyll', 'prediction': 'Leaf epidermis', 'count': 4}]
32	3	Eutrema salsugineum	62	15	47	1	1	1.0	1.0	[]
32	3	Fragaria vesca	256	32	224	4	8	0.625	0.3311067503924647	[{'truth': 'Hydathodes', 'prediction': 'Mesophyll', 'count': 21}, {'truth': 'Mesophyll', 'prediction': 'Hydathodes', 'count': 16}, {'truth': 'Unknow', 'prediction': 'Mesophyll', 'count': 9}, {'truth': 'Xylem parenchyma', 'prediction': 'Unknow', 'count': 7}, {'truth': 'Abaxial epidermis', 'prediction': 'Leaf epidermis', 'count': 7}]
32	3	Gossypium bickii	256	32	224	6	8	0.7633928571428571	0.5082273041013958	[{'truth': 'Procambium', 'prediction': 'Mesophyll', 'count': 6}, {'truth': 'Leaf epidermis', 'prediction': 'Mesophyll', 'count': 6}, {'truth': 'Mesophyll', 'prediction': 'Procambium', 'count': 5}, {'truth': 'Pigment gland', 'prediction': 'Mesophyll', 'count': 5}, {'truth': 'Xylem', 'prediction': 'Mesophyll', 'count': 5}]
32	3	Gossypium hirsutum	256	32	224	1	1	0.9955357142857144	0.4988814317673378	[{'truth': 'unannotated_leaf_glandular', 'prediction': 'Mesophyll', 'count': 1}]
32	3	Triticum aestivum	256	32	224	1	1	1.0	1.0	[]
32	4	Arabidopsis thaliana	2366	32	2334	10	29	0.676949443016281	0.2272738986837374	[{'truth': 'G2/M phase', 'prediction': 'Columella root cap', 'count': 47}, {'truth': 'S phase', 'prediction': 'Columella root cap', 'count': 41}, {'truth': 'Root cap', 'prediction': 'Root cortex', 'count': 40}, {'truth': 'Xylem', 'prediction': 'Mesophyll', 'count': 39}, {'truth': 'stem cell niche', 'prediction': 'endodermis', 'count': 34}]
32	4	Brassica rapa	256	32	224	7	7	0.7098214285714286	0.4703691476590636	[{'truth': 'Unknow', 'prediction': 'Bundle sheath', 'count': 14}, {'truth': 'Unknow', 'prediction': 'Mesophyll', 'count': 9}, {'truth': 'Mesophyll', 'prediction': 'Unknow', 'count': 8}, {'truth': 'Vascular tissue', 'prediction': 'Bundle sheath', 'count': 5}, {'truth': 'Mesophyll', 'prediction': 'Bundle sheath', 'count': 5}]
32	4	Catharanthus roseus	256	32	224	6	7	0.75	0.3296536394901444	[{'truth': 'Unknow', 'prediction': 'Mesophyll', 'count': 12}, {'truth': 'Mesophyll', 'prediction': 'Meristematic cell', 'count': 7}, {'truth': 'Leaf epidermis', 'prediction': 'Mesophyll', 'count': 7}, {'truth': 'Mesophyll', 'prediction': 'Vascular tissue', 'count': 5}, {'truth': 'Vascular tissue', 'prediction': 'Mesophyll', 'count': 4}]
32	4	Eutrema salsugineum	62	15	47	1	1	1.0	1.0	[]
32	4	Fragaria vesca	256	32	224	5	8	0.59375	0.3663004098507953	[{'truth': 'Mesophyll', 'prediction': 'Hydathodes', 'count': 37}, {'truth': 'Hydathodes', 'prediction': 'Mesophyll', 'count': 14}, {'truth': 'Unknow', 'prediction': 'Mesophyll', 'count': 9}, {'truth': 'Xylem parenchyma', 'prediction': 'Mesophyll', 'count': 5}, {'truth': 'Abaxial epidermis', 'prediction': 'Leaf epidermis', 'count': 5}]
32	4	Gossypium bickii	256	32	224	6	8	0.7053571428571429	0.4487795982493547	[{'truth': 'Leaf epidermis', 'prediction': 'Mesophyll', 'count': 12}, {'truth': 'Companion cell', 'prediction': 'Mesophyll', 'count': 8}, {'truth': 'Mesophyll', 'prediction': 'Procambium', 'count': 6}, {'truth': 'Xylem', 'prediction': 'Mesophyll', 'count': 6}, {'truth': 'Procambium', 'prediction': 'Mesophyll', 'count': 5}]
32	4	Gossypium hirsutum	256	32	224	1	1	0.9955357142857144	0.4988814317673378	[{'truth': 'unannotated_leaf_glandular', 'prediction': 'Mesophyll', 'count': 1}]
32	4	Triticum aestivum	256	32	224	1	1	1.0	1.0	[]
32	5	Arabidopsis thaliana	2366	32	2334	16	29	0.6808054841473865	0.2993814732306668	[{'truth': 'stem cell niche', 'prediction': 'proximal meristem', 'count': 54}, {'truth': 'S phase', 'prediction': 'G2/M phase', 'count': 53}, {'truth': 'Root cortex', 'prediction': 'Unknow', 'count': 45}, {'truth': 'Unknow', 'prediction': 'Root hair', 'count': 39}, {'truth': 'Root cap', 'prediction': 'Unknow', 'count': 38}]
32	5	Brassica rapa	256	32	224	6	8	0.6830357142857143	0.615180409356629	[{'truth': 'Unknow', 'prediction': 'Mesophyll', 'count': 25}, {'truth': 'Leaf epidermis', 'prediction': 'Unknow', 'count': 8}, {'truth': 'Mesophyll', 'prediction': 'Unknow', 'count': 8}, {'truth': 'Unknow', 'prediction': 'Bundle sheath', 'count': 5}, {'truth': 'Bundle sheath', 'prediction': 'Unknow', 'count': 5}]
32	5	Catharanthus roseus	256	32	224	6	7	0.7767857142857143	0.3604640943343783	[{'truth': 'Unknow', 'prediction': 'Mesophyll', 'count': 11}, {'truth': 'Leaf epidermis', 'prediction': 'Mesophyll', 'count': 10}, {'truth': 'Vascular tissue', 'prediction': 'Mesophyll', 'count': 5}, {'truth': 'Leaf epidermis', 'prediction': 'Idioblast cell', 'count': 4}, {'truth': 'Mesophyll', 'prediction': 'Vascular tissue', 'count': 3}]
32	5	Eutrema salsugineum	62	15	47	1	1	1.0	1.0	[]
32	5	Fragaria vesca	256	32	224	5	8	0.6919642857142857	0.5500753411794586	[{'truth': 'Hydathodes', 'prediction': 'Mesophyll', 'count': 25}, {'truth': 'Mesophyll', 'prediction': 'Hydathodes', 'count': 9}, {'truth': 'Abaxial epidermis', 'prediction': 'Hydathodes', 'count': 9}, {'truth': 'Mesophyll', 'prediction': 'Unknow', 'count': 6}, {'truth': 'Unknow', 'prediction': 'Mesophyll', 'count': 6}]
32	5	Gossypium bickii	256	32	224	6	8	0.7276785714285714	0.4253011065065976	[{'truth': 'Procambium', 'prediction': 'Mesophyll', 'count': 10}, {'truth': 'Leaf epidermis', 'prediction': 'Mesophyll', 'count': 10}, {'truth': 'Phloem parenchyma', 'prediction': 'Companion cell', 'count': 6}, {'truth': 'Pigment gland', 'prediction': 'Mesophyll', 'count': 5}, {'truth': 'Mesophyll', 'prediction': 'Procambium', 'count': 5}]
32	5	Gossypium hirsutum	256	32	224	1	1	0.9866071428571428	0.4966292134831461	[{'truth': 'unannotated_leaf_glandular', 'prediction': 'Mesophyll', 'count': 3}]
32	5	Triticum aestivum	256	32	224	1	1	1.0	1.0	[]
32	6	Arabidopsis thaliana	2366	32	2334	12	29	0.6032562125107113	0.2183405956688809	[{'truth': 'Mesophyll', 'prediction': 'unannotated_leaf_glandular', 'count': 78}, {'truth': 'Mesophyll', 'prediction': 'Hydathodes', 'count': 70}, {'truth': 'Mesophyll', 'prediction': 'Companion cell', 'count': 43}, {'truth': 'G2/M phase', 'prediction': 'S phase', 'count': 38}, {'truth': 'Xylem', 'prediction': 'Mesophyll', 'count': 36}]
32	6	Brassica rapa	256	32	224	5	8	0.7410714285714286	0.5813754117999401	[{'truth': 'Unknow', 'prediction': 'Mesophyll', 'count': 14}, {'truth': 'Mesophyll', 'prediction': 'Unknow', 'count': 12}, {'truth': 'Bundle sheath', 'prediction': 'Mesophyll', 'count': 8}, {'truth': 'Bundle sheath', 'prediction': 'Unknow', 'count': 7}, {'truth': 'Vascular tissue', 'prediction': 'Mesophyll', 'count': 4}]
32	6	Catharanthus roseus	256	32	224	4	7	0.6964285714285714	0.1983692106979778	[{'truth': 'Leaf epidermis', 'prediction': 'Mesophyll', 'count': 26}, {'truth': 'Unknow', 'prediction': 'Mesophyll', 'count': 13}, {'truth': 'Idioblast cell', 'prediction': 'Mesophyll', 'count': 8}, {'truth': 'Meristematic cell', 'prediction': 'Mesophyll', 'count': 8}, {'truth': 'Vascular tissue', 'prediction': 'Mesophyll', 'count': 7}]
32	6	Eutrema salsugineum	62	15	47	1	1	1.0	1.0	[]
32	6	Fragaria vesca	256	32	224	6	8	0.6875	0.5205567722371968	[{'truth': 'Hydathodes', 'prediction': 'Mesophyll', 'count': 27}, {'truth': 'Mesophyll', 'prediction': 'Hydathodes', 'count': 15}, {'truth': 'Unknow', 'prediction': 'Mesophyll', 'count': 9}, {'truth': 'Xylem parenchyma', 'prediction': 'Mesophyll', 'count': 8}, {'truth': 'Xylem', 'prediction': 'Adaxial epidermis', 'count': 3}]
32	6	Gossypium bickii	256	32	224	7	8	0.7053571428571429	0.4165071786816577	[{'truth': 'Mesophyll', 'prediction': 'Procambium', 'count': 13}, {'truth': 'Leaf epidermis', 'prediction': 'Mesophyll', 'count': 8}, {'truth': 'Phloem parenchyma', 'prediction': 'Leaf epidermis', 'count': 6}, {'truth': 'Xylem', 'prediction': 'Mesophyll', 'count': 6}, {'truth': 'Pigment gland', 'prediction': 'Mesophyll', 'count': 5}]
32	6	Gossypium hirsutum	256	32	224	1	1	1.0	1.0	[]
32	6	Triticum aestivum	256	32	224	1	1	1.0	1.0	[]
32	7	Arabidopsis thaliana	2366	32	2334	12	29	0.6730934018851756	0.2462855236990249	[{'truth': 'Root cortex', 'prediction': 'Root hair', 'count': 49}, {'truth': 'G2/M phase', 'prediction': 'Unknow', 'count': 41}, {'truth': 'Vascular tissue', 'prediction': 'Shoot apical meristem', 'count': 40}, {'truth': 'Root hair', 'prediction': 'Unknow', 'count': 38}, {'truth': 'S phase', 'prediction': 'Unknow', 'count': 35}]
32	7	Brassica rapa	256	32	224	6	8	0.6517857142857143	0.5728786629133463	[{'truth': 'Mesophyll', 'prediction': 'Unknow', 'count': 22}, {'truth': 'Unknow', 'prediction': 'Mesophyll', 'count': 10}, {'truth': 'Leaf epidermis', 'prediction': 'Unknow', 'count': 9}, {'truth': 'Unknow', 'prediction': 'Bundle sheath', 'count': 9}, {'truth': 'Bundle sheath', 'prediction': 'Unknow', 'count': 7}]
32	7	Catharanthus roseus	256	32	224	6	7	0.7053571428571429	0.3090040831562188	[{'truth': 'Unknow', 'prediction': 'Mesophyll', 'count': 9}, {'truth': 'Mesophyll', 'prediction': 'Leaf epidermis', 'count': 8}, {'truth': 'Leaf epidermis', 'prediction': 'Mesophyll', 'count': 7}, {'truth': 'Idioblast cell', 'prediction': 'Mesophyll', 'count': 6}, {'truth': 'Vascular tissue', 'prediction': 'Mesophyll', 'count': 5}]
32	7	Eutrema salsugineum	62	15	47	1	1	1.0	1.0	[]
32	7	Fragaria vesca	256	32	224	6	8	0.71875	0.6006350267379679	[{'truth': 'Hydathodes', 'prediction': 'Mesophyll', 'count': 19}, {'truth': 'Mesophyll', 'prediction': 'Hydathodes', 'count': 15}, {'truth': 'Unknow', 'prediction': 'Mesophyll', 'count': 8}, {'truth': 'Xylem parenchyma', 'prediction': 'Adaxial epidermis', 'count': 4}, {'truth': 'Xylem parenchyma', 'prediction': 'Mesophyll', 'count': 4}]
32	7	Gossypium bickii	256	32	224	7	8	0.6651785714285714	0.3860497479378966	[{'truth': 'Mesophyll', 'prediction': 'Leaf epidermis', 'count': 9}, {'truth': 'Leaf epidermis', 'prediction': 'Mesophyll', 'count': 9}, {'truth': 'Phloem parenchyma', 'prediction': 'Leaf epidermis', 'count': 9}, {'truth': 'Procambium', 'prediction': 'Mesophyll', 'count': 7}, {'truth': 'Phloem parenchyma', 'prediction': 'Mesophyll', 'count': 6}]
32	7	Gossypium hirsutum	256	32	224	1	1	0.9866071428571428	0.4966292134831461	[{'truth': 'unannotated_leaf_glandular', 'prediction': 'Mesophyll', 'count': 3}]
32	7	Triticum aestivum	256	32	224	1	1	1.0	1.0	[]
32	8	Arabidopsis thaliana	2366	32	2334	15	29	0.681662382176521	0.3245572919507145	[{'truth': 'Mesophyll', 'prediction': 'Xylem', 'count': 133}, {'truth': 'stem cell niche', 'prediction': 'proximal meristem', 'count': 55}, {'truth': 'Vascular tissue', 'prediction': 'Mesophyll', 'count': 36}, {'truth': 'G2/M phase', 'prediction': 'S phase', 'count': 36}, {'truth': 'Root cap', 'prediction': 'Root cortex', 'count': 28}]
32	8	Brassica rapa	256	32	224	6	8	0.7232142857142857	0.5997706395348521	[{'truth': 'Unknow', 'prediction': 'Mesophyll', 'count': 20}, {'truth': 'Unknow', 'prediction': 'Bundle sheath', 'count': 7}, {'truth': 'Bundle sheath', 'prediction': 'Unknow', 'count': 7}, {'truth': 'Mesophyll', 'prediction': 'Unknow', 'count': 5}, {'truth': 'Mesophyll', 'prediction': 'Bundle sheath', 'count': 4}]
32	8	Catharanthus roseus	256	32	224	4	7	0.7142857142857143	0.2207013259644838	[{'truth': 'Leaf epidermis', 'prediction': 'Mesophyll', 'count': 17}, {'truth': 'Idioblast cell', 'prediction': 'Mesophyll', 'count': 11}, {'truth': 'Unknow', 'prediction': 'Mesophyll', 'count': 11}, {'truth': 'Vascular tissue', 'prediction': 'Mesophyll', 'count': 7}, {'truth': 'Meristematic cell', 'prediction': 'Mesophyll', 'count': 4}]
32	8	Eutrema salsugineum	62	15	47	1	1	1.0	1.0	[]
32	8	Fragaria vesca	256	32	224	8	8	0.7142857142857143	0.5958220122412012	[{'truth': 'Hydathodes', 'prediction': 'Mesophyll', 'count': 17}, {'truth': 'Mesophyll', 'prediction': 'Hydathodes', 'count': 17}, {'truth': 'Unknow', 'prediction': 'Mesophyll', 'count': 10}, {'truth': 'Xylem parenchyma', 'prediction': 'Mesophyll', 'count': 4}, {'truth': 'Adaxial epidermis', 'prediction': 'Hydathodes', 'count': 3}]
32	8	Gossypium bickii	256	32	224	6	8	0.7008928571428571	0.4442342094583048	[{'truth': 'Leaf epidermis', 'prediction': 'Mesophyll', 'count': 17}, {'truth': 'Mesophyll', 'prediction': 'Xylem', 'count': 7}, {'truth': 'Mesophyll', 'prediction': 'Procambium', 'count': 6}, {'truth': 'Pigment gland', 'prediction': 'Mesophyll', 'count': 5}, {'truth': 'Phloem parenchyma', 'prediction': 'Companion cell', 'count': 5}]
32	8	Gossypium hirsutum	256	32	224	1	1	1.0	1.0	[]
32	8	Triticum aestivum	256	32	224	1	1	1.0	1.0	[]
32	9	Arabidopsis thaliana	2366	32	2334	9	29	0.6889460154241646	0.2208437636150347	[{'truth': 'Unknow', 'prediction': 'Root hair', 'count': 65}, {'truth': 'stem cell niche', 'prediction': 'proximal meristem', 'count': 61}, {'truth': 'Mesophyll', 'prediction': 'Xylem', 'count': 46}, {'truth': 'Vascular tissue', 'prediction': 'Mesophyll', 'count': 38}, {'truth': 'Shoot system epidermis', 'prediction': 'S phase', 'count': 37}]
32	9	Brassica rapa	256	32	224	6	8	0.7053571428571429	0.619061659651335	[{'truth': 'Unknow', 'prediction': 'Mesophyll', 'count': 19}, {'truth': 'Mesophyll', 'prediction': 'Unknow', 'count': 8}, {'truth': 'Meristematic cell', 'prediction': 'Unknow', 'count': 7}, {'truth': 'Unknow', 'prediction': 'Bundle sheath', 'count': 7}, {'truth': 'Mesophyll', 'prediction': 'Bundle sheath', 'count': 6}]
32	9	Catharanthus roseus	256	32	224	5	7	0.7232142857142857	0.342637419085476	[{'truth': 'Unknow', 'prediction': 'Mesophyll', 'count': 9}, {'truth': 'Mesophyll', 'prediction': 'Unknow', 'count': 8}, {'truth': 'Mesophyll', 'prediction': 'Meristematic cell', 'count': 6}, {'truth': 'Vascular tissue', 'prediction': 'Mesophyll', 'count': 6}, {'truth': 'Leaf epidermis', 'prediction': 'Mesophyll', 'count': 6}]
32	9	Eutrema salsugineum	62	15	47	1	1	1.0	1.0	[]
32	9	Fragaria vesca	256	32	224	6	8	0.7232142857142857	0.6448229520134721	[{'truth': 'Mesophyll', 'prediction': 'Hydathodes', 'count': 19}, {'truth': 'Hydathodes', 'prediction': 'Mesophyll', 'count': 17}, {'truth': 'Unknow', 'prediction': 'Mesophyll', 'count': 11}, {'truth': 'Xylem', 'prediction': 'Unknow', 'count': 3}, {'truth': 'Xylem parenchyma', 'prediction': 'Unknow', 'count': 2}]
32	9	Gossypium bickii	256	32	224	6	8	0.7276785714285714	0.4497651398846252	[{'truth': 'Phloem parenchyma', 'prediction': 'Companion cell', 'count': 8}, {'truth': 'Leaf epidermis', 'prediction': 'Mesophyll', 'count': 8}, {'truth': 'Mesophyll', 'prediction': 'Procambium', 'count': 7}, {'truth': 'Procambium', 'prediction': 'Mesophyll', 'count': 5}, {'truth': 'Pigment gland', 'prediction': 'Mesophyll', 'count': 5}]
32	9	Gossypium hirsutum	256	32	224	1	1	1.0	1.0	[]
32	9	Triticum aestivum	256	32	224	1	1	1.0	1.0	[]
64	0	Arabidopsis thaliana	2366	64	2302	16	29	0.7267593397046047	0.3410493041616619	[{'truth': 'Mesophyll', 'prediction': 'Xylem', 'count': 57}, {'truth': 'Root cortex', 'prediction': 'Root cap', 'count': 38}, {'truth': 'proximal meristem', 'prediction': 'stem cell niche', 'count': 37}, {'truth': 'Unknow', 'prediction': 'Root hair', 'count': 34}, {'truth': 'S phase', 'prediction': 'G2/M phase', 'count': 31}]
64	0	Brassica rapa	256	64	192	6	8	0.734375	0.641501420805535	[{'truth': 'Unknow', 'prediction': 'Mesophyll', 'count': 12}, {'truth': 'Mesophyll', 'prediction': 'Unknow', 'count': 10}, {'truth': 'Bundle sheath', 'prediction': 'Unknow', 'count': 8}, {'truth': 'Vascular tissue', 'prediction': 'Leaf epidermis', 'count': 4}, {'truth': 'Unknow', 'prediction': 'Bundle sheath', 'count': 3}]
64	0	Catharanthus roseus	256	64	192	6	7	0.7239583333333334	0.3531252222143212	[{'truth': 'Mesophyll', 'prediction': 'Leaf epidermis', 'count': 10}, {'truth': 'Leaf epidermis', 'prediction': 'Mesophyll', 'count': 9}, {'truth': 'Unknow', 'prediction': 'Mesophyll', 'count': 8}, {'truth': 'Idioblast cell', 'prediction': 'Mesophyll', 'count': 6}, {'truth': 'Meristematic cell', 'prediction': 'Mesophyll', 'count': 5}]
64	0	Eutrema salsugineum	62	15	47	1	1	1.0	1.0	[]
64	0	Fragaria vesca	256	64	192	6	8	0.6302083333333334	0.3918859649122807	[{'truth': 'Hydathodes', 'prediction': 'Mesophyll', 'count': 19}, {'truth': 'Mesophyll', 'prediction': 'Hydathodes', 'count': 18}, {'truth': 'Unknow', 'prediction': 'Mesophyll', 'count': 10}, {'truth': 'Abaxial epidermis', 'prediction': 'Leaf epidermis', 'count': 6}, {'truth': 'Mesophyll', 'prediction': 'Unknow', 'count': 3}]
64	0	Gossypium bickii	256	64	192	5	8	0.7291666666666666	0.4652648277648277	[{'truth': 'Procambium', 'prediction': 'Mesophyll', 'count': 7}, {'truth': 'Mesophyll', 'prediction': 'Leaf epidermis', 'count': 7}, {'truth': 'Xylem', 'prediction': 'Mesophyll', 'count': 6}, {'truth': 'Pigment gland', 'prediction': 'Mesophyll', 'count': 5}, {'truth': 'Xylem', 'prediction': 'Leaf epidermis', 'count': 5}]
64	0	Gossypium hirsutum	256	64	192	1	1	1.0	1.0	[]
64	0	Triticum aestivum	256	64	192	1	1	1.0	1.0	[]
64	1	Arabidopsis thaliana	2366	64	2302	19	29	0.737619461337967	0.3905813997582626	[{'truth': 'stem cell niche', 'prediction': 'proximal meristem', 'count': 60}, {'truth': 'Shoot system epidermis', 'prediction': 'Vascular tissue', 'count': 48}, {'truth': 'Root cortex', 'prediction': 'Non-hair', 'count': 29}, {'truth': 'Vascular tissue', 'prediction': 'Mesophyll', 'count': 27}, {'truth': 'S phase', 'prediction': 'G2/M phase', 'count': 24}]
64	1	Brassica rapa	256	64	192	7	7	0.703125	0.6843189642893978	[{'truth': 'Mesophyll', 'prediction': 'Unknow', 'count': 13}, {'truth': 'Unknow', 'prediction': 'Bundle sheath', 'count': 8}, {'truth': 'Unknow', 'prediction': 'Mesophyll', 'count': 7}, {'truth': 'Leaf epidermis', 'prediction': 'Unknow', 'count': 6}, {'truth': 'Mesophyll', 'prediction': 'Bundle sheath', 'count': 6}]
64	1	Catharanthus roseus	256	64	192	7	7	0.765625	0.4659596884000811	[{'truth': 'Mesophyll', 'prediction': 'Unknow', 'count': 7}, {'truth': 'Unknow', 'prediction': 'Mesophyll', 'count': 7}, {'truth': 'Leaf epidermis', 'prediction': 'Mesophyll', 'count': 6}, {'truth': 'Vascular tissue', 'prediction': 'Mesophyll', 'count': 3}, {'truth': 'Idioblast cell', 'prediction': 'Mesophyll', 'count': 3}]
64	1	Eutrema salsugineum	62	15	47	1	1	1.0	1.0	[]
64	1	Fragaria vesca	256	64	192	8	8	0.7083333333333334	0.5834328436673877	[{'truth': 'Hydathodes', 'prediction': 'Mesophyll', 'count': 22}, {'truth': 'Unknow', 'prediction': 'Mesophyll', 'count': 10}, {'truth': 'Mesophyll', 'prediction': 'Hydathodes', 'count': 6}, {'truth': 'Mesophyll', 'prediction': 'Unknow', 'count': 3}, {'truth': 'Adaxial epidermis', 'prediction': 'Hydathodes', 'count': 3}]
64	1	Gossypium bickii	256	64	192	8	8	0.7447916666666666	0.4578530531151498	[{'truth': 'Mesophyll', 'prediction': 'Procambium', 'count': 7}, {'truth': 'Leaf epidermis', 'prediction': 'Mesophyll', 'count': 6}, {'truth': 'Procambium', 'prediction': 'Mesophyll', 'count': 5}, {'truth': 'Companion cell', 'prediction': 'Phloem parenchyma', 'count': 5}, {'truth': 'Pigment gland', 'prediction': 'Mesophyll', 'count': 4}]
64	1	Gossypium hirsutum	256	64	192	1	1	1.0	1.0	[]
64	1	Triticum aestivum	256	64	192	1	1	1.0	1.0	[]
64	2	Arabidopsis thaliana	2366	64	2302	15	29	0.6972198088618593	0.2788544666838164	[{'truth': 'Root hair', 'prediction': 'Unknow', 'count': 44}, {'truth': 'stem cell niche', 'prediction': 'proximal meristem', 'count': 39}, {'truth': 'Xylem', 'prediction': 'Mesophyll', 'count': 27}, {'truth': 'G2/M phase', 'prediction': 'Unknow', 'count': 27}, {'truth': 'Vascular tissue', 'prediction': 'Mesophyll', 'count': 26}]
64	2	Brassica rapa	256	64	192	7	7	0.671875	0.6828789553592048	[{'truth': 'Unknow', 'prediction': 'Mesophyll', 'count': 26}, {'truth': 'Mesophyll', 'prediction': 'Unknow', 'count': 8}, {'truth': 'Unknow', 'prediction': 'Bundle sheath', 'count': 5}, {'truth': 'Bundle sheath', 'prediction': 'Unknow', 'count': 5}, {'truth': 'Vascular tissue', 'prediction': 'Mesophyll', 'count': 3}]
64	2	Catharanthus roseus	256	64	192	7	7	0.703125	0.414605785131184	[{'truth': 'Leaf epidermis', 'prediction': 'Mesophyll', 'count': 14}, {'truth': 'Unknow', 'prediction': 'Mesophyll', 'count': 8}, {'truth': 'Mesophyll', 'prediction': 'Unknow', 'count': 7}, {'truth': 'Idioblast cell', 'prediction': 'Mesophyll', 'count': 7}, {'truth': 'Meristematic cell', 'prediction': 'Mesophyll', 'count': 7}]
64	2	Eutrema salsugineum	62	15	47	1	1	1.0	1.0	[]
64	2	Fragaria vesca	256	64	192	7	8	0.71875	0.69735764139713	[{'truth': 'Hydathodes', 'prediction': 'Mesophyll', 'count': 24}, {'truth': 'Mesophyll', 'prediction': 'Hydathodes', 'count': 11}, {'truth': 'Unknow', 'prediction': 'Mesophyll', 'count': 5}, {'truth': 'Xylem parenchyma', 'prediction': 'Mesophyll', 'count': 3}, {'truth': 'Unknow', 'prediction': 'Hydathodes', 'count': 2}]
64	2	Gossypium bickii	256	64	192	8	8	0.7447916666666666	0.5055645743145744	[{'truth': 'Mesophyll', 'prediction': 'Procambium', 'count': 7}, {'truth': 'Phloem parenchyma', 'prediction': 'Companion cell', 'count': 7}, {'truth': 'Leaf epidermis', 'prediction': 'Mesophyll', 'count': 6}, {'truth': 'Mesophyll', 'prediction': 'Leaf epidermis', 'count': 5}, {'truth': 'Companion cell', 'prediction': 'Leaf guard cell', 'count': 3}]
64	2	Gossypium hirsutum	256	64	192	1	1	1.0	1.0	[]
64	2	Triticum aestivum	256	64	192	1	1	1.0	1.0	[]
64	3	Arabidopsis thaliana	2366	64	2302	15	29	0.762380538662033	0.3781268764900349	[{'truth': 'stem cell niche', 'prediction': 'proximal meristem', 'count': 42}, {'truth': 'Vascular tissue', 'prediction': 'Mesophyll', 'count': 27}, {'truth': 'Root endodermis', 'prediction': 'Unknow', 'count': 24}, {'truth': 'Root cortex', 'prediction': 'Root cap', 'count': 23}, {'truth': 'Leaf pavement cell', 'prediction': 'Mesophyll', 'count': 22}]
64	3	Brassica rapa	256	64	192	6	8	0.7135416666666666	0.5450548738788501	[{'truth': 'Mesophyll', 'prediction': 'Unknow', 'count': 15}, {'truth': 'Unknow', 'prediction': 'Mesophyll', 'count': 7}, {'truth': 'Bundle sheath', 'prediction': 'Unknow', 'count': 7}, {'truth': 'Vascular tissue', 'prediction': 'Leaf epidermis', 'count': 6}, {'truth': 'Unknow', 'prediction': 'Meristematic cell', 'count': 4}]
64	3	Catharanthus roseus	256	64	192	7	6	0.7552083333333334	0.3212408709303119	[{'truth': 'Leaf epidermis', 'prediction': 'Mesophyll', 'count': 12}, {'truth': 'Vascular tissue', 'prediction': 'Mesophyll', 'count': 8}, {'truth': 'Unknow', 'prediction': 'Mesophyll', 'count': 8}, {'truth': 'Meristematic cell', 'prediction': 'Mesophyll', 'count': 5}, {'truth': 'Idioblast cell', 'prediction': 'Mesophyll', 'count': 3}]
64	3	Eutrema salsugineum	62	15	47	1	1	1.0	1.0	[]
64	3	Fragaria vesca	256	64	192	8	8	0.6822916666666666	0.574605591582769	[{'truth': 'Hydathodes', 'prediction': 'Mesophyll', 'count': 27}, {'truth': 'Unknow', 'prediction': 'Mesophyll', 'count': 10}, {'truth': 'Mesophyll', 'prediction': 'Hydathodes', 'count': 7}, {'truth': 'Xylem parenchyma', 'prediction': 'Unknow', 'count': 3}, {'truth': 'Xylem parenchyma', 'prediction': 'Mesophyll', 'count': 3}]
64	3	Gossypium bickii	256	64	192	6	8	0.703125	0.3943521715713073	[{'truth': 'Leaf epidermis', 'prediction': 'Mesophyll', 'count': 8}, {'truth': 'Procambium', 'prediction': 'Mesophyll', 'count': 6}, {'truth': 'Phloem parenchyma', 'prediction': 'Companion cell', 'count': 6}, {'truth': 'Companion cell', 'prediction': 'Phloem parenchyma', 'count': 6}, {'truth': 'Pigment gland', 'prediction': 'Mesophyll', 'count': 5}]
64	3	Gossypium hirsutum	256	64	192	1	1	1.0	1.0	[]
64	3	Triticum aestivum	256	64	192	1	1	1.0	1.0	[]
64	4	Arabidopsis thaliana	2366	64	2302	18	29	0.7463075586446568	0.410641301067109	[{'truth': 'Vascular tissue', 'prediction': 'Shoot apical meristem', 'count': 36}, {'truth': 'stem cell niche', 'prediction': 'proximal meristem', 'count': 35}, {'truth': 'S phase', 'prediction': 'Mesophyll', 'count': 33}, {'truth': 'Root hair', 'prediction': 'Unknow', 'count': 31}, {'truth': 'S phase', 'prediction': 'G2/M phase', 'count': 30}]
64	4	Brassica rapa	256	64	192	6	8	0.734375	0.6171082542865631	[{'truth': 'Unknow', 'prediction': 'Mesophyll', 'count': 11}, {'truth': 'Mesophyll', 'prediction': 'Unknow', 'count': 11}, {'truth': 'Bundle sheath', 'prediction': 'Unknow', 'count': 9}, {'truth': 'Leaf epidermis', 'prediction': 'Unknow', 'count': 3}, {'truth': 'Vascular tissue', 'prediction': 'Bundle sheath', 'count': 2}]
64	4	Catharanthus roseus	256	64	192	7	7	0.7291666666666666	0.3165441544154415	[{'truth': 'Leaf epidermis', 'prediction': 'Mesophyll', 'count': 19}, {'truth': 'Unknow', 'prediction': 'Mesophyll', 'count': 10}, {'truth': 'Vascular tissue', 'prediction': 'Mesophyll', 'count': 8}, {'truth': 'Meristematic cell', 'prediction': 'Mesophyll', 'count': 6}, {'truth': 'Idioblast cell', 'prediction': 'Mesophyll', 'count': 3}]
64	4	Eutrema salsugineum	62	15	47	1	1	1.0	1.0	[]
64	4	Fragaria vesca	256	64	192	8	8	0.7083333333333334	0.6225731582099768	[{'truth': 'Hydathodes', 'prediction': 'Mesophyll', 'count': 15}, {'truth': 'Mesophyll', 'prediction': 'Hydathodes', 'count': 15}, {'truth': 'Unknow', 'prediction': 'Mesophyll', 'count': 5}, {'truth': 'Mesophyll', 'prediction': 'Unknow', 'count': 5}, {'truth': 'Mesophyll', 'prediction': 'Xylem parenchyma', 'count': 3}]
64	4	Gossypium bickii	256	64	192	8	8	0.6979166666666666	0.492938142114722	[{'truth': 'Mesophyll', 'prediction': 'Xylem', 'count': 11}, {'truth': 'Phloem parenchyma', 'prediction': 'Companion cell', 'count': 7}, {'truth': 'Leaf epidermis', 'prediction': 'Mesophyll', 'count': 7}, {'truth': 'Mesophyll', 'prediction': 'Procambium', 'count': 6}, {'truth': 'Mesophyll', 'prediction': 'Leaf epidermis', 'count': 5}]
64	4	Gossypium hirsutum	256	64	192	1	1	1.0	1.0	[]
64	4	Triticum aestivum	256	64	192	1	1	1.0	1.0	[]
64	5	Arabidopsis thaliana	2366	64	2302	18	28	0.6785403996524761	0.3039142188998787	[{'truth': 'proximal meristem', 'prediction': 'stem cell niche', 'count': 61}, {'truth': 'Mesophyll', 'prediction': 'Xylem', 'count': 49}, {'truth': 'Shoot system epidermis', 'prediction': 'S phase', 'count': 42}, {'truth': 'Root cortex', 'prediction': 'Root cap', 'count': 40}, {'truth': 'Root hair', 'prediction': 'Unknow', 'count': 33}]
64	5	Brassica rapa	256	64	192	7	7	0.6927083333333334	0.7051158777120315	[{'truth': 'Unknow', 'prediction': 'Mesophyll', 'count': 21}, {'truth': 'Mesophyll', 'prediction': 'Unknow', 'count': 9}, {'truth': 'Leaf epidermis', 'prediction': 'Unknow', 'count': 5}, {'truth': 'Bundle sheath', 'prediction': 'Mesophyll', 'count': 5}, {'truth': 'Unknow', 'prediction': 'Bundle sheath', 'count': 4}]
64	5	Catharanthus roseus	256	64	192	7	7	0.7552083333333334	0.4194555014988451	[{'truth': 'Unknow', 'prediction': 'Mesophyll', 'count': 12}, {'truth': 'Leaf epidermis', 'prediction': 'Mesophyll', 'count': 5}, {'truth': 'Mesophyll', 'prediction': 'Vascular tissue', 'count': 5}, {'truth': 'Meristematic cell', 'prediction': 'Mesophyll', 'count': 5}, {'truth': 'Vascular tissue', 'prediction': 'Mesophyll', 'count': 4}]
64	5	Eutrema salsugineum	62	15	47	1	1	1.0	1.0	[]
64	5	Fragaria vesca	256	64	192	8	8	0.6666666666666666	0.6149210435882343	[{'truth': 'Mesophyll', 'prediction': 'Hydathodes', 'count': 19}, {'truth': 'Hydathodes', 'prediction': 'Mesophyll', 'count': 18}, {'truth': 'Unknow', 'prediction': 'Mesophyll', 'count': 8}, {'truth': 'Mesophyll', 'prediction': 'Unknow', 'count': 3}, {'truth': 'Mesophyll', 'prediction': 'Xylem parenchyma', 'count': 3}]
64	5	Gossypium bickii	256	64	192	7	8	0.6927083333333334	0.3199458629605688	[{'truth': 'Procambium', 'prediction': 'Mesophyll', 'count': 17}, {'truth': 'Leaf epidermis', 'prediction': 'Mesophyll', 'count': 7}, {'truth': 'Pigment gland', 'prediction': 'Mesophyll', 'count': 5}, {'truth': 'Phloem parenchyma', 'prediction': 'Xylem', 'count': 4}, {'truth': 'Xylem', 'prediction': 'Mesophyll', 'count': 4}]
64	5	Gossypium hirsutum	256	64	192	1	1	1.0	1.0	[]
64	5	Triticum aestivum	256	64	192	1	1	1.0	1.0	[]
64	6	Arabidopsis thaliana	2366	64	2302	19	29	0.7354474370112946	0.3745039457540079	[{'truth': 'G2/M phase', 'prediction': 'S phase', 'count': 44}, {'truth': 'Unknow', 'prediction': 'Root cap', 'count': 39}, {'truth': 'Root hair', 'prediction': 'Root cap', 'count': 38}, {'truth': 'Xylem', 'prediction': 'Mesophyll', 'count': 35}, {'truth': 'stem cell niche', 'prediction': 'endodermis', 'count': 31}]
64	6	Brassica rapa	256	64	192	7	7	0.7083333333333334	0.7102394000094071	[{'truth': 'Mesophyll', 'prediction': 'Unknow', 'count': 15}, {'truth': 'Unknow', 'prediction': 'Bundle sheath', 'count': 11}, {'truth': 'Unknow', 'prediction': 'Mesophyll', 'count': 6}, {'truth': 'Leaf epidermis', 'prediction': 'Unknow', 'count': 4}, {'truth': 'Mesophyll', 'prediction': 'Vascular tissue', 'count': 3}]
64	6	Catharanthus roseus	256	64	192	6	7	0.7291666666666666	0.3232072856133006	[{'truth': 'Unknow', 'prediction': 'Mesophyll', 'count': 10}, {'truth': 'Leaf epidermis', 'prediction': 'Mesophyll', 'count': 8}, {'truth': 'Mesophyll', 'prediction': 'Leaf epidermis', 'count': 6}, {'truth': 'Mesophyll', 'prediction': 'Unknow', 'count': 6}, {'truth': 'Vascular tissue', 'prediction': 'Mesophyll', 'count': 4}]
64	6	Eutrema salsugineum	62	15	47	1	1	1.0	1.0	[]
64	6	Fragaria vesca	256	64	192	7	8	0.6979166666666666	0.6025955559632744	[{'truth': 'Mesophyll', 'prediction': 'Hydathodes', 'count': 19}, {'truth': 'Hydathodes', 'prediction': 'Mesophyll', 'count': 16}, {'truth': 'Unknow', 'prediction': 'Mesophyll', 'count': 5}, {'truth': 'Xylem', 'prediction': 'Xylem parenchyma', 'count': 3}, {'truth': 'Mesophyll', 'prediction': 'Unknow', 'count': 3}]
64	6	Gossypium bickii	256	64	192	7	8	0.7135416666666666	0.5517926632881065	[{'truth': 'Mesophyll', 'prediction': 'Procambium', 'count': 8}, {'truth': 'Mesophyll', 'prediction': 'Leaf epidermis', 'count': 8}, {'truth': 'Leaf epidermis', 'prediction': 'Mesophyll', 'count': 7}, {'truth': 'Companion cell', 'prediction': 'Phloem parenchyma', 'count': 6}, {'truth': 'Mesophyll', 'prediction': 'Xylem', 'count': 5}]
64	6	Gossypium hirsutum	256	64	192	1	1	1.0	1.0	[]
64	6	Triticum aestivum	256	64	192	1	1	1.0	1.0	[]
64	7	Arabidopsis thaliana	2366	64	2302	17	29	0.7250217202432667	0.3559833003495982	[{'truth': 'Shoot system epidermis', 'prediction': 'S phase', 'count': 49}, {'truth': 'stem cell niche', 'prediction': 'proximal meristem', 'count': 40}, {'truth': 'Xylem', 'prediction': 'Mesophyll', 'count': 39}, {'truth': 'Vascular tissue', 'prediction': 'Shoot apical meristem', 'count': 35}, {'truth': 'Root cap', 'prediction': 'Root cortex', 'count': 23}]
64	7	Brassica rapa	256	64	192	6	8	0.75	0.6583293097924301	[{'truth': 'Unknow', 'prediction': 'Mesophyll', 'count': 12}, {'truth': 'Mesophyll', 'prediction': 'Unknow', 'count': 9}, {'truth': 'Unknow', 'prediction': 'Bundle sheath', 'count': 7}, {'truth': 'Leaf epidermis', 'prediction': 'Unknow', 'count': 4}, {'truth': 'Unknow', 'prediction': 'Vascular tissue', 'count': 2}]
64	7	Catharanthus roseus	256	64	192	6	7	0.7552083333333334	0.3531134892981583	[{'truth': 'Leaf epidermis', 'prediction': 'Mesophyll', 'count': 8}, {'truth': 'Vascular tissue', 'prediction': 'Mesophyll', 'count': 7}, {'truth': 'Mesophyll', 'prediction': 'Leaf epidermis', 'count': 5}, {'truth': 'Mesophyll', 'prediction': 'Unknow', 'count': 5}, {'truth': 'Meristematic cell', 'prediction': 'Mesophyll', 'count': 4}]
64	7	Eutrema salsugineum	62	15	47	1	1	1.0	1.0	[]
64	7	Fragaria vesca	256	64	192	8	8	0.6770833333333334	0.5878510036301516	[{'truth': 'Hydathodes', 'prediction': 'Mesophyll', 'count': 23}, {'truth': 'Mesophyll', 'prediction': 'Hydathodes', 'count': 11}, {'truth': 'Unknow', 'prediction': 'Mesophyll', 'count': 7}, {'truth': 'Xylem parenchyma', 'prediction': 'Mesophyll', 'count': 5}, {'truth': 'Mesophyll', 'prediction': 'Unknow', 'count': 4}]
64	7	Gossypium bickii	256	64	192	8	8	0.734375	0.5064119691539046	[{'truth': 'Procambium', 'prediction': 'Mesophyll', 'count': 9}, {'truth': 'Leaf epidermis', 'prediction': 'Mesophyll', 'count': 8}, {'truth': 'Xylem', 'prediction': 'Mesophyll', 'count': 6}, {'truth': 'Phloem parenchyma', 'prediction': 'Companion cell', 'count': 5}, {'truth': 'Mesophyll', 'prediction': 'Procambium', 'count': 3}]
64	7	Gossypium hirsutum	256	64	192	1	1	1.0	1.0	[]
64	7	Triticum aestivum	256	64	192	1	1	1.0	1.0	[]
64	8	Arabidopsis thaliana	2366	64	2302	20	29	0.7450043440486533	0.3680876907061832	[{'truth': 'Shoot system epidermis', 'prediction': 'S phase', 'count': 43}, {'truth': 'stem cell niche', 'prediction': 'proximal meristem', 'count': 29}, {'truth': 'S phase', 'prediction': 'G2/M phase', 'count': 23}, {'truth': 'Root hair', 'prediction': 'Unknow', 'count': 23}, {'truth': 'Xylem', 'prediction': 'Mesophyll', 'count': 22}]
64	8	Brassica rapa	256	64	192	7	7	0.7395833333333334	0.4802753354628152	[{'truth': 'Mesophyll', 'prediction': 'Unknow', 'count': 14}, {'truth': 'Unknow', 'prediction': 'Mesophyll', 'count': 6}, {'truth': 'Vascular tissue', 'prediction': 'Leaf epidermis', 'count': 4}, {'truth': 'Unknow', 'prediction': 'Bundle sheath', 'count': 4}, {'truth': 'Bundle sheath', 'prediction': 'Vascular tissue', 'count': 4}]
64	8	Catharanthus roseus	256	64	192	7	7	0.7239583333333334	0.4000919715205429	[{'truth': 'Leaf epidermis', 'prediction': 'Mesophyll', 'count': 10}, {'truth': 'Unknow', 'prediction': 'Mesophyll', 'count': 10}, {'truth': 'Vascular tissue', 'prediction': 'Mesophyll', 'count': 6}, {'truth': 'Idioblast cell', 'prediction': 'Leaf epidermis', 'count': 5}, {'truth': 'Mesophyll', 'prediction': 'Meristematic cell', 'count': 4}]
64	8	Eutrema salsugineum	62	15	47	1	1	1.0	1.0	[]
64	8	Fragaria vesca	256	64	192	8	8	0.6979166666666666	0.6404101739214059	[{'truth': 'Hydathodes', 'prediction': 'Mesophyll', 'count': 20}, {'truth': 'Mesophyll', 'prediction': 'Hydathodes', 'count': 15}, {'truth': 'Unknow', 'prediction': 'Mesophyll', 'count': 9}, {'truth': 'Xylem parenchyma', 'prediction': 'Unknow', 'count': 4}, {'truth': 'Unknow', 'prediction': 'Hydathodes', 'count': 3}]
64	8	Gossypium bickii	256	64	192	8	8	0.7395833333333334	0.494365848891711	[{'truth': 'Leaf epidermis', 'prediction': 'Mesophyll', 'count': 8}, {'truth': 'Procambium', 'prediction': 'Mesophyll', 'count': 6}, {'truth': 'Mesophyll', 'prediction': 'Procambium', 'count': 6}, {'truth': 'Xylem', 'prediction': 'Mesophyll', 'count': 6}, {'truth': 'Pigment gland', 'prediction': 'Mesophyll', 'count': 4}]
64	8	Gossypium hirsutum	256	64	192	1	1	1.0	1.0	[]
64	8	Triticum aestivum	256	64	192	1	1	1.0	1.0	[]
64	9	Arabidopsis thaliana	2366	64	2302	16	29	0.7306689834926151	0.3514211928096695	[{'truth': 'G2/M phase', 'prediction': 'Columella root cap', 'count': 47}, {'truth': 'S phase', 'prediction': 'Columella root cap', 'count': 43}, {'truth': 'Shoot system epidermis', 'prediction': 'unannotated', 'count': 38}, {'truth': 'stem cell niche', 'prediction': 'proximal meristem', 'count': 29}, {'truth': 'Unknow', 'prediction': 'Columella root cap', 'count': 24}]
64	9	Brassica rapa	256	64	192	6	8	0.7239583333333334	0.6162227768639407	[{'truth': 'Mesophyll', 'prediction': 'Unknow', 'count': 11}, {'truth': 'Unknow', 'prediction': 'Mesophyll', 'count': 7}, {'truth': 'Unknow', 'prediction': 'Bundle sheath', 'count': 5}, {'truth': 'Bundle sheath', 'prediction': 'Unknow', 'count': 5}, {'truth': 'Leaf epidermis', 'prediction': 'Unknow', 'count': 4}]
64	9	Catharanthus roseus	256	64	192	6	7	0.734375	0.3212918156953503	[{'truth': 'Leaf epidermis', 'prediction': 'Mesophyll', 'count': 10}, {'truth': 'Unknow', 'prediction': 'Mesophyll', 'count': 10}, {'truth': 'Idioblast cell', 'prediction': 'Meristematic cell', 'count': 6}, {'truth': 'Mesophyll', 'prediction': 'Meristematic cell', 'count': 4}, {'truth': 'Meristematic cell', 'prediction': 'Mesophyll', 'count': 4}]
64	9	Eutrema salsugineum	62	15	47	1	1	1.0	1.0	[]
64	9	Fragaria vesca	256	64	192	8	8	0.640625	0.5770131381580315	[{'truth': 'Mesophyll', 'prediction': 'Hydathodes', 'count': 29}, {'truth': 'Hydathodes', 'prediction': 'Mesophyll', 'count': 14}, {'truth': 'Unknow', 'prediction': 'Mesophyll', 'count': 7}, {'truth': 'Adaxial epidermis', 'prediction': 'Hydathodes', 'count': 4}, {'truth': 'Xylem parenchyma', 'prediction': 'Unknow', 'count': 2}]
64	9	Gossypium bickii	256	64	192	8	8	0.7083333333333334	0.5016239355273883	[{'truth': 'Mesophyll', 'prediction': 'Procambium', 'count': 5}, {'truth': 'Mesophyll', 'prediction': 'Xylem', 'count': 5}, {'truth': 'Mesophyll', 'prediction': 'Pigment gland', 'count': 5}, {'truth': 'Mesophyll', 'prediction': 'Phloem parenchyma', 'count': 4}, {'truth': 'Leaf epidermis', 'prediction': 'Procambium', 'count': 4}]
64	9	Gossypium hirsutum	256	64	192	1	1	1.0	1.0	[]
64	9	Triticum aestivum	256	64	192	1	1	1.0	1.0	[]
