label_key	label	rank	gene	score	log2fc	mean_in	mean_out	detection_in	detection_out	n_cells_in	n_cells_out
cell_type	Columella root cap	1	AT5G02380	1.5044695138931274	2.847292184829712	2.5428199768066406	0.352480947971344	0.6397849321365356	0.11139889061450958	1302	34363
cell_type	Columella root cap	2	AT2G04025	1.2991318702697754	5.876279830932617	0.7582195401191711	0.011925010941922665	0.22503840923309326	0.003957745153456926	1302	34363
cell_type	Columella root cap	3	AT2G36950	0.8489435911178589	1.9339241981506348	2.031414031982422	0.5309159159660339	0.6036866307258606	0.16471204161643982	1302	34363
cell_type	Columella root cap	4	AT3G20840	0.7751506567001343	5.15822696685791	0.4219471216201782	0.010844182223081589	0.15437787771224976	0.004103250801563263	1302	34363
cell_type	Columella root cap	5	AT3G45730	0.762669026851654	3.296443462371826	0.7255162596702576	0.07294638454914093	0.25883257389068604	0.027471408247947693	1302	34363
cell_type	Columella root cap	6	AT3G16770	0.7011561393737793	3.7971391677856445	0.5312687754631042	0.037289369851350784	0.1981566846370697	0.013502895832061768	1302	34363
cell_type	Columella root cap	7	AT4G37870	0.6828352212905884	2.4246368408203125	0.9563980102539062	0.177321657538414	0.34331798553466797	0.06169426441192627	1302	34363
cell_type	Columella root cap	8	AT4G15910	0.679596483707428	2.469400405883789	0.9803344011306763	0.17619578540325165	0.3325652778148651	0.05735820531845093	1302	34363
cell_type	Columella root cap	9	AT5G23820	0.666468620300293	1.9417786598205566	1.379792332649231	0.35841381549835205	0.46236559748649597	0.11913977563381195	1302	34363
cell_type	Columella root cap	10	AT2G43610	0.616227388381958	1.5771712064743042	2.3977010250091553	0.8028967380523682	0.5913978219032288	0.20068097114562988	1302	34363
cell_type	Columella root cap	11	AT1G52690	0.6059946417808533	2.6647486686706543	0.8528265357017517	0.13364814221858978	0.2711213529109955	0.043709803372621536	1302	34363
cell_type	Columella root cap	12	AT3G48000	0.5677882432937622	2.251352310180664	0.8367753028869629	0.1749555617570877	0.3156681954860687	0.06346943229436874	1302	34363
cell_type	Columella root cap	13	AT2G38230	0.5460072755813599	3.9245846271514893	0.3848848342895508	0.024412067607045174	0.14823348820209503	0.009108634665608406	1302	34363
cell_type	Columella root cap	14	AT4G23590	0.5444766283035278	2.9251933097839355	0.5717809200286865	0.07440802454948425	0.2135176658630371	0.02738410420715809	1302	34363
cell_type	Columella root cap	15	AT4G33800	0.5238591432571411	4.045931339263916	0.3549322783946991	0.020548678934574127	0.13748079538345337	0.008002793416380882	1302	34363
cell_type	Columella root cap	16	AT1G54000	0.5222151875495911	1.8848971128463745	1.1004540920257568	0.29723310470581055	0.3725038468837738	0.09545150399208069	1302	34363
cell_type	Columella root cap	17	AT4G27090	0.5108160972595215	1.6404677629470825	1.2636384963989258	0.4046359360218048	0.43855607509613037	0.12717166543006897	1302	34363
cell_type	Columella root cap	18	AT1G25275	0.5099326372146606	1.4621336460113525	1.700846791267395	0.6166954636573792	0.5291858911514282	0.18042662739753723	1302	34363
cell_type	Columella root cap	19	AT5G10510	0.5096167325973511	3.402771234512329	0.42873966693878174	0.039632100611925125	0.16513057053089142	0.015365364030003548	1302	34363
cell_type	Columella root cap	20	AT2G39980	0.49236539006233215	3.611539840698242	0.4046400189399719	0.03218631073832512	0.14823348820209503	0.011902336962521076	1302	34363
cell_type	G1/G0 phase	1	ATCG00790	1.973498821258545	2.992196559906006	3.235337734222412	0.4057363271713257	0.7945736646652222	0.13502517342567444	516	35149
cell_type	G1/G0 phase	2	ATCG00740	1.9526309967041016	3.394824743270874	2.462836742401123	0.2332436591386795	0.6550387740135193	0.07986002415418625	516	35149
cell_type	G1/G0 phase	3	ATCG00170	1.9166932106018066	3.6693124771118164	2.1268718242645264	0.16625237464904785	0.5794573426246643	0.05709977447986603	516	35149
cell_type	G1/G0 phase	4	ATCG00800	1.9101682901382446	3.0869810581207275	2.8424599170684814	0.33363643288612366	0.7306201457977295	0.11183817684650421	516	35149
cell_type	G1/G0 phase	5	ATCG00770	1.863161325454712	3.3965060710906982	2.3090717792510986	0.2183689922094345	0.6240310072898865	0.07547867298126221	516	35149
cell_type	G1/G0 phase	6	ATCG00810	1.8051109313964844	3.327132225036621	2.289743185043335	0.22724950313568115	0.6201550364494324	0.07761245220899582	516	35149
cell_type	G1/G0 phase	7	ATCG01130	1.6985132694244385	2.5644168853759766	4.189279556274414	0.7073968052864075	0.8779069781303406	0.21556800603866577	516	35149
cell_type	G1/G0 phase	8	ATCG00780	1.6776177883148193	3.219578742980957	2.3085875511169434	0.24693888425827026	0.606589138507843	0.0855216383934021	516	35149
cell_type	G1/G0 phase	9	ATCG00820	1.5944006443023682	3.4301300048828125	1.8713631629943848	0.17270731925964355	0.5251938104629517	0.06037156283855438	516	35149
cell_type	G1/G0 phase	10	ATCG00160	1.5270694494247437	4.102225303649902	1.2983791828155518	0.0746559426188469	0.39922481775283813	0.026970895007252693	516	35149
cell_type	G1/G0 phase	11	ATCG01020	1.5240490436553955	3.4055495262145996	1.8052310943603516	0.16945147514343262	0.5058139562606812	0.058294687420129776	516	35149
cell_type	G1/G0 phase	12	ATCG00470	1.515460729598999	3.1327435970306396	2.017716407775879	0.2291576862335205	0.5620155334472656	0.07826680690050125	516	35149
cell_type	G1/G0 phase	13	ATCG00040	1.4481559991836548	3.6166369915008545	1.6057778596878052	0.12999044358730316	0.44573643803596497	0.04532134532928467	516	35149
cell_type	G1/G0 phase	14	ATCG00180	1.4197027683258057	3.7849249839782715	1.4817614555358887	0.10657103359699249	0.4127906858921051	0.03769666329026222	516	35149
cell_type	G1/G0 phase	15	ATCG00540	1.343809962272644	3.4083800315856934	1.540501594543457	0.1441842019557953	0.4437984526157379	0.04953199252486229	516	35149
cell_type	G1/G0 phase	16	ATCG00750	1.3311017751693726	3.6659743785858154	1.3639219999313354	0.10653246939182281	0.4011628031730652	0.03806651756167412	516	35149
cell_type	G1/G0 phase	17	ATCG00660	1.1859393119812012	3.2077672481536865	1.4458839893341064	0.1556028127670288	0.4244185984134674	0.05470994859933853	516	35149
cell_type	G1/G0 phase	18	ATCG00500	1.156718373298645	2.5710208415985107	2.156317710876465	0.3620443642139435	0.569767415523529	0.1198611631989479	516	35149
cell_type	G1/G0 phase	19	ATCG00130	1.0919125080108643	3.7036170959472656	1.0756880044937134	0.08163994550704956	0.32364341616630554	0.028820166364312172	516	35149
cell_type	G1/G0 phase	20	ATCG00380	1.052585482597351	3.9724929332733154	0.8937544822692871	0.055998627096414566	0.2848837077617645	0.01991521753370762	516	35149
cell_type	Lateral root cap	1	AT1G26820	3.025179147720337	5.740530490875244	2.000293493270874	0.03643164783716202	0.5384392142295837	0.011453225277364254	3447	32218
cell_type	Lateral root cap	2	AT3G16440	2.9497182369232178	4.086220741271973	3.738694429397583	0.2191714644432068	0.7867711186408997	0.06490160524845123	3447	32218
cell_type	Lateral root cap	3	AT1G15385	2.8712997436523438	4.243757724761963	2.594723701477051	0.1360124796628952	0.720916748046875	0.04432304948568344	3447	32218
cell_type	Lateral root cap	4	AT1G06090	2.831298589706421	4.234749794006348	3.290337085723877	0.17381781339645386	0.7217870354652405	0.053200073540210724	3447	32218
cell_type	Lateral root cap	5	AT5G55110	2.7435214519500732	4.052804946899414	2.510266065597534	0.15031321346759796	0.7270089983940125	0.05006518214941025	3447	32218
cell_type	Lateral root cap	6	AT1G52050	2.7167017459869385	3.574781656265259	3.5889859199523926	0.30028411746025085	0.8439222574234009	0.08395927399396896	3447	32218
cell_type	Lateral root cap	7	AT5G54370	2.70273756980896	3.3178908824920654	4.509373188018799	0.4513012766838074	0.941108226776123	0.12651312351226807	3447	32218
cell_type	Lateral root cap	8	AT5G04200	2.6449153423309326	5.703824520111084	1.6756212711334229	0.031167158856987953	0.47345519065856934	0.00974610447883606	3447	32218
cell_type	Lateral root cap	9	AT3G03500	2.5615134239196777	4.072160243988037	2.339132070541382	0.13812269270420074	0.6762402057647705	0.04720963537693024	3447	32218
cell_type	Lateral root cap	10	AT3G06460	2.5374350547790527	5.024513244628906	1.9095032215118408	0.05769737437367439	0.5242239832878113	0.019212862476706505	3447	32218
cell_type	Lateral root cap	11	AT1G47600	2.4100780487060547	3.861083745956421	3.945936679840088	0.2706177532672882	0.7040905356407166	0.07989322394132614	3447	32218
cell_type	Lateral root cap	12	AT5G16230	2.32841420173645	4.180752754211426	2.0132217407226562	0.11006450653076172	0.5953002572059631	0.03836364671587944	3447	32218
cell_type	Lateral root cap	13	AT1G51470	2.3206827640533447	3.9600143432617188	3.5295310020446777	0.22585946321487427	0.6524513959884644	0.06642249971628189	3447	32218
cell_type	Lateral root cap	14	AT2G32620	2.3033947944641113	6.207176208496094	1.2295358180999756	0.01565512828528881	0.37626922130584717	0.005183437839150429	3447	32218
cell_type	Lateral root cap	15	AT5G60530	2.30025577545166	2.8863584995269775	5.43926477432251	0.7347657084465027	0.9889759421348572	0.192035511136055	3447	32218
cell_type	Lateral root cap	16	AT3G49190	2.2570667266845703	4.054311752319336	2.277151584625244	0.1361239105463028	0.6016826033592224	0.044974859803915024	3447	32218
cell_type	Lateral root cap	17	AT4G13890	2.231712579727173	6.089491844177246	1.192255973815918	0.016523219645023346	0.37191760540008545	0.005431746132671833	3447	32218
cell_type	Lateral root cap	18	AT3G22740	2.2091243267059326	4.578372001647949	1.6867144107818604	0.06964342296123505	0.5059471726417542	0.023434104397892952	3447	32218
cell_type	Lateral root cap	19	AT2G37540	2.2049944400787354	4.950230121612549	1.5660167932510376	0.04968808591365814	0.46272119879722595	0.01728847250342369	3447	32218
cell_type	Lateral root cap	20	AT2G32610	2.099494457244873	5.882360935211182	1.11762273311615	0.017963413149118423	0.3632144033908844	0.006300825625658035	3447	32218
cell_type	Non-hair	1	AT1G65310	2.7421586513519287	4.369741916656494	2.6203880310058594	0.12579667568206787	0.6676714420318604	0.040138136595487595	2654	33011
cell_type	Non-hair	2	AT4G12545	2.5410025119781494	3.7424912452697754	3.0680465698242188	0.22829857468605042	0.7490580081939697	0.07009784877300262	2654	33011
cell_type	Non-hair	3	AT1G70850	2.0234296321868896	3.332911729812622	2.554704189300537	0.25263211131095886	0.6880180835723877	0.08091242611408234	2654	33011
cell_type	Non-hair	4	AT1G14960	1.9418607950210571	3.8338468074798584	1.9167176485061646	0.13348744809627533	0.5504898428916931	0.043985337018966675	2654	33011
cell_type	Non-hair	5	AT4G12550	1.8866629600524902	3.161574602127075	2.9715354442596436	0.33119896054267883	0.6966842412948608	0.09993638843297958	2654	33011
cell_type	Non-hair	6	AT1G06120	1.8776911497116089	4.876204013824463	1.2335522174835205	0.04103642702102661	0.3986435532569885	0.013571233488619328	2654	33011
cell_type	Non-hair	7	AT2G37130	1.6780263185501099	3.191746711730957	2.0152900218963623	0.21966908872127533	0.5934438705444336	0.0677047073841095	2654	33011
cell_type	Non-hair	8	AT1G19900	1.5491220951080322	4.791599273681641	1.0732502937316895	0.03778738155961037	0.33571967482566833	0.012420102022588253	2654	33011
cell_type	Non-hair	9	AT3G01190	1.458362102508545	2.645071506500244	2.456418752670288	0.391855925321579	0.6729465126991272	0.1215958297252655	2654	33011
cell_type	Non-hair	10	AT3G29250	1.4445797204971313	2.5238869190216064	2.5201797485351562	0.43736732006073	0.7147701382637024	0.14240707457065582	2654	33011
cell_type	Non-hair	11	AT4G15290	1.4296993017196655	4.265140056610107	1.0903092622756958	0.05575612187385559	0.3538055717945099	0.01859986037015915	2654	33011
cell_type	Non-hair	12	AT4G23400	1.4160630702972412	2.752896785736084	2.1935057640075684	0.32456088066101074	0.6186887621879578	0.10429856926202774	2654	33011
cell_type	Non-hair	13	AT4G22666	1.4029865264892578	2.6681904792785645	2.433469772338867	0.382000207901001	0.6412961483001709	0.11547666043043137	2654	33011
cell_type	Non-hair	14	AT5G64100	1.3874320983886719	2.653475284576416	2.4701244831085205	0.3917525112628937	0.6428033113479614	0.1199297234416008	2654	33011
cell_type	Non-hair	15	AT4G30280	1.2887673377990723	2.2833073139190674	3.0201754570007324	0.6196288466453552	0.7475508451461792	0.18312077224254608	2654	33011
cell_type	Non-hair	16	AT4G33790	1.2522021532058716	4.265796661376953	0.9844506978988647	0.05022737383842468	0.3097211718559265	0.01617642678320408	2654	33011
cell_type	Non-hair	17	AT5G17820	1.1198960542678833	2.1789166927337646	2.4704692363739014	0.5448030233383179	0.6729465126991272	0.15897731482982635	2654	33011
cell_type	Non-hair	18	AT1G53830	1.1112873554229736	2.5888121128082275	1.769415020942688	0.2932828962802887	0.5214770436286926	0.09221168607473373	2654	33011
cell_type	Non-hair	19	AT3G28550	1.0705455541610718	2.005636215209961	2.7397193908691406	0.6815082430839539	0.7241898775100708	0.19042137265205383	2654	33011
cell_type	Non-hair	20	AT5G48010	1.0677945613861084	2.2163684368133545	2.141622304916382	0.460054486989975	0.6284853219985962	0.1467086672782898	2654	33011
cell_type	Phloem	1	AT5G04080	4.445839881896973	7.177433967590332	2.2268691062927246	0.014390998519957066	0.6241610646247864	0.004741893149912357	447	35218
cell_type	Phloem	2	AT1G62380	3.213114023208618	5.0211262702941895	2.6721701622009277	0.08132219314575195	0.6666666865348816	0.0267476849257946	447	35218
cell_type	Phloem	3	AT2G46630	3.050929546356201	7.1540207862854	1.4852585792541504	0.009435649961233139	0.42953020334243774	0.003066613571718335	447	35218
cell_type	Phloem	4	AT1G79430	2.5453920364379883	7.071040630340576	1.0621669292449951	0.006906899157911539	0.3624161183834076	0.0024419331457465887	447	35218
cell_type	Phloem	5	AT5G59090	2.293177604675293	4.635342121124268	1.7914259433746338	0.07112140208482742	0.5167785286903381	0.022062581032514572	447	35218
cell_type	Phloem	6	AT3G15353	2.0747478008270264	6.229245185852051	1.1239687204360962	0.013995150104165077	0.3378075957298279	0.004741893149912357	447	35218
cell_type	Phloem	7	AT3G03505	1.9409996271133423	6.63739013671875	0.8800855875015259	0.007850432768464088	0.29530200362205505	0.0028678516391664743	447	35218
cell_type	Phloem	8	AT3G59370	1.8060654401779175	3.3167896270751953	2.445138692855835	0.24448664486408234	0.6107382774353027	0.06621614098548889	447	35218
cell_type	Phloem	9	AT3G01950	1.8036229610443115	5.023439884185791	1.1739716529846191	0.03512612730264664	0.37136465311050415	0.012323243543505669	447	35218
cell_type	Phloem	10	AT5G63850	1.7706375122070312	7.237818717956543	0.8043667674064636	0.004335721023380756	0.2460850179195404	0.0014481231337413192	447	35218
cell_type	Phloem	11	AT1G10380	1.7650967836380005	6.286087512969971	0.842201828956604	0.009805143810808659	0.28411632776260376	0.003322164760902524	447	35218
cell_type	Phloem	12	AT3G21770	1.7633618116378784	3.814481735229492	1.604315161705017	0.1131003201007843	0.49888142943382263	0.03660060092806816	447	35218
cell_type	Phloem	13	AT5G43380	1.7308677434921265	5.639925479888916	0.9535170197486877	0.018142420798540115	0.31319910287857056	0.006303594913333654	447	35218
cell_type	Phloem	14	AT5G22090	1.6904654502868652	6.004037380218506	0.9363606572151184	0.01360533107072115	0.2863534688949585	0.004798682406544685	447	35218
cell_type	Phloem	15	AT2G36650	1.6561589241027832	5.213332176208496	1.0304455757141113	0.0268020611256361	0.3266219198703766	0.00894428975880146	447	35218
cell_type	Phloem	16	AT3G03270	1.6193442344665527	3.833272695541382	1.3964649438858032	0.09704170376062393	0.4563758373260498	0.033931512385606766	447	35218
cell_type	Phloem	17	AT3G21600	1.6133315563201904	7.392276287078857	0.6350266337394714	0.0027859804686158895	0.21923936903476715	0.0009938100120052695	447	35218
cell_type	Phloem	18	AT2G27030	1.605650544166565	3.01303768157959	2.104619026184082	0.25983452796936035	0.6241610646247864	0.0912601500749588	447	35218
cell_type	Phloem	19	AT5G64240	1.6050902605056763	4.894333839416504	1.0387214422225952	0.03396034985780716	0.3400447368621826	0.012096087448298931	447	35218
cell_type	Phloem	20	AT4G36410	1.5684717893600464	7.195154666900635	0.6628621816635132	0.0035302331671118736	0.21923936903476715	0.0012493610847741365	447	35218
cell_type	Root cap	1	AT1G54010	2.936662435531616	4.398071765899658	2.331249475479126	0.10961739718914032	0.7047750353813171	0.03705915808677673	2178	33487
cell_type	Root cap	2	AT5G10130	2.6519649028778076	3.634082555770874	2.813091278076172	0.2256576120853424	0.8030303120613098	0.0732821673154831	2178	33487
cell_type	Root cap	3	AT1G28290	2.634497880935669	3.340569496154785	3.5217981338500977	0.3467572033405304	0.89485764503479	0.10622032731771469	2178	33487
cell_type	Root cap	4	AT5G58784	2.3994228839874268	4.509356498718262	1.7330530881881714	0.07513964921236038	0.5573921203613281	0.025293396785855293	2178	33487
cell_type	Root cap	5	AT2G43610	2.254349946975708	2.8390114307403564	4.482410907745361	0.6255863904953003	0.96051424741745	0.16645264625549316	2178	33487
cell_type	Root cap	6	AT2G23630	2.231938362121582	4.871378421783447	1.409199595451355	0.04717808961868286	0.4747474789619446	0.016573594883084297	2178	33487
cell_type	Root cap	7	AT4G37160	2.106861114501953	3.971118927001953	1.76521897315979	0.11162081360816956	0.5684114098548889	0.03786544129252434	2178	33487
cell_type	Root cap	8	AT3G04320	1.870882272720337	3.5159435272216797	1.7985883951187134	0.15631447732448578	0.5849403142929077	0.052826471626758575	2178	33487
cell_type	Root cap	9	AT1G52070	1.6400370597839355	2.322307825088501	4.498993396759033	0.8987618088722229	0.9178144931793213	0.211604505777359	2178	33487
cell_type	Root cap	10	AT3G16410	1.4051893949508667	2.963195323944092	1.625928282737732	0.20762084424495697	0.5459136962890625	0.07169946283102036	2178	33487
cell_type	Root cap	11	AT1G14220	1.403692603111267	3.4638640880584717	1.2958412170410156	0.11653300374746323	0.4458218514919281	0.040582913905382156	2178	33487
cell_type	Root cap	12	AT1G52060	1.374135136604309	2.4924466609954834	2.823925256729126	0.5010023713111877	0.6781451106071472	0.12682533264160156	2178	33487
cell_type	Root cap	13	AT1G25275	1.356994390487671	2.277799367904663	2.5797109603881836	0.5311737656593323	0.752525269985199	0.1567772626876831	2178	33487
cell_type	Root cap	14	AT5G60530	1.342629075050354	2.00415301322937	4.032703399658203	1.0045270919799805	0.8980716466903687	0.22814823687076569	2178	33487
cell_type	Root cap	15	AT5G60520	1.3218404054641724	3.8871219158172607	1.029982089996338	0.06868042796850204	0.3640955090522766	0.02403917908668518	2178	33487
cell_type	Root cap	16	AT2G41800	1.264864444732666	2.8098111152648926	1.5326560735702515	0.21772103011608124	0.5257116556167603	0.07555170357227325	2178	33487
cell_type	Root cap	17	AT3G16450	1.24284029006958	2.914189577102661	1.5336365699768066	0.2025856226682663	0.49265381693840027	0.0661749318242073	2178	33487
cell_type	Root cap	18	AT1G54000	1.239754319190979	2.7766406536102295	1.6525895595550537	0.2403101772069931	0.5247933864593506	0.07829903811216354	2178	33487
cell_type	Root cap	19	AT1G52050	1.2390774488449097	2.3243367671966553	2.4900715351104736	0.4963831603527069	0.657943069934845	0.1248544231057167	2178	33487
cell_type	Root cap	20	AT1G78340	1.1980793476104736	2.319828987121582	2.154559373855591	0.4307396113872528	0.6528925895690918	0.13644100725650787	2178	33487
cell_type	Root cortex	1	AT1G12090	2.1166796684265137	3.7095487117767334	2.2902300357818604	0.17413915693759918	0.626617968082428	0.05601494386792183	3013	32652
cell_type	Root cortex	2	AT1G13930	1.7962702512741089	3.3447952270507812	2.2086269855499268	0.21648798882961273	0.6043810248374939	0.06734656542539597	3013	32652
cell_type	Root cortex	3	AT1G21310	1.6650350093841553	2.455268621444702	3.7434821128845215	0.6817823648452759	0.8698971271514893	0.19174936413764954	3013	32652
cell_type	Root cortex	4	AT5G13930	1.3623403310775757	2.940925121307373	1.9375100135803223	0.2514418661594391	0.5426484942436218	0.07941320538520813	3013	32652
cell_type	Root cortex	5	AT4G30170	1.3587621450424194	2.4312920570373535	2.509486198425293	0.46444249153137207	0.7046133279800415	0.14574910700321198	3013	32652
cell_type	Root cortex	6	AT1G13420	1.3417824506759644	2.706138849258423	2.1583917140960693	0.32990434765815735	0.5950879454612732	0.09925884753465652	3013	32652
cell_type	Root cortex	7	AT3G44310	1.293198823928833	3.261002779006958	1.379973292350769	0.14305409789085388	0.4447394609451294	0.04817469045519829	3013	32652
cell_type	Root cortex	8	AT2G45180	1.2689203023910522	4.36475133895874	0.9603383541107178	0.04566112160682678	0.30633920431137085	0.015619257465004921	3013	32652
cell_type	Root cortex	9	AT5G42250	1.2412809133529663	3.6335432529449463	1.091192603111267	0.08700224757194519	0.371722549200058	0.030105354264378548	3013	32652
cell_type	Root cortex	10	AT5G08640	1.1388424634933472	3.0590426921844482	1.3432674407958984	0.16029544174671173	0.425821453332901	0.053534239530563354	3013	32652
cell_type	Root cortex	11	AT3G51240	1.1303762197494507	2.77044939994812	1.5584386587142944	0.22754932940006256	0.48390308022499084	0.07589121907949448	3013	32652
cell_type	Root cortex	12	AT4G22460	1.0690991878509521	3.1164731979370117	1.2157878875732422	0.13930171728134155	0.3906405568122864	0.04759279638528824	3013	32652
cell_type	Root cortex	13	AT5G57785	1.0550174713134766	4.668679714202881	0.6834531426429749	0.025911079719662666	0.2349817454814911	0.009004042483866215	3013	32652
cell_type	Root cortex	14	AT2G23910	0.9709770083427429	3.9111502170562744	0.8023573160171509	0.05239926278591156	0.2665117681026459	0.01825309358537197	3013	32652
cell_type	Root cortex	15	AT1G62510	0.9591059684753418	5.455079078674316	0.5226857662200928	0.01093791052699089	0.1795552670955658	0.0037363714072853327	3013	32652
cell_type	Root cortex	16	AT1G03870	0.9499119520187378	2.2321035861968994	1.840370774269104	0.3909324109554291	0.5506139993667603	0.12504594027996063	3013	32652
cell_type	Root cortex	17	AT2G43150	0.9472246170043945	1.7716234922409058	3.049410343170166	0.8924010396003723	0.7945569157600403	0.25989219546318054	3013	32652
cell_type	Root cortex	18	AT5G65390	0.8022547960281372	2.123514175415039	1.7150635719299316	0.3928146958351135	0.5034849047660828	0.1256890892982483	3013	32652
cell_type	Root cortex	19	AthLNC001439	0.7956896424293518	3.4713752269744873	0.7448647618293762	0.06624685972929001	0.25190839171409607	0.02269386313855648	3013	32652
cell_type	Root cortex	20	AT3G55120	0.7626602649688721	3.274442195892334	0.7671082019805908	0.07838108390569687	0.26053768396377563	0.027624648064374924	3013	32652
cell_type	Root endodermis	1	AT3G22620	3.147590160369873	4.340705871582031	3.17885160446167	0.1559365838766098	0.7733898758888245	0.04825661703944206	3773	31892
cell_type	Root endodermis	2	AT3G22600	2.8879661560058594	3.977809429168701	3.2179789543151855	0.20330460369586945	0.7887622714042664	0.06274300813674927	3773	31892
cell_type	Root endodermis	3	AT2G32300	2.8632631301879883	4.828229904174805	2.252692699432373	0.07833277434110641	0.6175457239151001	0.024520255625247955	3773	31892
cell_type	Root endodermis	4	AT2G28670	2.536210060119629	4.291459560394287	2.567269802093506	0.1301543265581131	0.6310628056526184	0.04007274657487869	3773	31892
cell_type	Root endodermis	5	AT5G15290	2.462292194366455	5.173700332641602	1.8176333904266357	0.049385569989681244	0.4919162392616272	0.015991471707820892	3773	31892
cell_type	Root endodermis	6	AT1G05260	2.4392752647399902	4.313321113586426	2.3727688789367676	0.11839861422777176	0.6016432642936707	0.0361219123005867	3773	31892
cell_type	Root endodermis	7	AT2G36100	2.394655227661133	4.255702018737793	2.516140937805176	0.13076910376548767	0.6027033925056458	0.040010035037994385	3773	31892
cell_type	Root endodermis	8	AT5G66390	2.3135273456573486	4.39039945602417	2.2543249130249023	0.1065392717719078	0.5600318312644958	0.03308039531111717	3773	31892
cell_type	Root endodermis	9	AT3G32980	2.2659692764282227	5.075571537017822	1.370669960975647	0.03967713564634323	0.4590511620044708	0.012605042196810246	3773	31892
cell_type	Root endodermis	10	AT5G42180	2.2135872840881348	4.570655345916748	2.0110151767730713	0.08366948366165161	0.5102040767669678	0.025899911299347878	3773	31892
cell_type	Root endodermis	11	AT2G14900	2.208554983139038	4.553133964538574	1.8167222738265991	0.07642792165279388	0.5091438889503479	0.0240812748670578	3773	31892
cell_type	Root endodermis	12	AT3G24020	2.127434492111206	4.59906530380249	1.914111614227295	0.07802008092403412	0.48688048124313354	0.024300765246152878	3773	31892
cell_type	Root endodermis	13	AT2G27370	2.0623462200164795	4.83349609375	1.6618481874465942	0.05732105299830437	0.4447389245033264	0.01806095615029335	3773	31892
cell_type	Root endodermis	14	AT3G11550	2.0302300453186035	4.585498332977295	1.8582329750061035	0.0764392763376236	0.4667373299598694	0.02398720756173134	3773	31892
cell_type	Root endodermis	15	AT4G13580	1.98575758934021	4.877786159515381	1.6175103187561035	0.054049767553806305	0.4240657389163971	0.016963502392172813	3773	31892
cell_type	Root endodermis	16	AT4G11290	1.9808493852615356	4.643426418304443	1.5410826206207275	0.06070169433951378	0.44606414437294006	0.019471967592835426	3773	31892
cell_type	Root endodermis	17	AT3G55230	1.9585927724838257	4.476109981536865	1.852479338645935	0.08228068798780441	0.463026762008667	0.025460930541157722	3773	31892
cell_type	Root endodermis	18	AT2G39430	1.9178522825241089	4.974451065063477	1.4455416202545166	0.04501209035515785	0.399681955575943	0.014141477644443512	3773	31892
cell_type	Root endodermis	19	AT1G61590	1.9017735719680786	4.877044677734375	1.2372218370437622	0.04113681986927986	0.40286242961883545	0.012918599881231785	3773	31892
cell_type	Root endodermis	20	AT2G30210	1.7438095808029175	5.038313865661621	1.254061222076416	0.03719278797507286	0.357805460691452	0.011695723049342632	3773	31892
cell_type	Root hair	1	AT3G54580	1.732917308807373	3.3267760276794434	2.1373140811920166	0.21211408078670502	0.5851784944534302	0.06427862495183945	4426	31239
cell_type	Root hair	2	AT1G30870	1.6803051233291626	3.9816653728485107	1.5212305784225464	0.09535621851682663	0.4521012306213379	0.030090592801570892	4426	31239
cell_type	Root hair	3	AT3G09925	1.6021944284439087	3.9552125930786133	1.4400376081466675	0.09190470725297928	0.4335743188858032	0.028490029275417328	4426	31239
cell_type	Root hair	4	AT3G54590	1.5865923166275024	3.545872688293457	1.7596783638000488	0.14975300431251526	0.49344781041145325	0.04600019380450249	4426	31239
cell_type	Root hair	5	AT3G62680	1.5795892477035522	3.7004547119140625	1.6891405582427979	0.1290094554424286	0.46610936522483826	0.039245814085006714	4426	31239
cell_type	Root hair	6	AT1G01750	1.5153201818466187	3.8893704414367676	1.4040460586547852	0.09381420910358429	0.41979214549064636	0.030186625197529793	4426	31239
cell_type	Root hair	7	AT4G01480	1.5010566711425781	2.9874868392944336	2.039008378982544	0.2562224268913269	0.5874378681182861	0.08498991280794144	4426	31239
cell_type	Root hair	8	AT4G40090	1.4995698928833008	3.89996337890625	1.472297191619873	0.09769255667924881	0.41504743695259094	0.03053874894976616	4426	31239
cell_type	Root hair	9	AT5G14330	1.4911315441131592	2.9272170066833496	2.23567533493042	0.2930510938167572	0.6000903844833374	0.09068792313337326	4426	31239
cell_type	Root hair	10	AT5G05500	1.401415467262268	4.0559797286987305	1.2149320840835571	0.07210341840982437	0.3682783544063568	0.02276001125574112	4426	31239
cell_type	Root hair	11	AT4G00680	1.3455389738082886	4.152101993560791	1.1327542066574097	0.06276929378509521	0.34387707710266113	0.019814975559711456	4426	31239
cell_type	Root hair	12	AT1G58270	1.2652322053909302	2.414503335952759	2.4141294956207275	0.45200443267822266	0.6640307307243347	0.1400172859430313	4426	31239
cell_type	Root hair	13	AT4G25820	1.1957435607910156	3.5191116333007812	1.3184326887130737	0.11408774554729462	0.3757342994213104	0.035948652774095535	4426	31239
cell_type	Root hair	14	AT3G28550	1.1662473678588867	2.1763975620269775	2.6279492378234863	0.5805957317352295	0.6995029449462891	0.16364160180091858	4426	31239
cell_type	Root hair	15	AT1G62980	1.1632869243621826	3.9841461181640625	1.0090582370758057	0.06282619386911392	0.3117939531803131	0.019814975559711456	4426	31239
cell_type	Root hair	16	AT1G12560	1.1602258682250977	4.027209281921387	0.9772601127624512	0.05899892747402191	0.3068233132362366	0.018726591020822525	4426	31239
cell_type	Root hair	17	AT5G57625	1.113143801689148	3.7880873680114746	1.0715194940567017	0.07663851976394653	0.31789425015449524	0.024040462449193	4426	31239
cell_type	Root hair	18	AT5G67400	1.0947577953338623	4.103053092956543	0.9637764096260071	0.05514158308506012	0.2842295467853546	0.01741413027048111	4426	31239
cell_type	Root hair	19	AT2G34910	1.0809186697006226	3.492177724838257	1.0603643655776978	0.0933222770690918	0.33958426117897034	0.03005858138203621	4426	31239
cell_type	Root hair	20	AT5G17820	1.0555146932601929	2.183439254760742	2.1733062267303467	0.4776741862297058	0.6206507086753845	0.13723230361938477	4426	31239
cell_type	Root stele	1	AT4G11210	2.272092342376709	3.839675188064575	2.53639817237854	0.17622753977775574	0.6439592242240906	0.05221842974424362	3435	32230
cell_type	Root stele	2	AT2G02130	2.247849464416504	4.156124114990234	2.257192611694336	0.1256609857082367	0.5784570574760437	0.037604715675115585	3435	32230
cell_type	Root stele	3	AT1G12080	2.0427236557006836	3.5288333892822266	2.6800014972686768	0.23128028213977814	0.6462882161140442	0.06742165982723236	3435	32230
cell_type	Root stele	4	AT4G14130	1.5604541301727295	4.25583028793335	1.26737642288208	0.06539196521043777	0.38748180866241455	0.02081911265850067	3435	32230
cell_type	Root stele	5	AT3G59370	1.5353330373764038	3.833889961242676	1.7090356349945068	0.11891935020685196	0.43493449687957764	0.03447099030017853	3435	32230
cell_type	Root stele	6	AT4G18510	1.452366590499878	5.154310703277588	0.9576212763786316	0.025918129831552505	0.29024744033813477	0.008470369502902031	3435	32230
cell_type	Root stele	7	AT1G62480	1.2710418701171875	2.0524847507476807	4.635429859161377	1.1166971921920776	0.9141193628311157	0.2948495149612427	3435	32230
cell_type	Root stele	8	AT4G22212	1.2276498079299927	3.554269552230835	1.2135417461395264	0.10238814353942871	0.37816593050956726	0.032764505594968796	3435	32230
cell_type	Root stele	9	AT2G13820	1.2050830125808716	3.957132339477539	1.0416935682296753	0.06613378971815109	0.32634642720222473	0.02181197702884674	3435	32230
cell_type	Root stele	10	AT3G14990	1.080403208732605	2.3262243270874023	2.131175994873047	0.4241671562194824	0.6023289561271667	0.1378839612007141	3435	32230
cell_type	Root stele	11	AthLNC000440	1.0353561639785767	3.914022207260132	0.8731558918952942	0.05698969587683678	0.2841339111328125	0.019609060138463974	3435	32230
cell_type	Root stele	12	AT4G14010	0.9870578646659851	3.656538963317871	0.9042530655860901	0.07078638672828674	0.2937408983707428	0.02379770390689373	3435	32230
cell_type	Root stele	13	AT4G26320	0.9413301348686218	2.0533015727996826	2.5339229106903076	0.6097441911697388	0.6279475688934326	0.169500470161438	3435	32230
cell_type	Root stele	14	AT2G45470	0.8761805891990662	3.8357653617858887	0.7184994220733643	0.049390655010938644	0.2457059621810913	0.01728203520178795	3435	32230
cell_type	Root stele	15	AT3G03780	0.870071291923523	2.616145133972168	1.312636375427246	0.21325798332691193	0.4037845730781555	0.0712069496512413	3435	32230
cell_type	Root stele	16	AT2G30860	0.8545388579368591	2.6382620334625244	1.3325815200805664	0.21320201456546783	0.3903930187225342	0.06649084389209747	3435	32230
cell_type	Root stele	17	AT3G21770	0.8169227242469788	3.620722532272339	0.781146764755249	0.06258316338062286	0.2462882101535797	0.020663978531956673	3435	32230
cell_type	Root stele	18	AT4G34050	0.7947564721107483	1.580580711364746	3.591315746307373	1.2000808715820312	0.8259097337722778	0.3230840861797333	3435	32230
cell_type	Root stele	19	AT3G14310	0.776950478553772	2.9008541107177734	0.93244469165802	0.12398113310337067	0.30975255370140076	0.04191746935248375	3435	32230
cell_type	Root stele	20	AT1G02500	0.7676393389701843	1.9159878492355347	2.072169303894043	0.5483700037002563	0.5740902423858643	0.17344088852405548	3435	32230
cell_type	S phase	1	AT5G15200	1.9205048084259033	3.0526936054229736	2.509359121322632	0.3015404939651489	0.7277801632881165	0.0986621081829071	2329	33336
cell_type	S phase	2	AT5G20290	1.8438160419464111	2.950472116470337	2.5335874557495117	0.3268888592720032	0.7320738434791565	0.10715142637491226	2329	33336
cell_type	S phase	3	AT3G60245	1.8206268548965454	3.008338689804077	2.424473762512207	0.3004368841648102	0.7037355303764343	0.09854211658239365	2329	33336
cell_type	S phase	4	AT5G16130	1.808166265487671	3.5493147373199463	1.7227195501327515	0.1462368220090866	0.5598969459533691	0.0504559651017189	2329	33336
cell_type	S phase	5	AT4G16720	1.7909860610961914	3.384398937225342	1.838301181793213	0.17513564229011536	0.5890940427780151	0.05990520864725113	2329	33336
cell_type	S phase	6	AT5G27850	1.7761609554290771	3.1800553798675537	2.0985333919525146	0.23064914345741272	0.6358952522277832	0.07736381143331528	2329	33336
cell_type	S phase	7	AT2G34480	1.7733798027038574	3.071469783782959	2.158377170562744	0.25587624311447144	0.6633748412132263	0.08600311726331711	2329	33336
cell_type	S phase	8	AT4G27090	1.7603201866149902	2.9606242179870605	2.3563926219940186	0.30182746052742004	0.6942893862724304	0.09971202164888382	2329	33336
cell_type	S phase	9	AT3G49010	1.7577128410339355	3.443495512008667	1.7391616106033325	0.15895365178585052	0.5646200180053711	0.054175667464733124	2329	33336
cell_type	S phase	10	AT1G27400	1.7504743337631226	3.6106178760528564	1.622860312461853	0.13193655014038086	0.5311292409896851	0.046316295862197876	2329	33336
cell_type	S phase	11	AT3G04400	1.7444686889648438	2.8946573734283447	2.3332748413085938	0.3128869831562042	0.7054529786109924	0.10280177742242813	2329	33336
cell_type	S phase	12	AT2G39460	1.7346785068511963	3.3135316371917725	1.815637230873108	0.18172407150268555	0.5860884785652161	0.06257499754428864	2329	33336
cell_type	S phase	13	AT2G19730	1.7338182926177979	3.2279648780822754	1.9325655698776245	0.20536908507347107	0.6062687635421753	0.06914446502923965	2329	33336
cell_type	S phase	14	AT2G27710	1.7299103736877441	3.346069812774658	1.7934343814849854	0.1754656583070755	0.5762129426002502	0.05921526253223419	2329	33336
cell_type	S phase	15	AT4G18100	1.7197149991989136	3.198702812194824	1.9632943868637085	0.21294447779655457	0.6101331114768982	0.0725042000412941	2329	33336
cell_type	S phase	16	AT5G02960	1.7117875814437866	3.058617115020752	2.0904836654663086	0.250026136636734	0.6436238884925842	0.08396328240633011	2329	33336
cell_type	S phase	17	AT2G40205	1.7075769901275635	3.226503372192383	1.9926677942276	0.21199946105480194	0.5993989109992981	0.07016438990831375	2329	33336
cell_type	S phase	18	AT3G62250	1.7052679061889648	3.1273093223571777	1.9567910432815552	0.22305384278297424	0.6212967038154602	0.07601391524076462	2329	33336
cell_type	S phase	19	AT3G22230	1.6887011528015137	3.60903000831604	1.5616106986999512	0.12706324458122253	0.5126664042472839	0.04475641995668411	2329	33336
cell_type	S phase	20	AT1G09690	1.6859071254730225	3.282670497894287	1.7854825258255005	0.1825762540102005	0.5762129426002502	0.06263498961925507	2329	33336
cell_type	Unknow	1	AT2G43820	0.45784616470336914	1.909935712814331	1.2388970851898193	0.32894209027290344	0.34442663192749023	0.10470851510763168	7482	28183
cell_type	Unknow	2	AT2G29440	0.3530179560184479	1.2080391645431519	2.0801587104797363	0.899843156337738	0.5577386021614075	0.26551467180252075	7482	28183
cell_type	Unknow	3	AT2G29450	0.33946385979652405	1.1748933792114258	2.1613659858703613	0.9567475318908691	0.5753809213638306	0.28644928336143494	7482	28183
cell_type	Unknow	4	AT1G43160	0.29436588287353516	1.4632456302642822	1.1294983625411987	0.40900498628616333	0.3319967985153198	0.13082355260849	7482	28183
cell_type	Unknow	5	AT3G50970	0.2769272029399872	0.9783723950386047	2.7379047870635986	1.389136552810669	0.6646618843078613	0.38161301612854004	7482	28183
cell_type	Unknow	6	AT5G52310	0.2536461353302002	1.4996392726898193	0.9415872097015381	0.33233824372291565	0.27345630526542664	0.10431820899248123	7482	28183
cell_type	Unknow	7	AT1G07590	0.2502376139163971	1.0309016704559326	1.9763576984405518	0.9667271971702576	0.5163058042526245	0.27356916666030884	7482	28183
cell_type	Unknow	8	AT1G05340	0.22647371888160706	1.186767339706421	1.3388018608093262	0.5875563621520996	0.37236031889915466	0.18152786791324615	7482	28183
cell_type	Unknow	9	AT1G20450	0.22497503459453583	0.7913596630096436	3.605623960494995	2.082904815673828	0.8217054009437561	0.5374161601066589	7482	28183
cell_type	Unknow	10	AT5G63600	0.21434690058231354	2.0113110542297363	0.47239425778388977	0.1164243146777153	0.14528201520442963	0.03871127963066101	7482	28183
cell_type	Unknow	11	AT1G19020	0.18235036730766296	1.2111388444900513	0.992133378982544	0.42796167731285095	0.2869553565979004	0.13639427721500397	7482	28183
cell_type	Unknow	12	AT3G49780	0.17510171234607697	1.124280333518982	1.062952995300293	0.4870680272579193	0.30580058693885803	0.15005499124526978	7482	28183
cell_type	Unknow	13	AT2G29460	0.1736888736486435	1.7610827684402466	0.4552026391029358	0.1335919350385666	0.14407911896705627	0.04545293375849724	7482	28183
cell_type	Unknow	14	AT5G47450	0.17125631868839264	1.0286089181900024	1.204303503036499	0.5898187756538391	0.3448275923728943	0.17833445966243744	7482	28183
cell_type	Unknow	15	AT1G20440	0.1608138084411621	0.6347575783729553	3.9798879623413086	2.562887191772461	0.8830526471138	0.6297058463096619	7482	28183
cell_type	Unknow	16	AT5G05600	0.1572490632534027	1.1651936769485474	0.8779667615890503	0.39093518257141113	0.2645014822483063	0.1295461803674698	7482	28183
cell_type	Unknow	17	AT3G48520	0.15524247288703918	1.822647213935852	0.3829473853111267	0.10754259675741196	0.12122426927089691	0.03605009987950325	7482	28183
cell_type	Unknow	18	AT1G78070	0.1544686108827591	1.2742215394973755	0.7017855644226074	0.28956541419029236	0.2191927284002304	0.09796685725450516	7482	28183
cell_type	Unknow	19	AT5G13750	0.15392465889453888	1.7041562795639038	0.4332142472267151	0.13226063549518585	0.13605988025665283	0.04573679342865944	7482	28183
cell_type	Unknow	20	AT4G30530	0.15316487848758698	0.9018130898475647	1.4832220077514648	0.7933759689331055	0.4133921265602112	0.2435510754585266	7482	28183
cell_type	Xylem	1	AT5G03170	3.444248914718628	7.1425700187683105	1.595463514328003	0.010298770852386951	0.48567119240760803	0.0034569452982395887	663	35002
cell_type	Xylem	2	AT1G20850	2.7079555988311768	5.842593193054199	2.0467772483825684	0.03468509763479233	0.4751131236553192	0.011627906933426857	663	35002
cell_type	Xylem	3	AT5G16490	2.488999843597412	7.410231590270996	1.1964977979660034	0.006040000822395086	0.3378582298755646	0.001971315825358033	663	35002
cell_type	Xylem	4	AT1G08283	2.4151949882507324	6.265928268432617	1.2719535827636719	0.015541701577603817	0.39064857363700867	0.005199702922254801	663	35002
cell_type	Xylem	5	AT4G23690	2.319791793823242	3.6592347621917725	2.72594952583313	0.21484284102916718	0.7028657793998718	0.06891034543514252	663	35002
cell_type	Xylem	6	AT4G35350	2.2971463203430176	6.436801910400391	1.4752930402755737	0.016041278839111328	0.36199095845222473	0.005113993305712938	663	35002
cell_type	Xylem	7	AT5G45970	1.9758679866790771	7.279469966888428	0.9013850092887878	0.004808352794498205	0.2730015218257904	0.0015713387401774526	663	35002
cell_type	Xylem	8	AT5G08370	1.8802050352096558	4.84202241897583	1.327638864517212	0.045324742794036865	0.40422323346138	0.015913376584649086	663	35002
cell_type	Xylem	9	AT3G52900	1.7934237718582153	6.347328186035156	1.0380747318267822	0.011761760339140892	0.28657618165016174	0.004028341267257929	663	35002
cell_type	Xylem	10	AT3G27200	1.7927196025848389	5.50238561630249	1.316085696220398	0.028055667877197266	0.3363499343395233	0.010542254894971848	663	35002
cell_type	Xylem	11	AT4G18780	1.7533167600631714	7.306827545166016	0.8412420749664307	0.004319400526583195	0.24132730066776276	0.0013713502557948232	663	35002
cell_type	Xylem	12	AT5G12870	1.6415201425552368	7.205848217010498	0.7864885330200195	0.004334181547164917	0.22926093637943268	0.001457059639506042	663	35002
cell_type	Xylem	13	AT3G10080	1.5781545639038086	6.928558826446533	0.6623013615608215	0.004445112310349941	0.22926093637943268	0.0014856293564662337	663	35002
cell_type	Xylem	14	AT5G02640	1.5542646646499634	6.179223537445068	0.7765164375305176	0.009729459881782532	0.2549019753932953	0.00337123591452837	663	35002
cell_type	Xylem	15	AT3G62020	1.5382041931152344	5.8450703620910645	0.9238987565040588	0.015089877881109715	0.2684766352176666	0.005313982255756855	663	35002
cell_type	Xylem	16	AT5G44030	1.5155014991760254	6.179656505584717	0.8452393412590027	0.010674308985471725	0.24886877834796906	0.0036283640656620264	663	35002
cell_type	Xylem	17	AT5G42710	1.5067822933197021	6.986181735992432	0.7108222246170044	0.004614631645381451	0.2171945720911026	0.0015141991898417473	663	35002
cell_type	Xylem	18	AT2G40320	1.502983570098877	7.0110979080200195	0.6286642551422119	0.003881555749103427	0.21568627655506134	0.001314210589043796	663	35002
cell_type	Xylem	19	AT1G75280	1.4793249368667603	5.542876720428467	0.8667994141578674	0.017614321783185005	0.2730015218257904	0.006113936193287373	663	35002
cell_type	Xylem	20	AT5G60490	1.4512362480163574	6.73042631149292	0.6293566823005676	0.004936440382152796	0.2171945720911026	0.0015713387401774526	663	35002
