dataset_id	species	tissue_or_scope	priority	status	accession	source_url	page_url	fetch_status	file_count	file_type_counts	matrix_file_count	candidate_files	recommended_action	download_ready	error
arabidopsis_root_atlas	Arabidopsis thaliana	root	A	download_candidate	GSE152766	https://www.ncbi.nlm.nih.gov/geo/query/acc.cgi?acc=GSE152766	https://www.ncbi.nlm.nih.gov/geo/query/acc.cgi?acc=GSE152766	ok	33	mtx_archive:1;seurat_rds:32	33	GSE152766_Columella_Atlas.rds.gz;GSE152766_Epidermis_LRC_Atlas.rds.gz;GSE152766_Ground_Tissue_Atlas.rds.gz;GSE152766_RAW.tar;GSE152766_Root_Atlas.rds.gz;GSE152766_Root_Atlas_seu4.rds.gz;GSE152766_Root_Atlas_spliced_unspliced_raw_counts.rds.gz;GSE152766_Stele_Atlas.rds.gz;GSE152766_col0_COPILOT.rds.gz;GSE152766_dc1_COPILOT.rds.gz;GSE152766_dc2_COPILOT.rds.gz;GSE152766_pp1_COPILOT.rds.gz	download MTX/10x archive; convert with geo_mtx_tar_to_npz.py or geo_10x_to_npz.py	True	
arabidopsis_lifecycle_spatial_atlas	Arabidopsis thaliana	whole life cycle; multiple organs	A	download_candidate	GSE226097	https://www.nature.com/articles/s41477-025-02072-z	https://www.ncbi.nlm.nih.gov/geo/query/acc.cgi?acc=GSE226097	ok	29	seurat_rds:29	29	GSE226097_221121_curio_seed_seurat.rds.gz;GSE226097_flower_250805.rds;GSE226097_flower_relaxed_220706.rds;GSE226097_global_integration_221009.rds;GSE226097_hook_Col_hls1_integrated_250221.rds;GSE226097_relaxed_global_integration_221122.rds;GSE226097_rosette_21d_230221.rds.gz;GSE226097_rosette_21d_relaxed_220713.rds;GSE226097_rosette_30d_230221.rds.gz;GSE226097_rosette_30d_relaxed_220706.rds;GSE226097_rosette_merge_220824.rds;GSE226097_seed_0d_230221.rds.gz	download Seurat RDS; export with export_seurat_rds_to_mtx.R; build NPZ manifest	True	
brassicaceae_regulatory_multiome	Brassicaceae	cell-type regulatory grammar	B	discovery_candidate	GSE332675	https://www.ncbi.nlm.nih.gov/geo/query/acc.cgi?acc=GSE332675	https://www.ncbi.nlm.nih.gov/geo/query/acc.cgi?acc=GSE332675	ok	16	h5ad:15;mtx_archive:1	16	GSE332675_RAW.tar;GSE332675_anndata_object.snATAC_Alyrata_flower_buds_combined.h5ad;GSE332675_anndata_object.snATAC_Alyrata_mature_leaf_combined.h5ad;GSE332675_anndata_object.snATAC_Alyrata_root_combined.h5ad;GSE332675_anndata_object.snATAC_Alyrata_shoot.h5ad;GSE332675_anndata_object.snATAC_Athaliana_flower_buds_combined.h5ad;GSE332675_anndata_object.snATAC_Athaliana_mature_leaf_combined.h5ad;GSE332675_anndata_object.snATAC_Athaliana_seedling_combined.h5ad;GSE332675_anndata_object.snATAC_Boleracea_flower_buds_combined.h5ad;GSE332675_anndata_object.snATAC_Boleracea_mature_leaf_combined.h5ad;GSE332675_anndata_object.snATAC_Boleracea_root_combined.h5ad;GSE332675_anndata_object.snATAC_Boleracea_shoot.h5ad	download h5ad; inspect obs/var fields; add direct AnnData corpus manifest	True	
rice_soil_stress_root_atlas	Oryza sativa	roots under gel, soil, and compacted soil	A	download_candidate	GSE251706	https://www.nature.com/articles/s41586-025-08941-z	https://www.ncbi.nlm.nih.gov/geo/query/acc.cgi?acc=GSE251706	ok	7	mtx_archive:1;seurat_rds:6	7	GSE251706_RAW.tar;GSE251706_Rice_12S_WT_atlas_seu3.rds.gz;GSE251706_Rice_4S_XKit_Kit_NC_20241025_seu3.rds.gz;GSE251706_Rice_8S_gel_soil_seu3.rds.gz;GSE251706_Rice_9S_gel_soil_WT_XK_K_20240730_seu3.rds.gz;GSE251706_tz1_COPILOT.rds.gz;GSE251706_tz2_COPILOT.rds.gz	download MTX/10x archive; convert with geo_mtx_tar_to_npz.py or geo_10x_to_npz.py	True	
maize_easy_multiome_seedling	Zea mays	seedling	B	download_candidate	GSE338572	https://www.ncbi.nlm.nih.gov/geo/query/acc.cgi?acc=GSE338572	https://www.ncbi.nlm.nih.gov/geo/query/acc.cgi?acc=GSE338572	ok	3	mtx_archive:1;seurat_rds:2	3	GSE338572_AH15AH17_eMultiATAC_Zm_seedling_cpm4_ACR_sparse.rds;GSE338572_AH15AH17_eMultiRNA_Zm_seedling.MergedSeuratObjs.cluster.RDS;GSE338572_RAW.tar	download MTX/10x archive; convert with geo_mtx_tar_to_npz.py or geo_10x_to_npz.py	True	
rice_leaf_stress_snuc_atlas	Oryza sativa	leaf drought and salinity stress	A	download_candidate	GSE313726	https://www.ncbi.nlm.nih.gov/geo/query/acc.cgi?acc=GSE313726	https://www.ncbi.nlm.nih.gov/geo/query/acc.cgi?acc=GSE313726	ok	2	mtx_archive:1;seurat_rds:1	2	GSE313726_OsLeafStressIntegrated.rds;GSE313726_RAW.tar	download MTX/10x archive; convert with geo_mtx_tar_to_npz.py or geo_10x_to_npz.py	True	
arabidopsis_callus_regeneration_scrna	Arabidopsis thaliana	calli after 7 and 12 days on callus-inducing medium	B	download_candidate	GSE234192	https://www.ncbi.nlm.nih.gov/geo/query/acc.cgi?acc=GSE234192	https://www.ncbi.nlm.nih.gov/geo/query/acc.cgi?acc=GSE234192	ok	2	mtx_archive:1;seurat_rds:1	2	GSE234192_RAW.tar;GSE234192_processed.rds	download MTX/10x archive; convert with geo_mtx_tar_to_npz.py or geo_10x_to_npz.py	True	
wheat_soil_root_atlas	Triticum aestivum	soil-grown root	B	download_candidate	GSE270342	https://www.ncbi.nlm.nih.gov/geo/query/acc.cgi?acc=GSE270342	https://www.ncbi.nlm.nih.gov/geo/query/acc.cgi?acc=GSE270342	ok	2	mtx_archive:1;seurat_rds:1	2	GSE270342_RAW.tar;GSE270342_seuratObj_for_publication.rds.gz	download MTX/10x archive; convert with geo_mtx_tar_to_npz.py or geo_10x_to_npz.py	True	
arabidopsis_scrna_method_benchmark	Arabidopsis thaliana	root	B	download_candidate	GSE300264	https://www.ncbi.nlm.nih.gov/geo/query/acc.cgi?acc=GSE300264	https://www.ncbi.nlm.nih.gov/geo/query/acc.cgi?acc=GSE300264	ok	2	mtx_archive:1;seurat_rds:1	2	GSE300264_RAW.tar;GSE300264_merged_seurat.rds	download MTX/10x archive; convert with geo_mtx_tar_to_npz.py or geo_10x_to_npz.py	True	
tomato_mycorrhiza_snuc_atlas	Solanum lycopersicum	root mycorrhizal symbiosis	B	download_candidate	GSE314252	https://www.ncbi.nlm.nih.gov/geo/query/acc.cgi?acc=GSE314252	https://www.ncbi.nlm.nih.gov/geo/query/acc.cgi?acc=GSE314252	ok	2	mtx_archive:1;seurat_rds:1	2	GSE314252_RAW.tar;GSE314252_seuratObj_for_pub.rds	download MTX/10x archive; convert with geo_mtx_tar_to_npz.py or geo_10x_to_npz.py	True	
brassicaceae_multi_species_root_atlas	Brassicaceae	roots across five species and abiotic-stress adaptation	A	download_candidate	GSE268881	https://www.nature.com/articles/s41467-026-73270-2	https://www.ncbi.nlm.nih.gov/geo/query/acc.cgi?acc=GSE268881	ok	7	archive:6;mtx_archive:1	1	GSE268881_RAW.tar;GSE268881_integratedAth.RDS.tar.gz;GSE268881_integratedAthEsaSirSpa.RDS.tar.gz;GSE268881_integratedCsa.RDS.tar.gz;GSE268881_integratedEsa.RDS.tar.gz;GSE268881_integratedSir.RDS.tar.gz;GSE268881_integratedSpa.RDS.tar.gz	download MTX/10x archive; convert with geo_mtx_tar_to_npz.py or geo_10x_to_npz.py	True	
rice_node_reproductive_stage_atlas	Oryza sativa Japonica Group	node I at booting, flowering, and grain-filling stages	A	download_candidate	GSE308757	https://www.ncbi.nlm.nih.gov/geo/query/acc.cgi?acc=GSE308757	https://www.ncbi.nlm.nih.gov/geo/query/acc.cgi?acc=GSE308757	ok	1	mtx_archive:1	1	GSE308757_RAW.tar	download MTX/10x archive; convert with geo_mtx_tar_to_npz.py or geo_10x_to_npz.py	True	
stevia_leaf_secondary_metabolism_snuc	Stevia rebaudiana	leaf secondary metabolism	A	download_candidate	GSE311951	https://www.ncbi.nlm.nih.gov/geo/query/acc.cgi?acc=GSE311951	https://www.ncbi.nlm.nih.gov/geo/query/acc.cgi?acc=GSE311951	ok	1	mtx_archive:1	1	GSE311951_RAW.tar	download MTX/10x archive; convert with geo_mtx_tar_to_npz.py or geo_10x_to_npz.py	True	
tomato_salt_idioblast_atlas	Solanum lycopersicum	leaf salt-stress crystal idioblasts	A	download_candidate	GSE325371	https://www.ncbi.nlm.nih.gov/geo/query/acc.cgi?acc=GSE325371	https://www.ncbi.nlm.nih.gov/geo/query/acc.cgi?acc=GSE325371	ok	1	mtx_archive:1	1	GSE325371_RAW.tar	download MTX/10x archive; convert with geo_mtx_tar_to_npz.py or geo_10x_to_npz.py	True	
rice_root_tip_atlas	Oryza sativa	root tip	B	download_candidate	GSE146034	https://www.ncbi.nlm.nih.gov/geo/query/acc.cgi?acc=GSE146034	https://www.ncbi.nlm.nih.gov/geo/query/acc.cgi?acc=GSE146034	ok	1	mtx_archive:1	1	GSE146034_RAW.tar	download MTX/10x archive; convert with geo_mtx_tar_to_npz.py or geo_10x_to_npz.py	True	
tomato_rice_root_tip_celltype_atlas	Solanum lycopersicum; Oryza sativa	root tip cell types	B	download_candidate	GSE149217	https://www.ncbi.nlm.nih.gov/geo/query/acc.cgi?acc=GSE149217	https://www.ncbi.nlm.nih.gov/geo/query/acc.cgi?acc=GSE149217	ok	5	metadata_table:4;mtx_archive:1	1	GSE149217_RAW.tar;GSE149217_Rice_ATLAS_raw_counts.csv.gz;GSE149217_Tomato_ATLAS_raw_counts.csv.gz;GSE149217_Tomato_DWL_raw_counts.csv.gz;GSE149217_Tomato_Field_raw_counts.csv.gz	download MTX/10x archive; convert with geo_mtx_tar_to_npz.py or geo_10x_to_npz.py	True	
cotton_glandular_terpenoid_atlas	Gossypium hirsutum	leaf glandular cells	B	download_candidate	GSE243419	https://www.ncbi.nlm.nih.gov/geo/query/acc.cgi?acc=GSE243419	https://www.ncbi.nlm.nih.gov/geo/query/acc.cgi?acc=GSE243419	ok	1	mtx_archive:1	1	GSE243419_RAW.tar	download MTX/10x archive; convert with geo_mtx_tar_to_npz.py or geo_10x_to_npz.py	True	
arabidopsis_secondary_root_dev_atlas	Arabidopsis thaliana	secondary root	B	download_candidate	GSE270140	https://www.ncbi.nlm.nih.gov/geo/query/acc.cgi?acc=GSE270140	https://www.ncbi.nlm.nih.gov/geo/query/acc.cgi?acc=GSE270140	ok	1	mtx_archive:1	1	GSE270140_RAW.tar	download MTX/10x archive; convert with geo_mtx_tar_to_npz.py or geo_10x_to_npz.py	True	
arabidopsis_lateral_root_founder_atlas	Arabidopsis thaliana	lateral root founder cells	B	download_candidate	GSE302041	https://www.ncbi.nlm.nih.gov/geo/query/acc.cgi?acc=GSE302041	https://www.ncbi.nlm.nih.gov/geo/query/acc.cgi?acc=GSE302041	ok	1	seurat_rds:1	1	GSE302041_LRFC.rds	download Seurat RDS; export with export_seurat_rds_to_mtx.R; build NPZ manifest	True	
marchantia_spore_asymmetry_single_cell	Marchantia polymorpha	spore asymmetry	C	download_candidate	GSE336751	https://www.ncbi.nlm.nih.gov/geo/query/acc.cgi?acc=GSE336751	https://www.ncbi.nlm.nih.gov/geo/query/acc.cgi?acc=GSE336751	ok	1	mtx_archive:1	1	GSE336751_RAW.tar	download MTX/10x archive; convert with geo_mtx_tar_to_npz.py or geo_10x_to_npz.py	True	
maize_root_ground_tissue_atlas	Zea mays	root tissues	B	download_candidate	GSE172280	https://www.ncbi.nlm.nih.gov/geo/query/acc.cgi?acc=GSE172280	https://www.ncbi.nlm.nih.gov/geo/query/acc.cgi?acc=GSE172280	ok	1	metadata_table:1	0	GSE172280_Maize_roottissues_Normalized.csv.gz	supplementary files found but no obvious matrix; inspect manually before training use	False	
