dataset_id	accession	species	tissue_or_scope	priority	status	filename	file_type	url	matrix_like
discovered_gse125708	GSE125708	Mus musculus	public discovery candidate	A	ncbi_discovery_candidate	GSE125708_RAW.tar	mtx_archive	https://www.ncbi.nlm.nih.gov/geo/download/?acc=GSE125708&format=file&file=GSE125708_RAW.tar	True
rice_root_tip_atlas	GSE146034	Oryza sativa	root tip	B	download_candidate	GSE146034_RAW.tar	mtx_archive	https://www.ncbi.nlm.nih.gov/geo/download/?acc=GSE146034&format=file&file=GSE146034_RAW.tar	True
discovered_gse149198	GSE149198	Homo sapiens	public discovery candidate	A	ncbi_discovery_candidate	GSE149198_RAW.tar	mtx_archive	https://www.ncbi.nlm.nih.gov/geo/download/?acc=GSE149198&format=file&file=GSE149198_RAW.tar	True
discovered_gse149201	GSE149201	Homo sapiens	public discovery candidate	A	ncbi_discovery_candidate	GSE149201_RAW.tar	mtx_archive	https://www.ncbi.nlm.nih.gov/geo/download/?acc=GSE149201&format=file&file=GSE149201_RAW.tar	True
discovered_gse149209	GSE149209	Homo sapiens	public discovery candidate	A	ncbi_discovery_candidate	GSE149209_RAW.tar	mtx_archive	https://www.ncbi.nlm.nih.gov/geo/download/?acc=GSE149209&format=file&file=GSE149209_RAW.tar	True
tomato_rice_root_tip_celltype_atlas	GSE149217	Solanum lycopersicum; Oryza sativa	root tip cell types	B	download_candidate	GSE149217_RAW.tar	mtx_archive	https://www.ncbi.nlm.nih.gov/geo/download/?acc=GSE149217&format=file&file=GSE149217_RAW.tar	True
arabidopsis_root_atlas	GSE152766	Arabidopsis thaliana	root	A	download_candidate	GSE152766_RAW.tar	mtx_archive	https://www.ncbi.nlm.nih.gov/geo/download/?acc=GSE152766&format=file&file=GSE152766_RAW.tar	True
arabidopsis_root_atlas	GSE152766	Arabidopsis thaliana	root	A	download_candidate	GSE152766_Columella_Atlas.rds.gz	seurat_rds	https://ftp.ncbi.nlm.nih.gov/geo/series/GSE152nnn/GSE152766/suppl/GSE152766_Columella_Atlas.rds.gz	True
arabidopsis_root_atlas	GSE152766	Arabidopsis thaliana	root	A	download_candidate	GSE152766_Epidermis_LRC_Atlas.rds.gz	seurat_rds	https://ftp.ncbi.nlm.nih.gov/geo/series/GSE152nnn/GSE152766/suppl/GSE152766_Epidermis_LRC_Atlas.rds.gz	True
arabidopsis_root_atlas	GSE152766	Arabidopsis thaliana	root	A	download_candidate	GSE152766_Ground_Tissue_Atlas.rds.gz	seurat_rds	https://ftp.ncbi.nlm.nih.gov/geo/series/GSE152nnn/GSE152766/suppl/GSE152766_Ground_Tissue_Atlas.rds.gz	True
arabidopsis_root_atlas	GSE152766	Arabidopsis thaliana	root	A	download_candidate	GSE152766_Root_Atlas.rds.gz	seurat_rds	https://ftp.ncbi.nlm.nih.gov/geo/series/GSE152nnn/GSE152766/suppl/GSE152766_Root_Atlas.rds.gz	True
arabidopsis_root_atlas	GSE152766	Arabidopsis thaliana	root	A	download_candidate	GSE152766_Root_Atlas_seu4.rds.gz	seurat_rds	https://ftp.ncbi.nlm.nih.gov/geo/series/GSE152nnn/GSE152766/suppl/GSE152766_Root_Atlas_seu4.rds.gz	True
arabidopsis_root_atlas	GSE152766	Arabidopsis thaliana	root	A	download_candidate	GSE152766_Root_Atlas_spliced_unspliced_raw_counts.rds.gz	seurat_rds	https://ftp.ncbi.nlm.nih.gov/geo/series/GSE152nnn/GSE152766/suppl/GSE152766_Root_Atlas_spliced_unspliced_raw_counts.rds.gz	True
arabidopsis_root_atlas	GSE152766	Arabidopsis thaliana	root	A	download_candidate	GSE152766_Stele_Atlas.rds.gz	seurat_rds	https://ftp.ncbi.nlm.nih.gov/geo/series/GSE152nnn/GSE152766/suppl/GSE152766_Stele_Atlas.rds.gz	True
arabidopsis_root_atlas	GSE152766	Arabidopsis thaliana	root	A	download_candidate	GSE152766_col0_COPILOT.rds.gz	seurat_rds	https://ftp.ncbi.nlm.nih.gov/geo/series/GSE152nnn/GSE152766/suppl/GSE152766_col0_COPILOT.rds.gz	True
arabidopsis_root_atlas	GSE152766	Arabidopsis thaliana	root	A	download_candidate	GSE152766_dc1_COPILOT.rds.gz	seurat_rds	https://ftp.ncbi.nlm.nih.gov/geo/series/GSE152nnn/GSE152766/suppl/GSE152766_dc1_COPILOT.rds.gz	True
arabidopsis_root_atlas	GSE152766	Arabidopsis thaliana	root	A	download_candidate	GSE152766_dc2_COPILOT.rds.gz	seurat_rds	https://ftp.ncbi.nlm.nih.gov/geo/series/GSE152nnn/GSE152766/suppl/GSE152766_dc2_COPILOT.rds.gz	True
arabidopsis_root_atlas	GSE152766	Arabidopsis thaliana	root	A	download_candidate	GSE152766_pp1_COPILOT.rds.gz	seurat_rds	https://ftp.ncbi.nlm.nih.gov/geo/series/GSE152nnn/GSE152766/suppl/GSE152766_pp1_COPILOT.rds.gz	True
arabidopsis_root_atlas	GSE152766	Arabidopsis thaliana	root	A	download_candidate	GSE152766_rc.integrated_scr.rds.gz	seurat_rds	https://ftp.ncbi.nlm.nih.gov/geo/series/GSE152nnn/GSE152766/suppl/GSE152766_rc.integrated_scr.rds.gz	True
arabidopsis_root_atlas	GSE152766	Arabidopsis thaliana	root	A	download_candidate	GSE152766_rc.integrated_shr.rds.gz	seurat_rds	https://ftp.ncbi.nlm.nih.gov/geo/series/GSE152nnn/GSE152766/suppl/GSE152766_rc.integrated_shr.rds.gz	True
arabidopsis_root_atlas	GSE152766	Arabidopsis thaliana	root	A	download_candidate	GSE152766_rc.integrated_wt_shr_scr.rds.gz	seurat_rds	https://ftp.ncbi.nlm.nih.gov/geo/series/GSE152nnn/GSE152766/suppl/GSE152766_rc.integrated_wt_shr_scr.rds.gz	True
arabidopsis_root_atlas	GSE152766	Arabidopsis thaliana	root	A	download_candidate	GSE152766_sc_10_at_COPILOT.rds.gz	seurat_rds	https://ftp.ncbi.nlm.nih.gov/geo/series/GSE152nnn/GSE152766/suppl/GSE152766_sc_10_at_COPILOT.rds.gz	True
arabidopsis_root_atlas	GSE152766	Arabidopsis thaliana	root	A	download_candidate	GSE152766_sc_11_COPILOT.rds.gz	seurat_rds	https://ftp.ncbi.nlm.nih.gov/geo/series/GSE152nnn/GSE152766/suppl/GSE152766_sc_11_COPILOT.rds.gz	True
arabidopsis_root_atlas	GSE152766	Arabidopsis thaliana	root	A	download_candidate	GSE152766_sc_12_COPILOT.rds.gz	seurat_rds	https://ftp.ncbi.nlm.nih.gov/geo/series/GSE152nnn/GSE152766/suppl/GSE152766_sc_12_COPILOT.rds.gz	True
arabidopsis_root_atlas	GSE152766	Arabidopsis thaliana	root	A	download_candidate	GSE152766_sc_1_COPILOT.rds.gz	seurat_rds	https://ftp.ncbi.nlm.nih.gov/geo/series/GSE152nnn/GSE152766/suppl/GSE152766_sc_1_COPILOT.rds.gz	True
arabidopsis_root_atlas	GSE152766	Arabidopsis thaliana	root	A	download_candidate	GSE152766_sc_20_COPILOT.rds.gz	seurat_rds	https://ftp.ncbi.nlm.nih.gov/geo/series/GSE152nnn/GSE152766/suppl/GSE152766_sc_20_COPILOT.rds.gz	True
arabidopsis_root_atlas	GSE152766	Arabidopsis thaliana	root	A	download_candidate	GSE152766_sc_21_COPILOT.rds.gz	seurat_rds	https://ftp.ncbi.nlm.nih.gov/geo/series/GSE152nnn/GSE152766/suppl/GSE152766_sc_21_COPILOT.rds.gz	True
arabidopsis_root_atlas	GSE152766	Arabidopsis thaliana	root	A	download_candidate	GSE152766_sc_25_COPILOT.rds.gz	seurat_rds	https://ftp.ncbi.nlm.nih.gov/geo/series/GSE152nnn/GSE152766/suppl/GSE152766_sc_25_COPILOT.rds.gz	True
arabidopsis_root_atlas	GSE152766	Arabidopsis thaliana	root	A	download_candidate	GSE152766_sc_30_COPILOT.rds.gz	seurat_rds	https://ftp.ncbi.nlm.nih.gov/geo/series/GSE152nnn/GSE152766/suppl/GSE152766_sc_30_COPILOT.rds.gz	True
arabidopsis_root_atlas	GSE152766	Arabidopsis thaliana	root	A	download_candidate	GSE152766_sc_31_COPILOT.rds.gz	seurat_rds	https://ftp.ncbi.nlm.nih.gov/geo/series/GSE152nnn/GSE152766/suppl/GSE152766_sc_31_COPILOT.rds.gz	True
arabidopsis_root_atlas	GSE152766	Arabidopsis thaliana	root	A	download_candidate	GSE152766_sc_36_COPILOT.rds.gz	seurat_rds	https://ftp.ncbi.nlm.nih.gov/geo/series/GSE152nnn/GSE152766/suppl/GSE152766_sc_36_COPILOT.rds.gz	True
arabidopsis_root_atlas	GSE152766	Arabidopsis thaliana	root	A	download_candidate	GSE152766_sc_37_COPILOT.rds.gz	seurat_rds	https://ftp.ncbi.nlm.nih.gov/geo/series/GSE152nnn/GSE152766/suppl/GSE152766_sc_37_COPILOT.rds.gz	True
arabidopsis_root_atlas	GSE152766	Arabidopsis thaliana	root	A	download_candidate	GSE152766_sc_40_COPILOT.rds.gz	seurat_rds	https://ftp.ncbi.nlm.nih.gov/geo/series/GSE152nnn/GSE152766/suppl/GSE152766_sc_40_COPILOT.rds.gz	True
arabidopsis_root_atlas	GSE152766	Arabidopsis thaliana	root	A	download_candidate	GSE152766_sc_51_COPILOT.rds.gz	seurat_rds	https://ftp.ncbi.nlm.nih.gov/geo/series/GSE152nnn/GSE152766/suppl/GSE152766_sc_51_COPILOT.rds.gz	True
arabidopsis_root_atlas	GSE152766	Arabidopsis thaliana	root	A	download_candidate	GSE152766_sc_52_COPILOT.rds.gz	seurat_rds	https://ftp.ncbi.nlm.nih.gov/geo/series/GSE152nnn/GSE152766/suppl/GSE152766_sc_52_COPILOT.rds.gz	True
arabidopsis_root_atlas	GSE152766	Arabidopsis thaliana	root	A	download_candidate	GSE152766_sc_53_COPILOT.rds.gz	seurat_rds	https://ftp.ncbi.nlm.nih.gov/geo/series/GSE152nnn/GSE152766/suppl/GSE152766_sc_53_COPILOT.rds.gz	True
arabidopsis_root_atlas	GSE152766	Arabidopsis thaliana	root	A	download_candidate	GSE152766_sc_9_at_COPILOT.rds.gz	seurat_rds	https://ftp.ncbi.nlm.nih.gov/geo/series/GSE152nnn/GSE152766/suppl/GSE152766_sc_9_at_COPILOT.rds.gz	True
arabidopsis_root_atlas	GSE152766	Arabidopsis thaliana	root	A	download_candidate	GSE152766_tnw1_COPILOT.rds.gz	seurat_rds	https://ftp.ncbi.nlm.nih.gov/geo/series/GSE152nnn/GSE152766/suppl/GSE152766_tnw1_COPILOT.rds.gz	True
arabidopsis_root_atlas	GSE152766	Arabidopsis thaliana	root	A	download_candidate	GSE152766_tnw2_COPILOT.rds.gz	seurat_rds	https://ftp.ncbi.nlm.nih.gov/geo/series/GSE152nnn/GSE152766/suppl/GSE152766_tnw2_COPILOT.rds.gz	True
discovered_gse157757	GSE157757	Zea mays	public discovery candidate	A	ncbi_discovery_candidate	GSE157757_RAW.tar	mtx_archive	https://www.ncbi.nlm.nih.gov/geo/download/?acc=GSE157757&format=file&file=GSE157757_RAW.tar	True
discovered_gse157758	GSE157758	Zea mays	public discovery candidate	A	ncbi_discovery_candidate	GSE157758_RAW.tar	mtx_archive	https://www.ncbi.nlm.nih.gov/geo/download/?acc=GSE157758&format=file&file=GSE157758_RAW.tar	True
discovered_gse182507	GSE182507	Medicago truncatula	public discovery candidate	A	ncbi_discovery_candidate	GSE182507_RAW.tar	mtx_archive	https://www.ncbi.nlm.nih.gov/geo/download/?acc=GSE182507&format=file&file=GSE182507_RAW.tar	True
discovered_gse196882	GSE196882	Zea mays	public discovery candidate	A	ncbi_discovery_candidate	GSE196882_RAW.tar	mtx_archive	https://www.ncbi.nlm.nih.gov/geo/download/?acc=GSE196882&format=file&file=GSE196882_RAW.tar	True
discovered_gse210881	GSE210881	Medicago truncatula	public discovery candidate	A	ncbi_discovery_candidate	GSE210881_sNucRNA-seq_Medicago_integrated_root_atlas.rds.gz	seurat_rds	https://ftp.ncbi.nlm.nih.gov/geo/series/GSE210nnn/GSE210881/suppl/GSE210881_sNucRNA-seq_Medicago_integrated_root_atlas.rds.gz	True
discovered_gse220277	GSE220277	Arabidopsis	public discovery candidate	A	ncbi_discovery_candidate	GSE220277_RAW.tar	mtx_archive	https://www.ncbi.nlm.nih.gov/geo/download/?acc=GSE220277&format=file&file=GSE220277_RAW.tar	True
arabidopsis_lifecycle_spatial_atlas	GSE226097	Arabidopsis thaliana	whole life cycle; multiple organs	A	download_candidate	GSE226097_221121_curio_seed_seurat.rds.gz	seurat_rds	https://ftp.ncbi.nlm.nih.gov/geo/series/GSE226nnn/GSE226097/suppl/GSE226097_221121_curio_seed_seurat.rds.gz	True
arabidopsis_lifecycle_spatial_atlas	GSE226097	Arabidopsis thaliana	whole life cycle; multiple organs	A	download_candidate	GSE226097_flower_250805.rds	seurat_rds	https://ftp.ncbi.nlm.nih.gov/geo/series/GSE226nnn/GSE226097/suppl/GSE226097_flower_250805.rds	True
arabidopsis_lifecycle_spatial_atlas	GSE226097	Arabidopsis thaliana	whole life cycle; multiple organs	A	download_candidate	GSE226097_flower_relaxed_220706.rds	seurat_rds	https://ftp.ncbi.nlm.nih.gov/geo/series/GSE226nnn/GSE226097/suppl/GSE226097_flower_relaxed_220706.rds	True
arabidopsis_lifecycle_spatial_atlas	GSE226097	Arabidopsis thaliana	whole life cycle; multiple organs	A	download_candidate	GSE226097_global_integration_221009.rds	seurat_rds	https://ftp.ncbi.nlm.nih.gov/geo/series/GSE226nnn/GSE226097/suppl/GSE226097_global_integration_221009.rds	True
arabidopsis_lifecycle_spatial_atlas	GSE226097	Arabidopsis thaliana	whole life cycle; multiple organs	A	download_candidate	GSE226097_hook_Col_hls1_integrated_250221.rds	seurat_rds	https://ftp.ncbi.nlm.nih.gov/geo/series/GSE226nnn/GSE226097/suppl/GSE226097_hook_Col_hls1_integrated_250221.rds	True
arabidopsis_lifecycle_spatial_atlas	GSE226097	Arabidopsis thaliana	whole life cycle; multiple organs	A	download_candidate	GSE226097_relaxed_global_integration_221122.rds	seurat_rds	https://ftp.ncbi.nlm.nih.gov/geo/series/GSE226nnn/GSE226097/suppl/GSE226097_relaxed_global_integration_221122.rds	True
arabidopsis_lifecycle_spatial_atlas	GSE226097	Arabidopsis thaliana	whole life cycle; multiple organs	A	download_candidate	GSE226097_rosette_21d_230221.rds.gz	seurat_rds	https://ftp.ncbi.nlm.nih.gov/geo/series/GSE226nnn/GSE226097/suppl/GSE226097_rosette_21d_230221.rds.gz	True
arabidopsis_lifecycle_spatial_atlas	GSE226097	Arabidopsis thaliana	whole life cycle; multiple organs	A	download_candidate	GSE226097_rosette_21d_relaxed_220713.rds	seurat_rds	https://ftp.ncbi.nlm.nih.gov/geo/series/GSE226nnn/GSE226097/suppl/GSE226097_rosette_21d_relaxed_220713.rds	True
arabidopsis_lifecycle_spatial_atlas	GSE226097	Arabidopsis thaliana	whole life cycle; multiple organs	A	download_candidate	GSE226097_rosette_30d_230221.rds.gz	seurat_rds	https://ftp.ncbi.nlm.nih.gov/geo/series/GSE226nnn/GSE226097/suppl/GSE226097_rosette_30d_230221.rds.gz	True
arabidopsis_lifecycle_spatial_atlas	GSE226097	Arabidopsis thaliana	whole life cycle; multiple organs	A	download_candidate	GSE226097_rosette_30d_relaxed_220706.rds	seurat_rds	https://ftp.ncbi.nlm.nih.gov/geo/series/GSE226nnn/GSE226097/suppl/GSE226097_rosette_30d_relaxed_220706.rds	True
arabidopsis_lifecycle_spatial_atlas	GSE226097	Arabidopsis thaliana	whole life cycle; multiple organs	A	download_candidate	GSE226097_rosette_merge_220824.rds	seurat_rds	https://ftp.ncbi.nlm.nih.gov/geo/series/GSE226nnn/GSE226097/suppl/GSE226097_rosette_merge_220824.rds	True
arabidopsis_lifecycle_spatial_atlas	GSE226097	Arabidopsis thaliana	whole life cycle; multiple organs	A	download_candidate	GSE226097_seed_0d_230221.rds.gz	seurat_rds	https://ftp.ncbi.nlm.nih.gov/geo/series/GSE226nnn/GSE226097/suppl/GSE226097_seed_0d_230221.rds.gz	True
arabidopsis_lifecycle_spatial_atlas	GSE226097	Arabidopsis thaliana	whole life cycle; multiple organs	A	download_candidate	GSE226097_seed_0d_relaxed_220711.rds	seurat_rds	https://ftp.ncbi.nlm.nih.gov/geo/series/GSE226nnn/GSE226097/suppl/GSE226097_seed_0d_relaxed_220711.rds	True
arabidopsis_lifecycle_spatial_atlas	GSE226097	Arabidopsis thaliana	whole life cycle; multiple organs	A	download_candidate	GSE226097_seed_125d_250805.rds	seurat_rds	https://ftp.ncbi.nlm.nih.gov/geo/series/GSE226nnn/GSE226097/suppl/GSE226097_seed_125d_250805.rds	True
arabidopsis_lifecycle_spatial_atlas	GSE226097	Arabidopsis thaliana	whole life cycle; multiple organs	A	download_candidate	GSE226097_seed_125d_relaxed_220712.rds	seurat_rds	https://ftp.ncbi.nlm.nih.gov/geo/series/GSE226nnn/GSE226097/suppl/GSE226097_seed_125d_relaxed_220712.rds	True
arabidopsis_lifecycle_spatial_atlas	GSE226097	Arabidopsis thaliana	whole life cycle; multiple organs	A	download_candidate	GSE226097_seedling_12d_230221.rds.gz	seurat_rds	https://ftp.ncbi.nlm.nih.gov/geo/series/GSE226nnn/GSE226097/suppl/GSE226097_seedling_12d_230221.rds.gz	True
arabidopsis_lifecycle_spatial_atlas	GSE226097	Arabidopsis thaliana	whole life cycle; multiple organs	A	download_candidate	GSE226097_seedling_12d_relaxed_220712.rds	seurat_rds	https://ftp.ncbi.nlm.nih.gov/geo/series/GSE226nnn/GSE226097/suppl/GSE226097_seedling_12d_relaxed_220712.rds	True
arabidopsis_lifecycle_spatial_atlas	GSE226097	Arabidopsis thaliana	whole life cycle; multiple organs	A	download_candidate	GSE226097_seedling_3d_250805.rds	seurat_rds	https://ftp.ncbi.nlm.nih.gov/geo/series/GSE226nnn/GSE226097/suppl/GSE226097_seedling_3d_250805.rds	True
arabidopsis_lifecycle_spatial_atlas	GSE226097	Arabidopsis thaliana	whole life cycle; multiple organs	A	download_candidate	GSE226097_seedling_3d_relaxed_220711.rds	seurat_rds	https://ftp.ncbi.nlm.nih.gov/geo/series/GSE226nnn/GSE226097/suppl/GSE226097_seedling_3d_relaxed_220711.rds	True
arabidopsis_lifecycle_spatial_atlas	GSE226097	Arabidopsis thaliana	whole life cycle; multiple organs	A	download_candidate	GSE226097_seedling_6d_230221.rds.gz	seurat_rds	https://ftp.ncbi.nlm.nih.gov/geo/series/GSE226nnn/GSE226097/suppl/GSE226097_seedling_6d_230221.rds.gz	True
arabidopsis_lifecycle_spatial_atlas	GSE226097	Arabidopsis thaliana	whole life cycle; multiple organs	A	download_candidate	GSE226097_seedling_6d_relaxed_220710.rds	seurat_rds	https://ftp.ncbi.nlm.nih.gov/geo/series/GSE226nnn/GSE226097/suppl/GSE226097_seedling_6d_relaxed_220710.rds	True
arabidopsis_lifecycle_spatial_atlas	GSE226097	Arabidopsis thaliana	whole life cycle; multiple organs	A	download_candidate	GSE226097_seedling_merge_220714.rds	seurat_rds	https://ftp.ncbi.nlm.nih.gov/geo/series/GSE226nnn/GSE226097/suppl/GSE226097_seedling_merge_220714.rds	True
arabidopsis_lifecycle_spatial_atlas	GSE226097	Arabidopsis thaliana	whole life cycle; multiple organs	A	download_candidate	GSE226097_silique_230221.rds.gz	seurat_rds	https://ftp.ncbi.nlm.nih.gov/geo/series/GSE226nnn/GSE226097/suppl/GSE226097_silique_230221.rds.gz	True
arabidopsis_lifecycle_spatial_atlas	GSE226097	Arabidopsis thaliana	whole life cycle; multiple organs	A	download_candidate	GSE226097_silique_relaxed_220710.rds	seurat_rds	https://ftp.ncbi.nlm.nih.gov/geo/series/GSE226nnn/GSE226097/suppl/GSE226097_silique_relaxed_220710.rds	True
arabidopsis_lifecycle_spatial_atlas	GSE226097	Arabidopsis thaliana	whole life cycle; multiple organs	A	download_candidate	GSE226097_spatial_dataset_flower_region1_250425.rds	seurat_rds	https://ftp.ncbi.nlm.nih.gov/geo/series/GSE226nnn/GSE226097/suppl/GSE226097_spatial_dataset_flower_region1_250425.rds	True
arabidopsis_lifecycle_spatial_atlas	GSE226097	Arabidopsis thaliana	whole life cycle; multiple organs	A	download_candidate	GSE226097_spatial_dataset_flower_region2_250425.rds	seurat_rds	https://ftp.ncbi.nlm.nih.gov/geo/series/GSE226nnn/GSE226097/suppl/GSE226097_spatial_dataset_flower_region2_250425.rds	True
arabidopsis_lifecycle_spatial_atlas	GSE226097	Arabidopsis thaliana	whole life cycle; multiple organs	A	download_candidate	GSE226097_spatial_dataset_flower_region2_long_250425.rds	seurat_rds	https://ftp.ncbi.nlm.nih.gov/geo/series/GSE226nnn/GSE226097/suppl/GSE226097_spatial_dataset_flower_region2_long_250425.rds	True
arabidopsis_lifecycle_spatial_atlas	GSE226097	Arabidopsis thaliana	whole life cycle; multiple organs	A	download_candidate	GSE226097_stem_250805.rds	seurat_rds	https://ftp.ncbi.nlm.nih.gov/geo/series/GSE226nnn/GSE226097/suppl/GSE226097_stem_250805.rds	True
arabidopsis_lifecycle_spatial_atlas	GSE226097	Arabidopsis thaliana	whole life cycle; multiple organs	A	download_candidate	GSE226097_stem_relaxed_220706.rds	seurat_rds	https://ftp.ncbi.nlm.nih.gov/geo/series/GSE226nnn/GSE226097/suppl/GSE226097_stem_relaxed_220706.rds	True
discovered_gse226149	GSE226149	Glycine max	public discovery candidate	A	ncbi_discovery_candidate	GSE226149_RAW.tar	mtx_archive	https://www.ncbi.nlm.nih.gov/geo/download/?acc=GSE226149&format=file&file=GSE226149_RAW.tar	True
arabidopsis_callus_regeneration_scrna	GSE234192	Arabidopsis thaliana	calli after 7 and 12 days on callus-inducing medium	B	download_candidate	GSE234192_RAW.tar	mtx_archive	https://www.ncbi.nlm.nih.gov/geo/download/?acc=GSE234192&format=file&file=GSE234192_RAW.tar	True
arabidopsis_callus_regeneration_scrna	GSE234192	Arabidopsis thaliana	calli after 7 and 12 days on callus-inducing medium	B	download_candidate	GSE234192_processed.rds	seurat_rds	https://ftp.ncbi.nlm.nih.gov/geo/series/GSE234nnn/GSE234192/suppl/GSE234192_processed.rds	True
cotton_glandular_terpenoid_atlas	GSE243419	Gossypium hirsutum	leaf glandular cells	B	download_candidate	GSE243419_RAW.tar	mtx_archive	https://www.ncbi.nlm.nih.gov/geo/download/?acc=GSE243419&format=file&file=GSE243419_RAW.tar	True
rice_soil_stress_root_atlas	GSE251706	Oryza sativa	roots under gel, soil, and compacted soil	A	download_candidate	GSE251706_RAW.tar	mtx_archive	https://www.ncbi.nlm.nih.gov/geo/download/?acc=GSE251706&format=file&file=GSE251706_RAW.tar	True
rice_soil_stress_root_atlas	GSE251706	Oryza sativa	roots under gel, soil, and compacted soil	A	download_candidate	GSE251706_Rice_12S_WT_atlas_seu3.rds.gz	seurat_rds	https://ftp.ncbi.nlm.nih.gov/geo/series/GSE251nnn/GSE251706/suppl/GSE251706_Rice_12S_WT_atlas_seu3.rds.gz	True
rice_soil_stress_root_atlas	GSE251706	Oryza sativa	roots under gel, soil, and compacted soil	A	download_candidate	GSE251706_Rice_4S_XKit_Kit_NC_20241025_seu3.rds.gz	seurat_rds	https://ftp.ncbi.nlm.nih.gov/geo/series/GSE251nnn/GSE251706/suppl/GSE251706_Rice_4S_XKit_Kit_NC_20241025_seu3.rds.gz	True
rice_soil_stress_root_atlas	GSE251706	Oryza sativa	roots under gel, soil, and compacted soil	A	download_candidate	GSE251706_Rice_8S_gel_soil_seu3.rds.gz	seurat_rds	https://ftp.ncbi.nlm.nih.gov/geo/series/GSE251nnn/GSE251706/suppl/GSE251706_Rice_8S_gel_soil_seu3.rds.gz	True
rice_soil_stress_root_atlas	GSE251706	Oryza sativa	roots under gel, soil, and compacted soil	A	download_candidate	GSE251706_Rice_9S_gel_soil_WT_XK_K_20240730_seu3.rds.gz	seurat_rds	https://ftp.ncbi.nlm.nih.gov/geo/series/GSE251nnn/GSE251706/suppl/GSE251706_Rice_9S_gel_soil_WT_XK_K_20240730_seu3.rds.gz	True
rice_soil_stress_root_atlas	GSE251706	Oryza sativa	roots under gel, soil, and compacted soil	A	download_candidate	GSE251706_tz1_COPILOT.rds.gz	seurat_rds	https://ftp.ncbi.nlm.nih.gov/geo/series/GSE251nnn/GSE251706/suppl/GSE251706_tz1_COPILOT.rds.gz	True
rice_soil_stress_root_atlas	GSE251706	Oryza sativa	roots under gel, soil, and compacted soil	A	download_candidate	GSE251706_tz2_COPILOT.rds.gz	seurat_rds	https://ftp.ncbi.nlm.nih.gov/geo/series/GSE251nnn/GSE251706/suppl/GSE251706_tz2_COPILOT.rds.gz	True
discovered_gse267159	GSE267159	Populus trichocarpa	public discovery candidate	A	ncbi_discovery_candidate	GSE267159_RAW.tar	mtx_archive	https://www.ncbi.nlm.nih.gov/geo/download/?acc=GSE267159&format=file&file=GSE267159_RAW.tar	True
brassicaceae_multi_species_root_atlas	GSE268881	Brassicaceae	roots across five species and abiotic-stress adaptation	A	download_candidate	GSE268881_RAW.tar	mtx_archive	https://www.ncbi.nlm.nih.gov/geo/download/?acc=GSE268881&format=file&file=GSE268881_RAW.tar	True
arabidopsis_secondary_root_dev_atlas	GSE270140	Arabidopsis thaliana	secondary root	B	download_candidate	GSE270140_RAW.tar	mtx_archive	https://www.ncbi.nlm.nih.gov/geo/download/?acc=GSE270140&format=file&file=GSE270140_RAW.tar	True
wheat_soil_root_atlas	GSE270342	Triticum aestivum	soil-grown root	B	download_candidate	GSE270342_RAW.tar	mtx_archive	https://www.ncbi.nlm.nih.gov/geo/download/?acc=GSE270342&format=file&file=GSE270342_RAW.tar	True
wheat_soil_root_atlas	GSE270342	Triticum aestivum	soil-grown root	B	download_candidate	GSE270342_seuratObj_for_publication.rds.gz	seurat_rds	https://ftp.ncbi.nlm.nih.gov/geo/series/GSE270nnn/GSE270342/suppl/GSE270342_seuratObj_for_publication.rds.gz	True
discovered_gse273033	GSE273033	Arabidopsis thaliana	public discovery candidate	A	ncbi_discovery_candidate	GSE273033_RAW.tar	mtx_archive	https://www.ncbi.nlm.nih.gov/geo/download/?acc=GSE273033&format=file&file=GSE273033_RAW.tar	True
discovered_gse273033	GSE273033	Arabidopsis thaliana	public discovery candidate	A	ncbi_discovery_candidate	GSE273033_seuratObj_for_publication.rds.gz	seurat_rds	https://ftp.ncbi.nlm.nih.gov/geo/series/GSE273nnn/GSE273033/suppl/GSE273033_seuratObj_for_publication.rds.gz	True
discovered_gse283835	GSE283835	Populus tremula x Populus alba	public discovery candidate	A	ncbi_discovery_candidate	GSE283835_RAW.tar	mtx_archive	https://www.ncbi.nlm.nih.gov/geo/download/?acc=GSE283835&format=file&file=GSE283835_RAW.tar	True
arabidopsis_scrna_method_benchmark	GSE300264	Arabidopsis thaliana	root	B	download_candidate	GSE300264_RAW.tar	mtx_archive	https://www.ncbi.nlm.nih.gov/geo/download/?acc=GSE300264&format=file&file=GSE300264_RAW.tar	True
arabidopsis_scrna_method_benchmark	GSE300264	Arabidopsis thaliana	root	B	download_candidate	GSE300264_merged_seurat.rds	seurat_rds	https://ftp.ncbi.nlm.nih.gov/geo/series/GSE300nnn/GSE300264/suppl/GSE300264_merged_seurat.rds	True
arabidopsis_lateral_root_founder_atlas	GSE302041	Arabidopsis thaliana	lateral root founder cells	B	download_candidate	GSE302041_LRFC.rds	seurat_rds	https://ftp.ncbi.nlm.nih.gov/geo/series/GSE302nnn/GSE302041/suppl/GSE302041_LRFC.rds	True
discovered_gse303744	GSE303744	Arabidopsis thaliana; synthetic construct	public discovery candidate	A	ncbi_discovery_candidate	GSE303744_RAW.tar	mtx_archive	https://www.ncbi.nlm.nih.gov/geo/download/?acc=GSE303744&format=file&file=GSE303744_RAW.tar	True
discovered_gse303996	GSE303996	Arabidopsis thaliana	public discovery candidate	A	ncbi_discovery_candidate	GSE303996_RAW.tar	mtx_archive	https://www.ncbi.nlm.nih.gov/geo/download/?acc=GSE303996&format=file&file=GSE303996_RAW.tar	True
discovered_gse303996	GSE303996	Arabidopsis thaliana	public discovery candidate	A	ncbi_discovery_candidate	GSE303996_Accessibility_Matrix_Ath_Multiome_Ctr_Cut_2h_DMSO_TSA_SCT_Annotated_Normalised_ATAC.rds	seurat_rds	https://ftp.ncbi.nlm.nih.gov/geo/series/GSE303nnn/GSE303996/suppl/GSE303996_Accessibility_Matrix_Ath_Multiome_Ctr_Cut_2h_DMSO_TSA_SCT_Annotated_Normalised_ATAC.rds	True
discovered_gse303996	GSE303996	Arabidopsis thaliana	public discovery candidate	A	ncbi_discovery_candidate	GSE303996_Accessibility_Matrix_Ath_Multiome_Ctr_Cut_2h_DMSO_TSA_SCT_Annotated_Normalised_ATAC_Accessibility_Macs2_peaksNarrowPerCell.rds	seurat_rds	https://ftp.ncbi.nlm.nih.gov/geo/series/GSE303nnn/GSE303996/suppl/GSE303996_Accessibility_Matrix_Ath_Multiome_Ctr_Cut_2h_DMSO_TSA_SCT_Annotated_Normalised_ATAC_Accessibility_Macs2_peaksNarrowPerCell.rds	True
discovered_gse303996	GSE303996	Arabidopsis thaliana	public discovery candidate	A	ncbi_discovery_candidate	GSE303996_Accessibility_Matrix_Ath_Multiome_Ctr_Cut_2h_DMSO_TSA_SCT_Annotated_RawATAC_Counts_Macs2_peaksNarrowPerCell.rds	seurat_rds	https://ftp.ncbi.nlm.nih.gov/geo/series/GSE303nnn/GSE303996/suppl/GSE303996_Accessibility_Matrix_Ath_Multiome_Ctr_Cut_2h_DMSO_TSA_SCT_Annotated_RawATAC_Counts_Macs2_peaksNarrowPerCell.rds	True
discovered_gse303996	GSE303996	Arabidopsis thaliana	public discovery candidate	A	ncbi_discovery_candidate	GSE303996_Accessibility_Matrix_Ath_Multiome_Ctr_Cut_2h_DMSO_TSA_SCT_Annotated_Raw_ATAC_Counts.rds	seurat_rds	https://ftp.ncbi.nlm.nih.gov/geo/series/GSE303nnn/GSE303996/suppl/GSE303996_Accessibility_Matrix_Ath_Multiome_Ctr_Cut_2h_DMSO_TSA_SCT_Annotated_Raw_ATAC_Counts.rds	True
discovered_gse303996	GSE303996	Arabidopsis thaliana	public discovery candidate	A	ncbi_discovery_candidate	GSE303996_Expression_Matrix_Ath_Ctr_Cut_4_9_14_24_36h_SCTREF_Annotated_Normalised_Expression.rds	seurat_rds	https://ftp.ncbi.nlm.nih.gov/geo/series/GSE303nnn/GSE303996/suppl/GSE303996_Expression_Matrix_Ath_Ctr_Cut_4_9_14_24_36h_SCTREF_Annotated_Normalised_Expression.rds	True
discovered_gse303996	GSE303996	Arabidopsis thaliana	public discovery candidate	A	ncbi_discovery_candidate	GSE303996_Expression_Matrix_Ath_Ctr_Cut_4_9_14_24_36h_SCTREF_Annotated_RawCounts.rds	seurat_rds	https://ftp.ncbi.nlm.nih.gov/geo/series/GSE303nnn/GSE303996/suppl/GSE303996_Expression_Matrix_Ath_Ctr_Cut_4_9_14_24_36h_SCTREF_Annotated_RawCounts.rds	True
discovered_gse303996	GSE303996	Arabidopsis thaliana	public discovery candidate	A	ncbi_discovery_candidate	GSE303996_Expression_Matrix_Ath_Ctr_Cut_4_9_14_24_Curcumin_treatment_SCTREF_Annotated_Normalised_Expression.rds	seurat_rds	https://ftp.ncbi.nlm.nih.gov/geo/series/GSE303nnn/GSE303996/suppl/GSE303996_Expression_Matrix_Ath_Ctr_Cut_4_9_14_24_Curcumin_treatment_SCTREF_Annotated_Normalised_Expression.rds	True
discovered_gse303996	GSE303996	Arabidopsis thaliana	public discovery candidate	A	ncbi_discovery_candidate	GSE303996_Expression_Matrix_Ath_Ctr_Cut_4_9_14_24_Curcumin_treatment_SCTREF_Annotated_RawCounts.rds	seurat_rds	https://ftp.ncbi.nlm.nih.gov/geo/series/GSE303nnn/GSE303996/suppl/GSE303996_Expression_Matrix_Ath_Ctr_Cut_4_9_14_24_Curcumin_treatment_SCTREF_Annotated_RawCounts.rds	True
discovered_gse303996	GSE303996	Arabidopsis thaliana	public discovery candidate	A	ncbi_discovery_candidate	GSE303996_Expression_Matrix_Ath_Ctr_Cut_4_9_14_24_Roscovitine_SCTREF_Annotated_RawCounts.rds	seurat_rds	https://ftp.ncbi.nlm.nih.gov/geo/series/GSE303nnn/GSE303996/suppl/GSE303996_Expression_Matrix_Ath_Ctr_Cut_4_9_14_24_Roscovitine_SCTREF_Annotated_RawCounts.rds	True
discovered_gse303996	GSE303996	Arabidopsis thaliana	public discovery candidate	A	ncbi_discovery_candidate	GSE303996_Expression_Matrix_Ath_Ctr_Cut_4_9_14_24_Roscovitine_treatment_SCTREF_Annotated_Normalised_Expression.rds	seurat_rds	https://ftp.ncbi.nlm.nih.gov/geo/series/GSE303nnn/GSE303996/suppl/GSE303996_Expression_Matrix_Ath_Ctr_Cut_4_9_14_24_Roscovitine_treatment_SCTREF_Annotated_Normalised_Expression.rds	True
discovered_gse303996	GSE303996	Arabidopsis thaliana	public discovery candidate	A	ncbi_discovery_candidate	GSE303996_Expression_Matrix_Ath_Ctr_Cut_4_9_14_24_TSA_treatment_SCTREF_Annotated_Normalised_Expression.rds	seurat_rds	https://ftp.ncbi.nlm.nih.gov/geo/series/GSE303nnn/GSE303996/suppl/GSE303996_Expression_Matrix_Ath_Ctr_Cut_4_9_14_24_TSA_treatment_SCTREF_Annotated_Normalised_Expression.rds	True
discovered_gse303996	GSE303996	Arabidopsis thaliana	public discovery candidate	A	ncbi_discovery_candidate	GSE303996_Expression_Matrix_Ath_Ctr_Cut_4_9_14_24_TSA_treatment_SCTREF_Annotated_RawCounts.rds	seurat_rds	https://ftp.ncbi.nlm.nih.gov/geo/series/GSE303nnn/GSE303996/suppl/GSE303996_Expression_Matrix_Ath_Ctr_Cut_4_9_14_24_TSA_treatment_SCTREF_Annotated_RawCounts.rds	True
discovered_gse303996	GSE303996	Arabidopsis thaliana	public discovery candidate	A	ncbi_discovery_candidate	GSE303996_Expression_Matrix_Ath_Multiome_Ctr_Cut_2h_DMSO_TSA_SCT_Annotated_Normalised_RNA_Expression.rds	seurat_rds	https://ftp.ncbi.nlm.nih.gov/geo/series/GSE303nnn/GSE303996/suppl/GSE303996_Expression_Matrix_Ath_Multiome_Ctr_Cut_2h_DMSO_TSA_SCT_Annotated_Normalised_RNA_Expression.rds	True
discovered_gse303996	GSE303996	Arabidopsis thaliana	public discovery candidate	A	ncbi_discovery_candidate	GSE303996_Expression_Matrix_Ath_Multiome_Ctr_Cut_2h_DMSO_TSA_SCT_Annotated_RawRNA_Counts.rds	seurat_rds	https://ftp.ncbi.nlm.nih.gov/geo/series/GSE303nnn/GSE303996/suppl/GSE303996_Expression_Matrix_Ath_Multiome_Ctr_Cut_2h_DMSO_TSA_SCT_Annotated_RawRNA_Counts.rds	True
discovered_gse303996	GSE303996	Arabidopsis thaliana	public discovery candidate	A	ncbi_discovery_candidate	GSE303996_Expression_Matrix_Ath_Uncut_14h_TSA_Roscovitine_Curcumin_treatments_Normalised_Expression.rds	seurat_rds	https://ftp.ncbi.nlm.nih.gov/geo/series/GSE303nnn/GSE303996/suppl/GSE303996_Expression_Matrix_Ath_Uncut_14h_TSA_Roscovitine_Curcumin_treatments_Normalised_Expression.rds	True
discovered_gse303996	GSE303996	Arabidopsis thaliana	public discovery candidate	A	ncbi_discovery_candidate	GSE303996_Expression_Matrix_Ath_Uncut_14h_TSA_Roscovitine_Curcumin_treatments_RawCounts.rds	seurat_rds	https://ftp.ncbi.nlm.nih.gov/geo/series/GSE303nnn/GSE303996/suppl/GSE303996_Expression_Matrix_Ath_Uncut_14h_TSA_Roscovitine_Curcumin_treatments_RawCounts.rds	True
discovered_gse308672	GSE308672	Arabidopsis thaliana	public discovery candidate	A	ncbi_discovery_candidate	GSE308672_RAW.tar	mtx_archive	https://www.ncbi.nlm.nih.gov/geo/download/?acc=GSE308672&format=file&file=GSE308672_RAW.tar	True
discovered_gse308672	GSE308672	Arabidopsis thaliana	public discovery candidate	A	ncbi_discovery_candidate	GSE308672_AtRootHypoxiaIntegrated.rds	seurat_rds	https://ftp.ncbi.nlm.nih.gov/geo/series/GSE308nnn/GSE308672/suppl/GSE308672_AtRootHypoxiaIntegrated.rds	True
rice_node_reproductive_stage_atlas	GSE308757	Oryza sativa Japonica Group	node I at booting, flowering, and grain-filling stages	A	download_candidate	GSE308757_RAW.tar	mtx_archive	https://www.ncbi.nlm.nih.gov/geo/download/?acc=GSE308757&format=file&file=GSE308757_RAW.tar	True
stevia_leaf_secondary_metabolism_snuc	GSE311951	Stevia rebaudiana	leaf secondary metabolism	A	download_candidate	GSE311951_RAW.tar	mtx_archive	https://www.ncbi.nlm.nih.gov/geo/download/?acc=GSE311951&format=file&file=GSE311951_RAW.tar	True
rice_leaf_stress_snuc_atlas	GSE313726	Oryza sativa	leaf drought and salinity stress	A	download_candidate	GSE313726_RAW.tar	mtx_archive	https://www.ncbi.nlm.nih.gov/geo/download/?acc=GSE313726&format=file&file=GSE313726_RAW.tar	True
rice_leaf_stress_snuc_atlas	GSE313726	Oryza sativa	leaf drought and salinity stress	A	download_candidate	GSE313726_OsLeafStressIntegrated.rds	seurat_rds	https://ftp.ncbi.nlm.nih.gov/geo/series/GSE313nnn/GSE313726/suppl/GSE313726_OsLeafStressIntegrated.rds	True
tomato_mycorrhiza_snuc_atlas	GSE314252	Solanum lycopersicum	root mycorrhizal symbiosis	B	download_candidate	GSE314252_RAW.tar	mtx_archive	https://www.ncbi.nlm.nih.gov/geo/download/?acc=GSE314252&format=file&file=GSE314252_RAW.tar	True
tomato_mycorrhiza_snuc_atlas	GSE314252	Solanum lycopersicum	root mycorrhizal symbiosis	B	download_candidate	GSE314252_seuratObj_for_pub.rds	seurat_rds	https://ftp.ncbi.nlm.nih.gov/geo/series/GSE314nnn/GSE314252/suppl/GSE314252_seuratObj_for_pub.rds	True
tomato_salt_idioblast_atlas	GSE325371	Solanum lycopersicum	leaf salt-stress crystal idioblasts	A	download_candidate	GSE325371_RAW.tar	mtx_archive	https://www.ncbi.nlm.nih.gov/geo/download/?acc=GSE325371&format=file&file=GSE325371_RAW.tar	True
brassicaceae_regulatory_multiome	GSE332675	Brassicaceae	cell-type regulatory grammar	B	discovery_candidate	GSE332675_anndata_object.snATAC_Alyrata_flower_buds_combined.h5ad	h5ad	https://ftp.ncbi.nlm.nih.gov/geo/series/GSE332nnn/GSE332675/suppl/GSE332675_anndata_object.snATAC_Alyrata_flower_buds_combined.h5ad	True
brassicaceae_regulatory_multiome	GSE332675	Brassicaceae	cell-type regulatory grammar	B	discovery_candidate	GSE332675_anndata_object.snATAC_Alyrata_mature_leaf_combined.h5ad	h5ad	https://ftp.ncbi.nlm.nih.gov/geo/series/GSE332nnn/GSE332675/suppl/GSE332675_anndata_object.snATAC_Alyrata_mature_leaf_combined.h5ad	True
brassicaceae_regulatory_multiome	GSE332675	Brassicaceae	cell-type regulatory grammar	B	discovery_candidate	GSE332675_anndata_object.snATAC_Alyrata_root_combined.h5ad	h5ad	https://ftp.ncbi.nlm.nih.gov/geo/series/GSE332nnn/GSE332675/suppl/GSE332675_anndata_object.snATAC_Alyrata_root_combined.h5ad	True
brassicaceae_regulatory_multiome	GSE332675	Brassicaceae	cell-type regulatory grammar	B	discovery_candidate	GSE332675_anndata_object.snATAC_Alyrata_shoot.h5ad	h5ad	https://ftp.ncbi.nlm.nih.gov/geo/series/GSE332nnn/GSE332675/suppl/GSE332675_anndata_object.snATAC_Alyrata_shoot.h5ad	True
brassicaceae_regulatory_multiome	GSE332675	Brassicaceae	cell-type regulatory grammar	B	discovery_candidate	GSE332675_anndata_object.snATAC_Athaliana_flower_buds_combined.h5ad	h5ad	https://ftp.ncbi.nlm.nih.gov/geo/series/GSE332nnn/GSE332675/suppl/GSE332675_anndata_object.snATAC_Athaliana_flower_buds_combined.h5ad	True
brassicaceae_regulatory_multiome	GSE332675	Brassicaceae	cell-type regulatory grammar	B	discovery_candidate	GSE332675_anndata_object.snATAC_Athaliana_mature_leaf_combined.h5ad	h5ad	https://ftp.ncbi.nlm.nih.gov/geo/series/GSE332nnn/GSE332675/suppl/GSE332675_anndata_object.snATAC_Athaliana_mature_leaf_combined.h5ad	True
brassicaceae_regulatory_multiome	GSE332675	Brassicaceae	cell-type regulatory grammar	B	discovery_candidate	GSE332675_anndata_object.snATAC_Athaliana_seedling_combined.h5ad	h5ad	https://ftp.ncbi.nlm.nih.gov/geo/series/GSE332nnn/GSE332675/suppl/GSE332675_anndata_object.snATAC_Athaliana_seedling_combined.h5ad	True
brassicaceae_regulatory_multiome	GSE332675	Brassicaceae	cell-type regulatory grammar	B	discovery_candidate	GSE332675_anndata_object.snATAC_Boleracea_flower_buds_combined.h5ad	h5ad	https://ftp.ncbi.nlm.nih.gov/geo/series/GSE332nnn/GSE332675/suppl/GSE332675_anndata_object.snATAC_Boleracea_flower_buds_combined.h5ad	True
brassicaceae_regulatory_multiome	GSE332675	Brassicaceae	cell-type regulatory grammar	B	discovery_candidate	GSE332675_anndata_object.snATAC_Boleracea_mature_leaf_combined.h5ad	h5ad	https://ftp.ncbi.nlm.nih.gov/geo/series/GSE332nnn/GSE332675/suppl/GSE332675_anndata_object.snATAC_Boleracea_mature_leaf_combined.h5ad	True
brassicaceae_regulatory_multiome	GSE332675	Brassicaceae	cell-type regulatory grammar	B	discovery_candidate	GSE332675_anndata_object.snATAC_Boleracea_root_combined.h5ad	h5ad	https://ftp.ncbi.nlm.nih.gov/geo/series/GSE332nnn/GSE332675/suppl/GSE332675_anndata_object.snATAC_Boleracea_root_combined.h5ad	True
brassicaceae_regulatory_multiome	GSE332675	Brassicaceae	cell-type regulatory grammar	B	discovery_candidate	GSE332675_anndata_object.snATAC_Boleracea_shoot.h5ad	h5ad	https://ftp.ncbi.nlm.nih.gov/geo/series/GSE332nnn/GSE332675/suppl/GSE332675_anndata_object.snATAC_Boleracea_shoot.h5ad	True
brassicaceae_regulatory_multiome	GSE332675	Brassicaceae	cell-type regulatory grammar	B	discovery_candidate	GSE332675_anndata_object.snATAC_Capsella_rubella_flower_buds_combined.h5ad	h5ad	https://ftp.ncbi.nlm.nih.gov/geo/series/GSE332nnn/GSE332675/suppl/GSE332675_anndata_object.snATAC_Capsella_rubella_flower_buds_combined.h5ad	True
brassicaceae_regulatory_multiome	GSE332675	Brassicaceae	cell-type regulatory grammar	B	discovery_candidate	GSE332675_anndata_object.snATAC_Capsella_rubella_mature_leaf_combined.h5ad	h5ad	https://ftp.ncbi.nlm.nih.gov/geo/series/GSE332nnn/GSE332675/suppl/GSE332675_anndata_object.snATAC_Capsella_rubella_mature_leaf_combined.h5ad	True
brassicaceae_regulatory_multiome	GSE332675	Brassicaceae	cell-type regulatory grammar	B	discovery_candidate	GSE332675_anndata_object.snATAC_Capsella_rubella_root_combined.h5ad	h5ad	https://ftp.ncbi.nlm.nih.gov/geo/series/GSE332nnn/GSE332675/suppl/GSE332675_anndata_object.snATAC_Capsella_rubella_root_combined.h5ad	True
brassicaceae_regulatory_multiome	GSE332675	Brassicaceae	cell-type regulatory grammar	B	discovery_candidate	GSE332675_anndata_object.snATAC_Capsella_rubella_shoot.h5ad	h5ad	https://ftp.ncbi.nlm.nih.gov/geo/series/GSE332nnn/GSE332675/suppl/GSE332675_anndata_object.snATAC_Capsella_rubella_shoot.h5ad	True
brassicaceae_regulatory_multiome	GSE332675	Brassicaceae	cell-type regulatory grammar	B	discovery_candidate	GSE332675_RAW.tar	mtx_archive	https://www.ncbi.nlm.nih.gov/geo/download/?acc=GSE332675&format=file&file=GSE332675_RAW.tar	True
marchantia_spore_asymmetry_single_cell	GSE336751	Marchantia polymorpha	spore asymmetry	C	download_candidate	GSE336751_RAW.tar	mtx_archive	https://www.ncbi.nlm.nih.gov/geo/download/?acc=GSE336751&format=file&file=GSE336751_RAW.tar	True
maize_easy_multiome_seedling	GSE338572	Zea mays	seedling	B	download_candidate	GSE338572_RAW.tar	mtx_archive	https://www.ncbi.nlm.nih.gov/geo/download/?acc=GSE338572&format=file&file=GSE338572_RAW.tar	True
maize_easy_multiome_seedling	GSE338572	Zea mays	seedling	B	download_candidate	GSE338572_AH15AH17_eMultiATAC_Zm_seedling_cpm4_ACR_sparse.rds	seurat_rds	https://ftp.ncbi.nlm.nih.gov/geo/series/GSE338nnn/GSE338572/suppl/GSE338572_AH15AH17_eMultiATAC_Zm_seedling_cpm4_ACR_sparse.rds	True
maize_easy_multiome_seedling	GSE338572	Zea mays	seedling	B	download_candidate	GSE338572_AH15AH17_eMultiRNA_Zm_seedling.MergedSeuratObjs.cluster.RDS	seurat_rds	https://ftp.ncbi.nlm.nih.gov/geo/series/GSE338nnn/GSE338572/suppl/GSE338572_AH15AH17_eMultiRNA_Zm_seedling.MergedSeuratObjs.cluster.RDS	True
discovered_gse49607	GSE49607	Cucumis sativus	public discovery candidate	A	ncbi_discovery_candidate	GSE49607_RAW.tar	mtx_archive	https://www.ncbi.nlm.nih.gov/geo/download/?acc=GSE49607&format=file&file=GSE49607_RAW.tar	True
discovered_gse90142	GSE90142	Glycine max	public discovery candidate	A	ncbi_discovery_candidate	GSE90142_RAW.tar	mtx_archive	https://www.ncbi.nlm.nih.gov/geo/download/?acc=GSE90142&format=file&file=GSE90142_RAW.tar	True
discovered_gse149209	GSE149209	Homo sapiens	public discovery candidate	A	ncbi_discovery_candidate	GSE149209_Ensembl.ensGene.exon.raw.tsv.gz	metadata_table	https://ftp.ncbi.nlm.nih.gov/geo/series/GSE149nnn/GSE149209/suppl/GSE149209_Ensembl.ensGene.exon.raw.tsv.gz	False
discovered_gse149209	GSE149209	Homo sapiens	public discovery candidate	A	ncbi_discovery_candidate	GSE149209_Ensembl.ensGene.exon.rpkm.tsv.gz	metadata_table	https://ftp.ncbi.nlm.nih.gov/geo/series/GSE149nnn/GSE149209/suppl/GSE149209_Ensembl.ensGene.exon.rpkm.tsv.gz	False
tomato_rice_root_tip_celltype_atlas	GSE149217	Solanum lycopersicum; Oryza sativa	root tip cell types	B	download_candidate	GSE149217_Rice_ATLAS_raw_counts.csv.gz	metadata_table	https://ftp.ncbi.nlm.nih.gov/geo/series/GSE149nnn/GSE149217/suppl/GSE149217_Rice_ATLAS_raw_counts.csv.gz	False
tomato_rice_root_tip_celltype_atlas	GSE149217	Solanum lycopersicum; Oryza sativa	root tip cell types	B	download_candidate	GSE149217_Tomato_ATLAS_raw_counts.csv.gz	metadata_table	https://ftp.ncbi.nlm.nih.gov/geo/series/GSE149nnn/GSE149217/suppl/GSE149217_Tomato_ATLAS_raw_counts.csv.gz	False
tomato_rice_root_tip_celltype_atlas	GSE149217	Solanum lycopersicum; Oryza sativa	root tip cell types	B	download_candidate	GSE149217_Tomato_DWL_raw_counts.csv.gz	metadata_table	https://ftp.ncbi.nlm.nih.gov/geo/series/GSE149nnn/GSE149217/suppl/GSE149217_Tomato_DWL_raw_counts.csv.gz	False
tomato_rice_root_tip_celltype_atlas	GSE149217	Solanum lycopersicum; Oryza sativa	root tip cell types	B	download_candidate	GSE149217_Tomato_Field_raw_counts.csv.gz	metadata_table	https://ftp.ncbi.nlm.nih.gov/geo/series/GSE149nnn/GSE149217/suppl/GSE149217_Tomato_Field_raw_counts.csv.gz	False
maize_root_ground_tissue_atlas	GSE172280	Zea mays	root tissues	B	download_candidate	GSE172280_Maize_roottissues_Normalized.csv.gz	metadata_table	https://ftp.ncbi.nlm.nih.gov/geo/series/GSE172nnn/GSE172280/suppl/GSE172280_Maize_roottissues_Normalized.csv.gz	False
discovered_gse173087	GSE173087	Zea mays	public discovery candidate	A	ncbi_discovery_candidate	GSE173087_Cell_name_annotation.csv.gz	metadata_table	https://ftp.ncbi.nlm.nih.gov/geo/series/GSE173nnn/GSE173087/suppl/GSE173087_Cell_name_annotation.csv.gz	False
discovered_gse173087	GSE173087	Zea mays	public discovery candidate	A	ncbi_discovery_candidate	GSE173087_Maize_cells_expression_matrix.csv.gz	metadata_table	https://ftp.ncbi.nlm.nih.gov/geo/series/GSE173nnn/GSE173087/suppl/GSE173087_Maize_cells_expression_matrix.csv.gz	False
discovered_gse196882	GSE196882	Zea mays	public discovery candidate	A	ncbi_discovery_candidate	GSE196882_Images_capture_area.tar.gz	archive	https://ftp.ncbi.nlm.nih.gov/geo/series/GSE196nnn/GSE196882/suppl/GSE196882_Images_capture_area.tar.gz	False
discovered_gse196882	GSE196882	Zea mays	public discovery candidate	A	ncbi_discovery_candidate	GSE196882_XGE22_image.tar.gz	archive	https://ftp.ncbi.nlm.nih.gov/geo/series/GSE196nnn/GSE196882/suppl/GSE196882_XGE22_image.tar.gz	False
brassicaceae_multi_species_root_atlas	GSE268881	Brassicaceae	roots across five species and abiotic-stress adaptation	A	download_candidate	GSE268881_integratedAth.RDS.tar.gz	archive	https://ftp.ncbi.nlm.nih.gov/geo/series/GSE268nnn/GSE268881/suppl/GSE268881_integratedAth.RDS.tar.gz	False
brassicaceae_multi_species_root_atlas	GSE268881	Brassicaceae	roots across five species and abiotic-stress adaptation	A	download_candidate	GSE268881_integratedAthEsaSirSpa.RDS.tar.gz	archive	https://ftp.ncbi.nlm.nih.gov/geo/series/GSE268nnn/GSE268881/suppl/GSE268881_integratedAthEsaSirSpa.RDS.tar.gz	False
brassicaceae_multi_species_root_atlas	GSE268881	Brassicaceae	roots across five species and abiotic-stress adaptation	A	download_candidate	GSE268881_integratedCsa.RDS.tar.gz	archive	https://ftp.ncbi.nlm.nih.gov/geo/series/GSE268nnn/GSE268881/suppl/GSE268881_integratedCsa.RDS.tar.gz	False
brassicaceae_multi_species_root_atlas	GSE268881	Brassicaceae	roots across five species and abiotic-stress adaptation	A	download_candidate	GSE268881_integratedEsa.RDS.tar.gz	archive	https://ftp.ncbi.nlm.nih.gov/geo/series/GSE268nnn/GSE268881/suppl/GSE268881_integratedEsa.RDS.tar.gz	False
brassicaceae_multi_species_root_atlas	GSE268881	Brassicaceae	roots across five species and abiotic-stress adaptation	A	download_candidate	GSE268881_integratedSir.RDS.tar.gz	archive	https://ftp.ncbi.nlm.nih.gov/geo/series/GSE268nnn/GSE268881/suppl/GSE268881_integratedSir.RDS.tar.gz	False
brassicaceae_multi_species_root_atlas	GSE268881	Brassicaceae	roots across five species and abiotic-stress adaptation	A	download_candidate	GSE268881_integratedSpa.RDS.tar.gz	archive	https://ftp.ncbi.nlm.nih.gov/geo/series/GSE268nnn/GSE268881/suppl/GSE268881_integratedSpa.RDS.tar.gz	False
discovered_gse283835	GSE283835	Populus tremula x Populus alba	public discovery candidate	A	ncbi_discovery_candidate	GSE283835_Counts.csv.gz	metadata_table	https://ftp.ncbi.nlm.nih.gov/geo/series/GSE283nnn/GSE283835/suppl/GSE283835_Counts.csv.gz	False
