dataset	bioproject	species	tissue	libraries	age	experiments	cells	conditions	genotypes	pmid	article	picname	h5ad_gz_url	rds_gz_url	csv_gz_url	cellxgene_url
CRA002977_1	PRJCA003094	Arabidopsis thaliana	True leaf	10x Genomics	18 days old plant	1	10947	Normal	Col-0	33725481	Zhang TQ, et al. Dev Cell 2021	CRA002977_1_UMAP_anno.png	https://biobigdata.nju.edu.cn/scplantdb/datasets/CRA002977_1.h5ad.gz	https://biobigdata.nju.edu.cn/scplantdb/datasets/CRA002977_1.rds.gz	https://biobigdata.nju.edu.cn/scplantdb/datasets/CRA002977_1.csv.gz	https://biobigdata.nju.edu.cn/cellxgene/view/CRA002977_1.h5ad
CRA002977_2	PRJCA003094	Arabidopsis thaliana	Vegetative shoot apex	10x Genomics	7 days old seedling; 14 days old plant	3	63034	Normal	Col-0	33725481	Zhang TQ, et al. Dev Cell 2021	CRA002977_2_UMAP_anno.png	https://biobigdata.nju.edu.cn/scplantdb/datasets/CRA002977_2.h5ad.gz	https://biobigdata.nju.edu.cn/scplantdb/datasets/CRA002977_2.rds.gz	https://biobigdata.nju.edu.cn/scplantdb/datasets/CRA002977_2.csv.gz	https://biobigdata.nju.edu.cn/cellxgene/view/CRA002977_2.h5ad
DRP009643	PRJDB14071	Arabidopsis thaliana	Rosette leaf	10x Genomics	3-4 weeks old plant	1	15400	Normal	Col-0	36440710	Maeda T, et al. Plant Cell Physiol 2023	DRP009643_UMAP_anno.png	https://biobigdata.nju.edu.cn/scplantdb/datasets/DRP009643.h5ad.gz	https://biobigdata.nju.edu.cn/scplantdb/datasets/DRP009643.rds.gz	https://biobigdata.nju.edu.cn/scplantdb/datasets/DRP009643.csv.gz	https://biobigdata.nju.edu.cn/cellxgene/view/DRP009643.h5ad
ERP132245	PRJEB47924 	Arabidopsis thaliana	True leaf	10x Genomics	14 days after stratification	2	2018	Normal;Mild drought	Col-0	34687312	Tenorio Berrio R, et al. Plant Physiol 2022	ERP132245_UMAP_anno.png	https://biobigdata.nju.edu.cn/scplantdb/datasets/ERP132245.h5ad.gz	https://biobigdata.nju.edu.cn/scplantdb/datasets/ERP132245.rds.gz	https://biobigdata.nju.edu.cn/scplantdb/datasets/ERP132245.csv.gz	https://biobigdata.nju.edu.cn/cellxgene/view/ERP132245.h5ad
SRP065494	PRJNA300543	Arabidopsis thaliana	Root stele cell	Smart-seq2	7 days old seedling	1	206	Normal	/	27212234	Efroni I, et al. Cell 2016	/	https://biobigdata.nju.edu.cn/scplantdb/datasets/SRP065494.h5ad.gz	https://biobigdata.nju.edu.cn/scplantdb/datasets/SRP065494.rds.gz	https://biobigdata.nju.edu.cn/scplantdb/datasets/SRP065494.csv.gz	https://biobigdata.nju.edu.cn/cellxgene/view/SRP065494.h5ad
SRP148288	PRJNA471914	Arabidopsis thaliana	Whole root	Drop-seq	8 days old seedling	6	24369	Induced with estradiol;Normal	Col-0 (T3 pMDC7:VND7);Col-0 (T3 pMDC7:MYB46);Col-0 (T3 pMDC7:MYB83)	31291572	Turco GM, et al. Cell Rep 2019	SRP148288_UMAP_anno.png	https://biobigdata.nju.edu.cn/scplantdb/datasets/SRP148288.h5ad.gz	https://biobigdata.nju.edu.cn/scplantdb/datasets/SRP148288.rds.gz	https://biobigdata.nju.edu.cn/scplantdb/datasets/SRP148288.csv.gz	https://biobigdata.nju.edu.cn/cellxgene/view/SRP148288.h5ad
SRP166333	PRJNA497883	Arabidopsis thaliana	Whole root	10x Genomics	7 days old seedling	3	16949	Normal;Heat shock	Col-0	30923229	Jean-Baptiste K, et al. Plant Cell 2019	SRP166333_UMAP_anno.png	https://biobigdata.nju.edu.cn/scplantdb/datasets/SRP166333.h5ad.gz	https://biobigdata.nju.edu.cn/scplantdb/datasets/SRP166333.rds.gz	https://biobigdata.nju.edu.cn/scplantdb/datasets/SRP166333.csv.gz	https://biobigdata.nju.edu.cn/cellxgene/view/SRP166333.h5ad
SRP169576	PRJNA506007	Arabidopsis thaliana	Whole root	Drop-seq	5 days old seedling; 7 days old seedling	10	35665	Sucrose+;Sucrose-	Col-0	31091459	Shulse CN, et al. Cell Rep 2019	SRP169576_UMAP_anno.png	https://biobigdata.nju.edu.cn/scplantdb/datasets/SRP169576.h5ad.gz	https://biobigdata.nju.edu.cn/scplantdb/datasets/SRP169576.rds.gz	https://biobigdata.nju.edu.cn/scplantdb/datasets/SRP169576.csv.gz	https://biobigdata.nju.edu.cn/cellxgene/view/SRP169576.h5ad
SRP171040	PRJNA507252	Arabidopsis thaliana	Root tip	10x Genomics	5 days after germination	5	33956	Normal	Col-0;Col-0 (rhd6);Col-0 (gl2)	30718350	Ryu KH, et al. Plant Physiol 2019	SRP171040_UMAP_anno.png	https://biobigdata.nju.edu.cn/scplantdb/datasets/SRP171040.h5ad.gz	https://biobigdata.nju.edu.cn/scplantdb/datasets/SRP171040.rds.gz	https://biobigdata.nju.edu.cn/scplantdb/datasets/SRP171040.csv.gz	https://biobigdata.nju.edu.cn/cellxgene/view/SRP171040.h5ad
SRP173393	PRJNA509920	Arabidopsis thaliana	Root tip	10x Genomics	6 days old seedling	3	13252	Normal	Col-0;Col-0 (pMIR166A:erGFP reporter line);Col-0 (shr-3)	30913408	Denyer T, et al. Dev Cell 2019	SRP173393_UMAP_anno.png	https://biobigdata.nju.edu.cn/scplantdb/datasets/SRP173393.h5ad.gz	https://biobigdata.nju.edu.cn/scplantdb/datasets/SRP173393.rds.gz	https://biobigdata.nju.edu.cn/scplantdb/datasets/SRP173393.csv.gz	https://biobigdata.nju.edu.cn/cellxgene/view/SRP173393.h5ad
SRP182008	PRJNA517021	Arabidopsis thaliana	Root tip	10x Genomics	10 days old seedling	1	13514	Normal	Col-0	31004836	Zhang TQ, et al. Mol Plant 2019	SRP182008_UMAP_anno.png	https://biobigdata.nju.edu.cn/scplantdb/datasets/SRP182008.h5ad.gz	https://biobigdata.nju.edu.cn/scplantdb/datasets/SRP182008.rds.gz	https://biobigdata.nju.edu.cn/scplantdb/datasets/SRP182008.csv.gz	https://biobigdata.nju.edu.cn/cellxgene/view/SRP182008.h5ad
SRP235541	PRJNA594539	Arabidopsis thaliana	Root tip	10x Genomics	6 days old seedling	6	27798	Normal	Col-0	32943451	Wendrich JR, et al. Science 2020	SRP235541_UMAP_anno.png	https://biobigdata.nju.edu.cn/scplantdb/datasets/SRP235541.h5ad.gz	https://biobigdata.nju.edu.cn/scplantdb/datasets/SRP235541.rds.gz	https://biobigdata.nju.edu.cn/scplantdb/datasets/SRP235541.csv.gz	https://biobigdata.nju.edu.cn/cellxgene/view/SRP235541.h5ad
SRP247828_1	PRJNA577177	Arabidopsis thaliana	Cotyledon	10x Genomics	5 days old seedling	4	41551	Normal	Col-0 (T1 pB7WGF2-BPC6)	32592820	Liu Z, et al. Mol Plant 2020	SRP247828_1_UMAP_anno.png	https://biobigdata.nju.edu.cn/scplantdb/datasets/SRP247828_1.h5ad.gz	https://biobigdata.nju.edu.cn/scplantdb/datasets/SRP247828_1.rds.gz	https://biobigdata.nju.edu.cn/scplantdb/datasets/SRP247828_1.csv.gz	https://biobigdata.nju.edu.cn/cellxgene/view/SRP247828_1.h5ad
SRP247828_2	PRJNA605596	Arabidopsis thaliana	True leaf; Cotyledon	10x Genomics	3 days old seedling	8	93300	Normal	Col-0 (T1 pBGWFS7-promoter)	35218590	Liu Z, et al. Plant J 2022	SRP247828_2_UMAP_anno.png	https://biobigdata.nju.edu.cn/scplantdb/datasets/SRP247828_2.h5ad.gz	https://biobigdata.nju.edu.cn/scplantdb/datasets/SRP247828_2.rds.gz	https://biobigdata.nju.edu.cn/scplantdb/datasets/SRP247828_2.csv.gz	https://biobigdata.nju.edu.cn/cellxgene/view/SRP247828_2.h5ad
SRP247828_3	PRJNA605594	Arabidopsis thaliana	Cotyledon	10x Genomics	12 days old plant	4	44941	/	/	None	None	SRP247828_3_UMAP_anno.png	https://biobigdata.nju.edu.cn/scplantdb/datasets/SRP247828_3.h5ad.gz	https://biobigdata.nju.edu.cn/scplantdb/datasets/SRP247828_3.rds.gz	https://biobigdata.nju.edu.cn/scplantdb/datasets/SRP247828_3.csv.gz	https://biobigdata.nju.edu.cn/cellxgene/view/SRP247828_3.h5ad
SRP253497	PRJNA613684	Arabidopsis thaliana	Rosette-Leaf explant	10x Genomics	4 days after detachment	1	7242	Wound-induced root organogenesis	Col-0	35605192	Liu W, et al. Plant Commun 2022	SRP253497_UMAP_anno.png	https://biobigdata.nju.edu.cn/scplantdb/datasets/SRP253497.h5ad.gz	https://biobigdata.nju.edu.cn/scplantdb/datasets/SRP253497.rds.gz	https://biobigdata.nju.edu.cn/scplantdb/datasets/SRP253497.csv.gz	https://biobigdata.nju.edu.cn/cellxgene/view/SRP253497.h5ad
SRP267870	PRJNA640389	Arabidopsis thaliana	Root tip	10x Genomics	5 days after sowing	19	209482	Normal	Col-0;Ler (scr4);Col-0 (shr2)	35134336	Shahan R, et al. Dev Cell 2022	SRP267870_UMAP_anno.png	https://biobigdata.nju.edu.cn/scplantdb/datasets/SRP267870.h5ad.gz	https://biobigdata.nju.edu.cn/scplantdb/datasets/SRP267870.rds.gz	https://biobigdata.nju.edu.cn/scplantdb/datasets/SRP267870.csv.gz	https://biobigdata.nju.edu.cn/cellxgene/view/SRP267870.h5ad
SRP273996	PRJNA649267	Arabidopsis thaliana	Root	10x Genomics	7 days after germination	5	10431	Normal	Col-0	33422696	Farmer A, et al. Mol Plant 2021	SRP273996_UMAP_anno.png	https://biobigdata.nju.edu.cn/scplantdb/datasets/SRP273996.h5ad.gz	https://biobigdata.nju.edu.cn/scplantdb/datasets/SRP273996.rds.gz	https://biobigdata.nju.edu.cn/scplantdb/datasets/SRP273996.csv.gz	https://biobigdata.nju.edu.cn/cellxgene/view/SRP273996.h5ad
SRP279055	PRJNA659737	Arabidopsis thaliana	Hypocotyl callus	BD Rhapsody	6 days after inducing	1	20787	callus-inducing medium	Col-0	34782770	Zhai N, et al. Nat Plants 2021	SRP279055_UMAP_anno.png	https://biobigdata.nju.edu.cn/scplantdb/datasets/SRP279055.h5ad.gz	https://biobigdata.nju.edu.cn/scplantdb/datasets/SRP279055.rds.gz	https://biobigdata.nju.edu.cn/scplantdb/datasets/SRP279055.csv.gz	https://biobigdata.nju.edu.cn/cellxgene/view/SRP279055.h5ad
SRP279357	PRJNA660263	Arabidopsis thaliana	Seed	Smart-seq2	Seed development	1	1387	Normal	/	34059805	Picard CL, et al. Nat Plants 2021	/	https://biobigdata.nju.edu.cn/scplantdb/datasets/SRP279357.h5ad.gz	https://biobigdata.nju.edu.cn/scplantdb/datasets/SRP279357.rds.gz	https://biobigdata.nju.edu.cn/scplantdb/datasets/SRP279357.csv.gz	https://biobigdata.nju.edu.cn/cellxgene/view/SRP279357.h5ad
SRP280069	PRJNA648028	Arabidopsis thaliana	Leaf	10x Genomics; Dolomite Bio	11 days old seedling	5	49016	MGG;Enzyme-free MGG;Normal	Col-0	34380624	Xu M, et al. Sci Adv 2021	SRP280069_UMAP_anno.png	https://biobigdata.nju.edu.cn/scplantdb/datasets/SRP280069.h5ad.gz	https://biobigdata.nju.edu.cn/scplantdb/datasets/SRP280069.rds.gz	https://biobigdata.nju.edu.cn/scplantdb/datasets/SRP280069.csv.gz	https://biobigdata.nju.edu.cn/cellxgene/view/SRP280069.h5ad
SRP285040	PRJNA664874	Arabidopsis thaliana	Root tip	10x Genomics	10 days old plant	1	1206	Normal	Col-0	33608047	Long Y, et al. Genome Biol 2021	SRP285040_UMAP_anno.png	https://biobigdata.nju.edu.cn/scplantdb/datasets/SRP285040.h5ad.gz	https://biobigdata.nju.edu.cn/scplantdb/datasets/SRP285040.rds.gz	https://biobigdata.nju.edu.cn/scplantdb/datasets/SRP285040.csv.gz	https://biobigdata.nju.edu.cn/cellxgene/view/SRP285040.h5ad
SRP285817	PRJNA666436	Arabidopsis thaliana	Root outside the meristem	10x Genomics	4-5 days after germination	7	17553	Normal;Lateral root induction 08 hour;Lateral root induction 20 hour	Col-0;Col-0 (iaa14)	33822225	Gala HP, et al. Plant Cell 2021	SRP285817_UMAP_anno.png	https://biobigdata.nju.edu.cn/scplantdb/datasets/SRP285817.h5ad.gz	https://biobigdata.nju.edu.cn/scplantdb/datasets/SRP285817.rds.gz	https://biobigdata.nju.edu.cn/scplantdb/datasets/SRP285817.csv.gz	https://biobigdata.nju.edu.cn/cellxgene/view/SRP285817.h5ad
SRP292306	PRJNA677901	Arabidopsis thaliana	Leaf	10x Genomics	6 weeks old plant	2	5947	Normal	Col-0	33955487	Kim JY, et al. Plant Cell 2021	SRP292306_UMAP_anno.png	https://biobigdata.nju.edu.cn/scplantdb/datasets/SRP292306.h5ad.gz	https://biobigdata.nju.edu.cn/scplantdb/datasets/SRP292306.rds.gz	https://biobigdata.nju.edu.cn/scplantdb/datasets/SRP292306.csv.gz	https://biobigdata.nju.edu.cn/cellxgene/view/SRP292306.h5ad
SRP293943	PRJNA680241	Arabidopsis thaliana	Lateral Root Primordium Cell	Smart-seq2	4 days after stratification	3	345	Normal	Col-0 (pHB53:NLS-3xmCherry)	34062316	Serrano-Ron L, et al. Mol Plant 2021	/	https://biobigdata.nju.edu.cn/scplantdb/datasets/SRP293943.h5ad.gz	https://biobigdata.nju.edu.cn/scplantdb/datasets/SRP293943.rds.gz	https://biobigdata.nju.edu.cn/scplantdb/datasets/SRP293943.csv.gz	https://biobigdata.nju.edu.cn/cellxgene/view/SRP293943.h5ad
SRP307169	PRJNA703045	Arabidopsis thaliana	True leaf	10x Genomics	10 days after germination	4	17441	Normal	Col-0 (ATML1p::YFP-RCI2A);Col-0 (TMMp::TMM-YFP)	33823130	Lopez-Anido CB, et al. Dev Cell 2021	SRP307169_UMAP_anno.png	https://biobigdata.nju.edu.cn/scplantdb/datasets/SRP307169.h5ad.gz	https://biobigdata.nju.edu.cn/scplantdb/datasets/SRP307169.rds.gz	https://biobigdata.nju.edu.cn/scplantdb/datasets/SRP307169.csv.gz	https://biobigdata.nju.edu.cn/cellxgene/view/SRP307169.h5ad
SRP311577	PRJNA716169	Arabidopsis thaliana	Globular-Embryo	Smart-seq2	Embryos development	8	711	Normal	Col-0	34142712	Kao P, et al. Development 2021	/	https://biobigdata.nju.edu.cn/scplantdb/datasets/SRP311577.h5ad.gz	https://biobigdata.nju.edu.cn/scplantdb/datasets/SRP311577.rds.gz	https://biobigdata.nju.edu.cn/scplantdb/datasets/SRP311577.csv.gz	https://biobigdata.nju.edu.cn/cellxgene/view/SRP311577.h5ad
SRP320285	PRJNA730707	Arabidopsis thaliana	Inflorescence	10x Genomics	stage 5 of flower development; stage 4 of flower development	2	15662	DEX-induction	Ler (pAP1:AP1-GR ap1-1 cal-1)	35595749	Neumann M, et al. Nat Commun 2022	SRP320285_UMAP_anno.png	https://biobigdata.nju.edu.cn/scplantdb/datasets/SRP320285.h5ad.gz	https://biobigdata.nju.edu.cn/scplantdb/datasets/SRP320285.rds.gz	https://biobigdata.nju.edu.cn/scplantdb/datasets/SRP320285.csv.gz	https://biobigdata.nju.edu.cn/cellxgene/view/SRP320285.h5ad
SRP330542	PRJNA750934	Arabidopsis thaliana	Root tip	10x Genomics	6 days old seedling	2	22606	Normal	Col-0 (bri TRIPLE);Col-0 (bri T-RESCUE)	34358681	Graeff M, et al. Mol Plant 2021	SRP330542_UMAP_anno.png	https://biobigdata.nju.edu.cn/scplantdb/datasets/SRP330542.h5ad.gz	https://biobigdata.nju.edu.cn/scplantdb/datasets/SRP330542.rds.gz	https://biobigdata.nju.edu.cn/scplantdb/datasets/SRP330542.csv.gz	https://biobigdata.nju.edu.cn/cellxgene/view/SRP330542.h5ad
SRP332285	PRJNA754157	Arabidopsis thaliana	Root phloem tissue	10x Genomics	5 days after sowing	6	16017	Normal	Col-0 (pMAKR5::MAKR5-3xYFP);Col-0 (pS17::GFP);Col-0 (pSAPL::YFPer);Col-0 (pAPL::3xYFP);Ler (pPEAR1del::YFPer)	35927456	Otero S, et al. Nat Plants 2022	SRP332285_UMAP_anno.png	https://biobigdata.nju.edu.cn/scplantdb/datasets/SRP332285.h5ad.gz	https://biobigdata.nju.edu.cn/scplantdb/datasets/SRP332285.rds.gz	https://biobigdata.nju.edu.cn/scplantdb/datasets/SRP332285.csv.gz	https://biobigdata.nju.edu.cn/cellxgene/view/SRP332285.h5ad
SRP338044	PRJNA764868	Arabidopsis thaliana	True leaf	10x Genomics	17 days after germination	1	50418	Constant light (50 uE.m-2.s-1)	Col-0 (IQD22pro::GUS-mCit)	35666176	Procko C, et al. Plant Cell 2022	SRP338044_UMAP_anno.png	https://biobigdata.nju.edu.cn/scplantdb/datasets/SRP338044.h5ad.gz	https://biobigdata.nju.edu.cn/scplantdb/datasets/SRP338044.rds.gz	https://biobigdata.nju.edu.cn/scplantdb/datasets/SRP338044.csv.gz	https://biobigdata.nju.edu.cn/cellxgene/view/SRP338044.h5ad
SRP374045	PRJNA835893	Arabidopsis thaliana	Pollen	10x Genomics	flower development	13	110032	Normal	Col-0 (mbd5/6 CRISPR1);Col-0;Col-0 (mom1-3);Col-0 (ddm1-2);Col-0 (met1-3);Col-0 (morc hextuple);Col-0 (sln)	36417865	Ichino L, et al. Cell Rep 2022	SRP374045_UMAP_anno.png	https://biobigdata.nju.edu.cn/scplantdb/datasets/SRP374045.h5ad.gz	https://biobigdata.nju.edu.cn/scplantdb/datasets/SRP374045.rds.gz	https://biobigdata.nju.edu.cn/scplantdb/datasets/SRP374045.csv.gz	https://biobigdata.nju.edu.cn/cellxgene/view/SRP374045.h5ad
SRP394711	PRJNA874688	Arabidopsis thaliana	Root tip	10x Genomics	7 days old seedling	28	356513	Normal;BRZ;BRZ (0 hour);BRZ+CaCl2 (0 hour);BL (8 hour);BL (2 hour);BL (0.5 hour);BL (1 hour);BL (4 hour);DMSO (0 hour);DMSO+CaCl2 (0 hour)	Col-0 (bri1_T);Col-0 (df1);Col-0 (gtl1);Col-0 (gtl1_df1);Col-0 (pGL2_BRI1_GFP_bri1_T);Col-0	36996230	Nolan TM, et al. Science 2023	SRP394711_UMAP_anno.png	https://biobigdata.nju.edu.cn/scplantdb/datasets/SRP394711.h5ad.gz	https://biobigdata.nju.edu.cn/scplantdb/datasets/SRP394711.rds.gz	https://biobigdata.nju.edu.cn/scplantdb/datasets/SRP394711.csv.gz	https://biobigdata.nju.edu.cn/cellxgene/view/SRP394711.h5ad
SRP398011	PRJNA881949	Arabidopsis thaliana	Leaf	10x Genomics	4 weeks old plant	2	22882	Infected with Pseudomonas syringae;Normal	Col-0	https://doi.org/10.1101/2022.10.07.511353	Preprint	SRP398011_UMAP_anno.png	https://biobigdata.nju.edu.cn/scplantdb/datasets/SRP398011.h5ad.gz	https://biobigdata.nju.edu.cn/scplantdb/datasets/SRP398011.rds.gz	https://biobigdata.nju.edu.cn/scplantdb/datasets/SRP398011.csv.gz	https://biobigdata.nju.edu.cn/cellxgene/view/SRP398011.h5ad
CRA009614	PRJCA014500	Bombax ceiba	Ovule inner integument	10x Genomics	11 days post-anthesis	1	6661	Normal	Wild type	36772797	Ding Y, et al. Plant Commun 2023	CRA009614_UMAP_anno.png	https://biobigdata.nju.edu.cn/scplantdb/datasets/CRA009614.h5ad.gz	https://biobigdata.nju.edu.cn/scplantdb/datasets/CRA009614.rds.gz	https://biobigdata.nju.edu.cn/scplantdb/datasets/CRA009614.csv.gz	https://biobigdata.nju.edu.cn/cellxgene/view/CRA009614.h5ad
CRA006988	PRJCA009630	Brassica rapa	Rosette leaf	10x Genomics	Rosette stage seedling	3	22741	Normal	FPsc	36039389	Guo X, et al. Plant Biotechnol J 2022	CRA006988_UMAP_anno.png	https://biobigdata.nju.edu.cn/scplantdb/datasets/CRA006988.h5ad.gz	https://biobigdata.nju.edu.cn/scplantdb/datasets/CRA006988.rds.gz	https://biobigdata.nju.edu.cn/scplantdb/datasets/CRA006988.csv.gz	https://biobigdata.nju.edu.cn/cellxgene/view/CRA006988.h5ad
SRP335448	PRJNA759937	Catharanthus roseus	Leaf	10x Genomics	/	3	41653	Normal	C. roseus	36522449	Sun S, et al. Nat Plants 2023	SRP335448_UMAP_anno.png	https://biobigdata.nju.edu.cn/scplantdb/datasets/SRP335448.h5ad.gz	https://biobigdata.nju.edu.cn/scplantdb/datasets/SRP335448.rds.gz	https://biobigdata.nju.edu.cn/scplantdb/datasets/SRP335448.csv.gz	https://biobigdata.nju.edu.cn/cellxgene/view/SRP335448.h5ad
CRA004848	PRJCA006322	Fragaria vesca	The first true leaves	10x Genomics	15 days old seedling	3	46028	B. cinerea infection (0 h);B. cinerea infection (6 h);B. cinerea infection (12 h)	Hawaii 4	35043166	Bai Y, et al. Hortic Res 2022	CRA004848_UMAP_anno.png	https://biobigdata.nju.edu.cn/scplantdb/datasets/CRA004848.h5ad.gz	https://biobigdata.nju.edu.cn/scplantdb/datasets/CRA004848.rds.gz	https://biobigdata.nju.edu.cn/scplantdb/datasets/CRA004848.csv.gz	https://biobigdata.nju.edu.cn/cellxgene/view/CRA004848.h5ad
CRA007122	PRJCA009893	Glycine max	Nodule; Root	10x Genomics	19 days after germination; 28 days after germination	3	25121	12 days post-infection;21 days post-infection;Normal	Williams 82	37055554	Liu Z, et al. Nat Plants 2023	CRA007122_UMAP_anno.png	https://biobigdata.nju.edu.cn/scplantdb/datasets/CRA007122.h5ad.gz	https://biobigdata.nju.edu.cn/scplantdb/datasets/CRA007122.rds.gz	https://biobigdata.nju.edu.cn/scplantdb/datasets/CRA007122.csv.gz	https://biobigdata.nju.edu.cn/cellxgene/view/CRA007122.h5ad
SRP424189	PRJNA934498	Gossypium bickii	Cotyledon	10x Genomics	48 hours after imbibition	1	12895	Normal	G. bickii	36772793	Sun Y, et al. Mol Plant 2023	SRP424189_UMAP_anno.png	https://biobigdata.nju.edu.cn/scplantdb/datasets/SRP424189.h5ad.gz	https://biobigdata.nju.edu.cn/scplantdb/datasets/SRP424189.rds.gz	https://biobigdata.nju.edu.cn/scplantdb/datasets/SRP424189.csv.gz	https://biobigdata.nju.edu.cn/cellxgene/view/SRP424189.h5ad
SRP241596	PRJNA600131	Gossypium hirsutum	Ovule outer integument	10x Genomics	0 day post-anthesis; 0.5 days before anthesis; 1 day before anthesis; 1.5 days before anthesis; flowering day	10	18463	Normal	Xu142 (LF);Xu142 (LL);Xu142;Xu142 (fl)	36053965	Qin Y, et al. Plant Biotechnol J 2022	SRP241596_UMAP_anno.png	https://biobigdata.nju.edu.cn/scplantdb/datasets/SRP241596.h5ad.gz	https://biobigdata.nju.edu.cn/scplantdb/datasets/SRP241596.rds.gz	https://biobigdata.nju.edu.cn/scplantdb/datasets/SRP241596.csv.gz	https://biobigdata.nju.edu.cn/cellxgene/view/SRP241596.h5ad
SRP379192	PRJNA847210	Gossypium hirsutum	Ovule outer integument	10x Genomics	2 days from pre- to post-anthesis	2	43090	Normal	Xu142 (fl);Xu142	36918913	Wang D, et al. Genome Biol 2023	SRP379192_UMAP_anno.png	https://biobigdata.nju.edu.cn/scplantdb/datasets/SRP379192.h5ad.gz	https://biobigdata.nju.edu.cn/scplantdb/datasets/SRP379192.rds.gz	https://biobigdata.nju.edu.cn/scplantdb/datasets/SRP379192.csv.gz	https://biobigdata.nju.edu.cn/cellxgene/view/SRP379192.h5ad
SRP406470	PRJNA895163	Manihot esculenta	Tuberous root	10x Genomics	90 days after planting	8	35524	Normal	SC8	36684718	Song J, et al. Front Plant Sci 2023	SRP406470_UMAP_anno.png	https://biobigdata.nju.edu.cn/scplantdb/datasets/SRP406470.h5ad.gz	https://biobigdata.nju.edu.cn/scplantdb/datasets/SRP406470.rds.gz	https://biobigdata.nju.edu.cn/scplantdb/datasets/SRP406470.csv.gz	https://biobigdata.nju.edu.cn/cellxgene/view/SRP406470.h5ad
SRP390780	PRJNA868047	Medicago truncatula	Root	10x Genomics	6 days old seedling	6	24978	Normal;E. meliloti infection	A17	36321199	Cervantes-Perez SA, et al. Mol Plant 2022	SRP390780_UMAP_anno.png	https://biobigdata.nju.edu.cn/scplantdb/datasets/SRP390780.h5ad.gz	https://biobigdata.nju.edu.cn/scplantdb/datasets/SRP390780.rds.gz	https://biobigdata.nju.edu.cn/scplantdb/datasets/SRP390780.csv.gz	https://biobigdata.nju.edu.cn/cellxgene/view/SRP390780.h5ad
SRP354482	PRJNA796301	Nicotiana attenuata	Corolla	10x Genomics	1st of flower opening	3	3111	8h after the onset of light;12h after the onset of light;16h after the onset of light 	Utah 39th	35075650	Kang M, et al. New Phytol 2022	SRP354482_UMAP_anno.png	https://biobigdata.nju.edu.cn/scplantdb/datasets/SRP354482.h5ad.gz	https://biobigdata.nju.edu.cn/scplantdb/datasets/SRP354482.rds.gz	https://biobigdata.nju.edu.cn/scplantdb/datasets/SRP354482.csv.gz	https://biobigdata.nju.edu.cn/cellxgene/view/SRP354482.h5ad
CRA004082	PRJCA004855	Oryza sativa	Root;Leaf	10x Genomics	14 days old seedling	22	303090	Normal;Low-Nitrogen;High-Salinity;Iron-Deficiency	japonica cv. Nipponbare	34340913	Wang Y, et al. J Genet Genomics 2021	CRA004082_UMAP_anno.png	https://biobigdata.nju.edu.cn/scplantdb/datasets/CRA004082.h5ad.gz	https://biobigdata.nju.edu.cn/scplantdb/datasets/CRA004082.rds.gz	https://biobigdata.nju.edu.cn/scplantdb/datasets/CRA004082.csv.gz	https://biobigdata.nju.edu.cn/cellxgene/view/CRA004082.h5ad
SRP250946	PRJNA609100	Oryza sativa	Root tip	10x Genomics	3 days old seedling	2	31139	Normal	indica cv. 93-11;japonica cv. Nipponbare	33352304	Liu Q, et al. Mol Plant 2021	SRP250946_UMAP_anno.png	https://biobigdata.nju.edu.cn/scplantdb/datasets/SRP250946.h5ad.gz	https://biobigdata.nju.edu.cn/scplantdb/datasets/SRP250946.rds.gz	https://biobigdata.nju.edu.cn/scplantdb/datasets/SRP250946.csv.gz	https://biobigdata.nju.edu.cn/cellxgene/view/SRP250946.h5ad
SRP286275	PRJNA663193	Oryza sativa	Leaf	10x Genomics	3 weeks old seedling	2	24264	TOE-OsNAC78;Normal	indica cv. MH63	33424903	Xie Y, et al. Front Plant Sci 2020	SRP286275_UMAP_anno.png	https://biobigdata.nju.edu.cn/scplantdb/datasets/SRP286275.h5ad.gz	https://biobigdata.nju.edu.cn/scplantdb/datasets/SRP286275.rds.gz	https://biobigdata.nju.edu.cn/scplantdb/datasets/SRP286275.csv.gz	https://biobigdata.nju.edu.cn/cellxgene/view/SRP286275.h5ad
SRP309176	PRJNA706435	Oryza sativa	Root tip	10x Genomics	5 days after sowing	2	47747	Normal	japonica cv. ZH11	33824350	Zhang TQ, et al. Nat Commun 2021	SRP309176_UMAP_anno.png	https://biobigdata.nju.edu.cn/scplantdb/datasets/SRP309176.h5ad.gz	https://biobigdata.nju.edu.cn/scplantdb/datasets/SRP309176.rds.gz	https://biobigdata.nju.edu.cn/scplantdb/datasets/SRP309176.csv.gz	https://biobigdata.nju.edu.cn/cellxgene/view/SRP309176.h5ad
SRP339472	PRJNA767589	Oryza sativa	Inflorescence; Flag leaf and inflorescence	BD Rhapsody	stage 1 of inflorescence; stage 2 of inflorescence	5	24028	Normal	japonica cv. 9522	35118670	Zong J, et al. New Phytol 2022	SRP339472_UMAP_anno.png	https://biobigdata.nju.edu.cn/scplantdb/datasets/SRP339472.h5ad.gz	https://biobigdata.nju.edu.cn/scplantdb/datasets/SRP339472.rds.gz	https://biobigdata.nju.edu.cn/scplantdb/datasets/SRP339472.csv.gz	https://biobigdata.nju.edu.cn/cellxgene/view/SRP339472.h5ad
SRP386976	PRJNA859914	Oryza sativa	Pistil	10x Genomics	1 day before flowering	3	11443	Normal	japonica cv. Nipponbare	37028425	Li C, et al. Dev Cell 2023	SRP386976_UMAP_anno.png	https://biobigdata.nju.edu.cn/scplantdb/datasets/SRP386976.h5ad.gz	https://biobigdata.nju.edu.cn/scplantdb/datasets/SRP386976.rds.gz	https://biobigdata.nju.edu.cn/scplantdb/datasets/SRP386976.csv.gz	https://biobigdata.nju.edu.cn/cellxgene/view/SRP386976.h5ad
CRA004476	PRJCA005543	Populus alba var. pyramidalis	Wood tissue; Bark tissue	10x Genomics	4 months old plantlet	2	7345	Normal	P. alba var. pyramidalis	34809675	Chen Y, et al. Genome Biol 2021	CRA004476_UMAP_anno.png	https://biobigdata.nju.edu.cn/scplantdb/datasets/CRA004476.h5ad.gz	https://biobigdata.nju.edu.cn/scplantdb/datasets/CRA004476.rds.gz	https://biobigdata.nju.edu.cn/scplantdb/datasets/CRA004476.csv.gz	https://biobigdata.nju.edu.cn/cellxgene/view/CRA004476.h5ad
SRP307440	PRJNA703312	Populus alba x Populus glandulosa	Stem stele	10x Genomics	5 months old tree	4	24016	Normal	Populus alba P. glandulosa	34347368	Li H, et al. J Integr Plant Biol 2021	SRP307440_UMAP_anno.png	https://biobigdata.nju.edu.cn/scplantdb/datasets/SRP307440.h5ad.gz	https://biobigdata.nju.edu.cn/scplantdb/datasets/SRP307440.rds.gz	https://biobigdata.nju.edu.cn/scplantdb/datasets/SRP307440.csv.gz	https://biobigdata.nju.edu.cn/cellxgene/view/SRP307440.h5ad
SRP280242	PRJNA661700	Solanum lycopersicum	Vegetative shoot apex	10x Genomics	14 days after germination	4	58777	Normal	M82	https://doi.org/10.1101/2020.09.20.305029	Preprint	SRP280242_UMAP_anno.png	https://biobigdata.nju.edu.cn/scplantdb/datasets/SRP280242.h5ad.gz	https://biobigdata.nju.edu.cn/scplantdb/datasets/SRP280242.rds.gz	https://biobigdata.nju.edu.cn/scplantdb/datasets/SRP280242.csv.gz	https://biobigdata.nju.edu.cn/cellxgene/view/SRP280242.h5ad
SRP286427	PRJNA667489	Solanum lycopersicum	Stem-Borne Root	mc-SCRB	4 weeks after germination	1	3087	Normal	M82 (DR5:3xVENUS-NLS/TCS:3xVENUS-NLS)	35239373	Omary M, et al. Science 2022	SRP286427_UMAP_anno.png	https://biobigdata.nju.edu.cn/scplantdb/datasets/SRP286427.h5ad.gz	https://biobigdata.nju.edu.cn/scplantdb/datasets/SRP286427.rds.gz	https://biobigdata.nju.edu.cn/scplantdb/datasets/SRP286427.csv.gz	https://biobigdata.nju.edu.cn/cellxgene/view/SRP286427.h5ad
CRA008788	PRJCA012935	Triticum aestivum	Root tip	10x Genomics	3 days after germination	1	6875	Normal	AK58	37016448	Zhang L, et al. Genome Biol 2023	CRA008788_UMAP_anno.png	https://biobigdata.nju.edu.cn/scplantdb/datasets/CRA008788.h5ad.gz	https://biobigdata.nju.edu.cn/scplantdb/datasets/CRA008788.rds.gz	https://biobigdata.nju.edu.cn/scplantdb/datasets/CRA008788.csv.gz	https://biobigdata.nju.edu.cn/cellxgene/view/CRA008788.h5ad
SRP145013	PRJNA454730	Zea mays	Root tip	10x Genomics	7 days after germination	9	40848	Normal	B73	34855479	Ortiz-Ramirez C, et al. Science 2021	SRP145013_UMAP_anno.png	https://biobigdata.nju.edu.cn/scplantdb/datasets/SRP145013.h5ad.gz	https://biobigdata.nju.edu.cn/scplantdb/datasets/SRP145013.rds.gz	https://biobigdata.nju.edu.cn/scplantdb/datasets/SRP145013.csv.gz	https://biobigdata.nju.edu.cn/cellxgene/view/SRP145013.h5ad
SRP164771	PRJNA495390	Zea mays	Pollen	CEL-seq2	flower development	56	391	Normal	B73 (W23 bz2)	30948545	Nelms B, et al. Science 2019	SRP164771_UMAP_anno.png	https://biobigdata.nju.edu.cn/scplantdb/datasets/SRP164771.h5ad.gz	https://biobigdata.nju.edu.cn/scplantdb/datasets/SRP164771.rds.gz	https://biobigdata.nju.edu.cn/scplantdb/datasets/SRP164771.csv.gz	https://biobigdata.nju.edu.cn/cellxgene/view/SRP164771.h5ad
SRP224648	PRJNA576240	Zea mays	Leaf	10x Genomics	10 days old seedling	1	14533	Normal	B73	35205426	Tao S, et al. Genes (Basel) 2022	SRP224648_UMAP_anno.png	https://biobigdata.nju.edu.cn/scplantdb/datasets/SRP224648.h5ad.gz	https://biobigdata.nju.edu.cn/scplantdb/datasets/SRP224648.rds.gz	https://biobigdata.nju.edu.cn/scplantdb/datasets/SRP224648.csv.gz	https://biobigdata.nju.edu.cn/cellxgene/view/SRP224648.h5ad
SRP266308_1	PRJNA637882	Zea mays	Vegetative shoot apex	10x Genomics	2 weeks old seedling	4	41558	Normal;Kn1-O/+	B73	33318187	Satterlee JW, et al. Proc Natl Acad Sci U S A 2020	SRP266308_1_UMAP_anno.png	https://biobigdata.nju.edu.cn/scplantdb/datasets/SRP266308_1.h5ad.gz	https://biobigdata.nju.edu.cn/scplantdb/datasets/SRP266308_1.rds.gz	https://biobigdata.nju.edu.cn/scplantdb/datasets/SRP266308_1.csv.gz	https://biobigdata.nju.edu.cn/cellxgene/view/SRP266308_1.h5ad
SRP266308_2	PRJNA637882	Zea mays	Vegetative shoot apex (plus the 2 most recently initiated leaf primordia)	CEL-seq2	2 weeks old seedling	6	508	Normal	B73	33318187	Satterlee JW, et al. Proc Natl Acad Sci U S A 2020	/	https://biobigdata.nju.edu.cn/scplantdb/datasets/SRP266308_2.h5ad.gz	https://biobigdata.nju.edu.cn/scplantdb/datasets/SRP266308_2.rds.gz	https://biobigdata.nju.edu.cn/scplantdb/datasets/SRP266308_2.csv.gz	https://biobigdata.nju.edu.cn/cellxgene/view/SRP266308_2.h5ad
SRP272727_23_26	PRJNA646989	Zea mays	Ear inflorescence	10x Genomics	ears development	3	18066	Normal	B73	33400914	Xu X, et al. Dev Cell 2021	SRP272727_23_26_UMAP_anno.png	https://biobigdata.nju.edu.cn/scplantdb/datasets/SRP272727_23_26.h5ad.gz	https://biobigdata.nju.edu.cn/scplantdb/datasets/SRP272727_23_26.rds.gz	https://biobigdata.nju.edu.cn/scplantdb/datasets/SRP272727_23_26.csv.gz	https://biobigdata.nju.edu.cn/cellxgene/view/SRP272727_23_26.h5ad
SRP281914	PRJNA662627	Zea mays	Leaf	10x Genomics	V2-stage seedling	2	13251	Normal	B73	33955497	Bezrutczyk M, et al. Plant Cell 2021	SRP281914_UMAP_anno.png	https://biobigdata.nju.edu.cn/scplantdb/datasets/SRP281914.h5ad.gz	https://biobigdata.nju.edu.cn/scplantdb/datasets/SRP281914.rds.gz	https://biobigdata.nju.edu.cn/scplantdb/datasets/SRP281914.csv.gz	https://biobigdata.nju.edu.cn/cellxgene/view/SRP281914.h5ad
SRP325657_1	PRJNA740934	Zea mays	Leaf base	10x Genomics	10 days old seedling	4	59735	Normal	B73	35166333	Sun G, et al. Plant Cell 2022	SRP325657_1_UMAP_anno.png	https://biobigdata.nju.edu.cn/scplantdb/datasets/SRP325657_1.h5ad.gz	https://biobigdata.nju.edu.cn/scplantdb/datasets/SRP325657_1.rds.gz	https://biobigdata.nju.edu.cn/scplantdb/datasets/SRP325657_1.csv.gz	https://biobigdata.nju.edu.cn/cellxgene/view/SRP325657_1.h5ad
SRP325657_2	PRJNA740934	Zea mays	Leaf abaxial mature peel (Pv2); Leaf abaxial mature peel (Pv3a); Leaf abaxial mature peel (Pv3b)	10x Genomics	10 days old seedling	16	117871	Normal	B73	35166333	Sun G, et al. Plant Cell 2022	SRP325657_2_UMAP_anno.png	https://biobigdata.nju.edu.cn/scplantdb/datasets/SRP325657_2.h5ad.gz	https://biobigdata.nju.edu.cn/scplantdb/datasets/SRP325657_2.rds.gz	https://biobigdata.nju.edu.cn/scplantdb/datasets/SRP325657_2.csv.gz	https://biobigdata.nju.edu.cn/cellxgene/view/SRP325657_2.h5ad
SRP335180	PRJNA759548	Zea mays	Root tip	10x Genomics	4 days after germination	2	5868	Nitrate-;Nitrate+	B73	https://doi.org/10.1016/j.cj.2022.02.004	Li X et al. The Crop Journal 2022	SRP335180_UMAP_anno.png	https://biobigdata.nju.edu.cn/scplantdb/datasets/SRP335180.h5ad.gz	https://biobigdata.nju.edu.cn/scplantdb/datasets/SRP335180.rds.gz	https://biobigdata.nju.edu.cn/scplantdb/datasets/SRP335180.csv.gz	https://biobigdata.nju.edu.cn/cellxgene/view/SRP335180.h5ad
SRP417893	PRJNA924780	Zea mays	Leaf primordia	10x Genomics	2 weeks old seedling	4	39495	Normal	B73;B73 (ns)	37142751	Satterlee JW, et al. Nat Plants 2023	SRP417893_UMAP_anno.png	https://biobigdata.nju.edu.cn/scplantdb/datasets/SRP417893.h5ad.gz	https://biobigdata.nju.edu.cn/scplantdb/datasets/SRP417893.rds.gz	https://biobigdata.nju.edu.cn/scplantdb/datasets/SRP417893.csv.gz	https://biobigdata.nju.edu.cn/cellxgene/view/SRP417893.h5ad
