mode	support_value	support_weight	seed	support_cells	query_cells	accuracy_all_query	macro_f1_query	species	test_cells	species_support_cells	species_query_cells	support_labels	query_labels	species_accuracy_all_query	species_macro_f1_query
budgeted_random	8	3	0	64	3900	0.6212820512820513	0.2055236917874777	Arabidopsis thaliana	2366	8	2358	6	29	0.5458015267175572	0.1496014374860109
budgeted_random	8	3	0	64	3900	0.6212820512820513	0.2055236917874777	Brassica rapa	256	8	248	3	8	0.5967741935483871	0.4008660738186059
budgeted_random	8	3	0	64	3900	0.6212820512820513	0.2055236917874777	Catharanthus roseus	256	8	248	4	7	0.532258064516129	0.2169671769208125
budgeted_random	8	3	0	64	3900	0.6212820512820513	0.2055236917874777	Eutrema salsugineum	62	8	54	1	1	1.0	1.0
budgeted_random	8	3	0	64	3900	0.6212820512820513	0.2055236917874777	Fragaria vesca	256	8	248	2	8	0.6370967741935484	0.2409407829968577
budgeted_random	8	3	0	64	3900	0.6212820512820513	0.2055236917874777	Gossypium bickii	256	8	248	3	8	0.6612903225806451	0.2044835956563445
budgeted_random	8	3	0	64	3900	0.6212820512820513	0.2055236917874777	Gossypium hirsutum	256	8	248	1	1	0.935483870967742	0.4833333333333333
budgeted_random	8	3	0	64	3900	0.6212820512820513	0.2055236917874777	Triticum aestivum	256	8	248	1	1	1.0	1.0
budgeted_random	8	3	1	64	3900	0.6028205128205129	0.2315314621157589	Arabidopsis thaliana	2366	8	2358	7	29	0.5207803223070399	0.1642390974306244
budgeted_random	8	3	1	64	3900	0.6028205128205129	0.2315314621157589	Brassica rapa	256	8	248	4	8	0.3870967741935484	0.2909166442697851
budgeted_random	8	3	1	64	3900	0.6028205128205129	0.2315314621157589	Catharanthus roseus	256	8	248	4	7	0.6854838709677419	0.1920351473922902
budgeted_random	8	3	1	64	3900	0.6028205128205129	0.2315314621157589	Eutrema salsugineum	62	8	54	1	1	1.0	1.0
budgeted_random	8	3	1	64	3900	0.6028205128205129	0.2315314621157589	Fragaria vesca	256	8	248	3	8	0.5846774193548387	0.2917531759813638
budgeted_random	8	3	1	64	3900	0.6028205128205129	0.2315314621157589	Gossypium bickii	256	8	248	4	8	0.6733870967741935	0.4275054753589645
budgeted_random	8	3	1	64	3900	0.6028205128205129	0.2315314621157589	Gossypium hirsutum	256	8	248	1	1	0.9798387096774194	0.3299389002036659
budgeted_random	8	3	1	64	3900	0.6028205128205129	0.2315314621157589	Triticum aestivum	256	8	248	1	1	1.0	1.0
budgeted_random	8	3	2	64	3900	0.5425641025641026	0.2393386966899469	Arabidopsis thaliana	2366	8	2358	6	29	0.4223918575063613	0.1695398708266561
budgeted_random	8	3	2	64	3900	0.5425641025641026	0.2393386966899469	Brassica rapa	256	8	248	5	8	0.6088709677419355	0.4985092400003783
budgeted_random	8	3	2	64	3900	0.5425641025641026	0.2393386966899469	Catharanthus roseus	256	8	248	5	7	0.4475806451612903	0.1713005368854355
budgeted_random	8	3	2	64	3900	0.5425641025641026	0.2393386966899469	Eutrema salsugineum	62	8	54	1	1	1.0	1.0
budgeted_random	8	3	2	64	3900	0.5425641025641026	0.2393386966899469	Fragaria vesca	256	8	248	4	8	0.625	0.3556247936552819
budgeted_random	8	3	2	64	3900	0.5425641025641026	0.2393386966899469	Gossypium bickii	256	8	248	4	8	0.6451612903225806	0.2983410542258
budgeted_random	8	3	2	64	3900	0.5425641025641026	0.2393386966899469	Gossypium hirsutum	256	8	248	1	1	0.9717741935483872	0.3285616905248807
budgeted_random	8	3	2	64	3900	0.5425641025641026	0.2393386966899469	Triticum aestivum	256	8	248	1	1	1.0	1.0
budgeted_random	8	3	3	64	3900	0.5494871794871795	0.2369315472286801	Arabidopsis thaliana	2366	8	2358	7	29	0.4206955046649703	0.1459566525789327
budgeted_random	8	3	3	64	3900	0.5494871794871795	0.2369315472286801	Brassica rapa	256	8	248	4	8	0.5645161290322581	0.3048002256206945
budgeted_random	8	3	3	64	3900	0.5494871794871795	0.2369315472286801	Catharanthus roseus	256	8	248	3	7	0.6532258064516129	0.1749389973380656
budgeted_random	8	3	3	64	3900	0.5494871794871795	0.2369315472286801	Eutrema salsugineum	62	8	54	1	1	1.0	1.0
budgeted_random	8	3	3	64	3900	0.5494871794871795	0.2369315472286801	Fragaria vesca	256	8	248	3	8	0.657258064516129	0.4445651230691008
budgeted_random	8	3	3	64	3900	0.5494871794871795	0.2369315472286801	Gossypium bickii	256	8	248	2	8	0.6129032258064516	0.2532424028626204
budgeted_random	8	3	3	64	3900	0.5494871794871795	0.2369315472286801	Gossypium hirsutum	256	8	248	1	1	0.935483870967742	0.4833333333333333
budgeted_random	8	3	3	64	3900	0.5494871794871795	0.2369315472286801	Triticum aestivum	256	8	248	1	1	1.0	1.0
budgeted_random	8	3	4	64	3900	0.5625641025641026	0.2149806088645882	Arabidopsis thaliana	2366	8	2358	5	29	0.4558948261238337	0.1156516905248647
budgeted_random	8	3	4	64	3900	0.5625641025641026	0.2149806088645882	Brassica rapa	256	8	248	5	8	0.6693548387096774	0.4983329939647859
budgeted_random	8	3	4	64	3900	0.5625641025641026	0.2149806088645882	Catharanthus roseus	256	8	248	3	7	0.4959677419354839	0.1613501615628612
budgeted_random	8	3	4	64	3900	0.5625641025641026	0.2149806088645882	Eutrema salsugineum	62	8	54	1	1	1.0	1.0
budgeted_random	8	3	4	64	3900	0.5625641025641026	0.2149806088645882	Fragaria vesca	256	8	248	4	8	0.6693548387096774	0.3194507136557338
budgeted_random	8	3	4	64	3900	0.5625641025641026	0.2149806088645882	Gossypium bickii	256	8	248	3	8	0.4798387096774194	0.3367801316330728
budgeted_random	8	3	4	64	3900	0.5625641025641026	0.2149806088645882	Gossypium hirsutum	256	8	248	1	1	0.9798387096774194	0.3299389002036659
budgeted_random	8	3	4	64	3900	0.5625641025641026	0.2149806088645882	Triticum aestivum	256	8	248	1	1	1.0	1.0
budgeted_random	8	3	5	64	3900	0.56	0.1841642384024436	Arabidopsis thaliana	2366	8	2358	7	29	0.4715860899067006	0.1419189627612012
budgeted_random	8	3	5	64	3900	0.56	0.1841642384024436	Brassica rapa	256	8	248	2	8	0.5967741935483871	0.2723856209150327
budgeted_random	8	3	5	64	3900	0.56	0.1841642384024436	Catharanthus roseus	256	8	248	3	7	0.282258064516129	0.1258997181239496
budgeted_random	8	3	5	64	3900	0.56	0.1841642384024436	Eutrema salsugineum	62	8	54	1	1	1.0	1.0
budgeted_random	8	3	5	64	3900	0.56	0.1841642384024436	Fragaria vesca	256	8	248	4	8	0.6330645161290323	0.2413912951195893
budgeted_random	8	3	5	64	3900	0.56	0.1841642384024436	Gossypium bickii	256	8	248	3	8	0.625	0.3066203509751897
budgeted_random	8	3	5	64	3900	0.56	0.1841642384024436	Gossypium hirsutum	256	8	248	1	1	0.967741935483871	0.3278688524590163
budgeted_random	8	3	5	64	3900	0.56	0.1841642384024436	Triticum aestivum	256	8	248	1	1	1.0	1.0
budgeted_random	8	3	6	64	3900	0.4984615384615384	0.2095116195109285	Arabidopsis thaliana	2366	8	2358	5	29	0.3910093299406276	0.1370509271388275
budgeted_random	8	3	6	64	3900	0.4984615384615384	0.2095116195109285	Brassica rapa	256	8	248	4	8	0.5806451612903226	0.3455027280907642
budgeted_random	8	3	6	64	3900	0.4984615384615384	0.2095116195109285	Catharanthus roseus	256	8	248	4	7	0.4677419354838709	0.2054411982966286
budgeted_random	8	3	6	64	3900	0.4984615384615384	0.2095116195109285	Eutrema salsugineum	62	8	54	1	1	1.0	1.0
budgeted_random	8	3	6	64	3900	0.4984615384615384	0.2095116195109285	Fragaria vesca	256	8	248	4	8	0.25	0.3129722772770901
budgeted_random	8	3	6	64	3900	0.4984615384615384	0.2095116195109285	Gossypium bickii	256	8	248	4	8	0.6370967741935484	0.3577851085706401
budgeted_random	8	3	6	64	3900	0.4984615384615384	0.2095116195109285	Gossypium hirsutum	256	8	248	1	1	0.967741935483871	0.4918032786885246
budgeted_random	8	3	6	64	3900	0.4984615384615384	0.2095116195109285	Triticum aestivum	256	8	248	1	1	1.0	1.0
budgeted_random	8	3	7	64	3900	0.6543589743589744	0.2029812678548401	Arabidopsis thaliana	2366	8	2358	4	29	0.5962680237489398	0.1448428654933718
budgeted_random	8	3	7	64	3900	0.6543589743589744	0.2029812678548401	Brassica rapa	256	8	248	4	8	0.6411290322580645	0.428304537911831
budgeted_random	8	3	7	64	3900	0.6543589743589744	0.2029812678548401	Catharanthus roseus	256	8	248	3	7	0.4879032258064516	0.1417398452840605
budgeted_random	8	3	7	64	3900	0.6543589743589744	0.2029812678548401	Eutrema salsugineum	62	8	54	1	1	1.0	1.0
budgeted_random	8	3	7	64	3900	0.6543589743589744	0.2029812678548401	Fragaria vesca	256	8	248	4	8	0.6975806451612904	0.3945700383078073
budgeted_random	8	3	7	64	3900	0.6543589743589744	0.2029812678548401	Gossypium bickii	256	8	248	3	8	0.592741935483871	0.2343183698022408
budgeted_random	8	3	7	64	3900	0.6543589743589744	0.2029812678548401	Gossypium hirsutum	256	8	248	1	1	0.9838709677419356	0.4959349593495935
budgeted_random	8	3	7	64	3900	0.6543589743589744	0.2029812678548401	Triticum aestivum	256	8	248	1	1	1.0	1.0
budgeted_random	8	3	8	64	3900	0.6715384615384615	0.231174621274605	Arabidopsis thaliana	2366	8	2358	5	29	0.6195928753180662	0.1589653605619648
budgeted_random	8	3	8	64	3900	0.6715384615384615	0.231174621274605	Brassica rapa	256	8	248	3	8	0.4838709677419355	0.3374877923197251
budgeted_random	8	3	8	64	3900	0.6715384615384615	0.231174621274605	Catharanthus roseus	256	8	248	4	7	0.6693548387096774	0.2031627983000981
budgeted_random	8	3	8	64	3900	0.6715384615384615	0.231174621274605	Eutrema salsugineum	62	8	54	1	1	1.0	1.0
budgeted_random	8	3	8	64	3900	0.6715384615384615	0.231174621274605	Fragaria vesca	256	8	248	3	8	0.6008064516129032	0.3055493440667859
budgeted_random	8	3	8	64	3900	0.6715384615384615	0.231174621274605	Gossypium bickii	256	8	248	4	8	0.717741935483871	0.4126136167433167
budgeted_random	8	3	8	64	3900	0.6715384615384615	0.231174621274605	Gossypium hirsutum	256	8	248	1	1	0.9798387096774194	0.3299389002036659
budgeted_random	8	3	8	64	3900	0.6715384615384615	0.231174621274605	Triticum aestivum	256	8	248	1	1	1.0	1.0
budgeted_random	8	3	9	64	3900	0.6582051282051282	0.2389146961231401	Arabidopsis thaliana	2366	8	2358	6	29	0.5678541136556404	0.1556504291324963
budgeted_random	8	3	9	64	3900	0.6582051282051282	0.2389146961231401	Brassica rapa	256	8	248	5	8	0.6693548387096774	0.5524174489841436
budgeted_random	8	3	9	64	3900	0.6582051282051282	0.2389146961231401	Catharanthus roseus	256	8	248	3	7	0.717741935483871	0.2153837564207548
budgeted_random	8	3	9	64	3900	0.6582051282051282	0.2389146961231401	Eutrema salsugineum	62	8	54	1	1	1.0	1.0
budgeted_random	8	3	9	64	3900	0.6582051282051282	0.2389146961231401	Fragaria vesca	256	8	248	3	8	0.6895161290322581	0.3405498610453703
budgeted_random	8	3	9	64	3900	0.6582051282051282	0.2389146961231401	Gossypium bickii	256	8	248	3	8	0.657258064516129	0.2831443298969072
budgeted_random	8	3	9	64	3900	0.6582051282051282	0.2389146961231401	Gossypium hirsutum	256	8	248	1	1	1.0	1.0
budgeted_random	8	3	9	64	3900	0.6582051282051282	0.2389146961231401	Triticum aestivum	256	8	248	1	1	1.0	1.0
budgeted_random	16	3	0	127	3837	0.6697941099817566	0.2618952778180723	Arabidopsis thaliana	2366	16	2350	8	29	0.5936170212765958	0.1589104969898752
budgeted_random	16	3	0	127	3837	0.6697941099817566	0.2618952778180723	Brassica rapa	256	16	240	5	8	0.6833333333333333	0.5044909286757113
budgeted_random	16	3	0	127	3837	0.6697941099817566	0.2618952778180723	Catharanthus roseus	256	16	240	5	7	0.7125	0.1717730130026694
budgeted_random	16	3	0	127	3837	0.6697941099817566	0.2618952778180723	Eutrema salsugineum	62	15	47	1	1	1.0	1.0
budgeted_random	16	3	0	127	3837	0.6697941099817566	0.2618952778180723	Fragaria vesca	256	16	240	3	8	0.5916666666666667	0.2787788620931217
budgeted_random	16	3	0	127	3837	0.6697941099817566	0.2618952778180723	Gossypium bickii	256	16	240	5	8	0.7166666666666667	0.4691614145658264
budgeted_random	16	3	0	127	3837	0.6697941099817566	0.2618952778180723	Gossypium hirsutum	256	16	240	1	1	0.9958333333333332	0.4989561586638831
budgeted_random	16	3	0	127	3837	0.6697941099817566	0.2618952778180723	Triticum aestivum	256	16	240	1	1	1.0	1.0
budgeted_random	16	3	1	127	3837	0.6810007818608288	0.2803138410974138	Arabidopsis thaliana	2366	16	2350	11	29	0.6085106382978723	0.1968959696514138
budgeted_random	16	3	1	127	3837	0.6810007818608288	0.2803138410974138	Brassica rapa	256	16	240	5	7	0.6541666666666667	0.4800623870022416
budgeted_random	16	3	1	127	3837	0.6810007818608288	0.2803138410974138	Catharanthus roseus	256	16	240	5	7	0.7083333333333334	0.2052058002879829
budgeted_random	16	3	1	127	3837	0.6810007818608288	0.2803138410974138	Eutrema salsugineum	62	15	47	1	1	1.0	1.0
budgeted_random	16	3	1	127	3837	0.6810007818608288	0.2803138410974138	Fragaria vesca	256	16	240	4	8	0.6791666666666667	0.383448036705079
budgeted_random	16	3	1	127	3837	0.6810007818608288	0.2803138410974138	Gossypium bickii	256	16	240	5	8	0.6916666666666667	0.3827313780734167
budgeted_random	16	3	1	127	3837	0.6810007818608288	0.2803138410974138	Gossypium hirsutum	256	16	240	1	1	1.0	1.0
budgeted_random	16	3	1	127	3837	0.6810007818608288	0.2803138410974138	Triticum aestivum	256	16	240	1	1	1.0	1.0
budgeted_random	16	3	2	127	3837	0.6856919468334637	0.3252665311631598	Arabidopsis thaliana	2366	16	2350	11	29	0.6204255319148936	0.2327589235570639
budgeted_random	16	3	2	127	3837	0.6856919468334637	0.3252665311631598	Brassica rapa	256	16	240	5	8	0.6833333333333333	0.4865769727688332
budgeted_random	16	3	2	127	3837	0.6856919468334637	0.3252665311631598	Catharanthus roseus	256	16	240	5	7	0.7125	0.2911532010923491
budgeted_random	16	3	2	127	3837	0.6856919468334637	0.3252665311631598	Eutrema salsugineum	62	15	47	1	1	1.0	1.0
budgeted_random	16	3	2	127	3837	0.6856919468334637	0.3252665311631598	Fragaria vesca	256	16	240	3	8	0.675	0.3460105233956824
budgeted_random	16	3	2	127	3837	0.6856919468334637	0.3252665311631598	Gossypium bickii	256	16	240	6	8	0.6375	0.3451673494290944
budgeted_random	16	3	2	127	3837	0.6856919468334637	0.3252665311631598	Gossypium hirsutum	256	16	240	1	1	0.9833333333333332	0.4957983193277311
budgeted_random	16	3	2	127	3837	0.6856919468334637	0.3252665311631598	Triticum aestivum	256	16	240	1	1	1.0	1.0
budgeted_random	16	3	3	127	3837	0.7088871514203805	0.3518619996847746	Arabidopsis thaliana	2366	16	2350	9	29	0.6642553191489362	0.2220080922848856
budgeted_random	16	3	3	127	3837	0.7088871514203805	0.3518619996847746	Brassica rapa	256	16	240	5	8	0.6708333333333333	0.4929357801225133
budgeted_random	16	3	3	127	3837	0.7088871514203805	0.3518619996847746	Catharanthus roseus	256	16	240	3	7	0.65	0.1711202011616376
budgeted_random	16	3	3	127	3837	0.7088871514203805	0.3518619996847746	Eutrema salsugineum	62	15	47	1	1	1.0	1.0
budgeted_random	16	3	3	127	3837	0.7088871514203805	0.3518619996847746	Fragaria vesca	256	16	240	6	8	0.6708333333333333	0.3939870766090277
budgeted_random	16	3	3	127	3837	0.7088871514203805	0.3518619996847746	Gossypium bickii	256	16	240	6	8	0.675	0.506921890112818
budgeted_random	16	3	3	127	3837	0.7088871514203805	0.3518619996847746	Gossypium hirsutum	256	16	240	1	1	0.9666666666666668	0.4915254237288136
budgeted_random	16	3	3	127	3837	0.7088871514203805	0.3518619996847746	Triticum aestivum	256	16	240	1	1	1.0	1.0
budgeted_random	16	3	4	127	3837	0.6713578316393015	0.251229375609297	Arabidopsis thaliana	2366	16	2350	8	29	0.6187234042553191	0.1871367048450208
budgeted_random	16	3	4	127	3837	0.6713578316393015	0.251229375609297	Brassica rapa	256	16	240	5	7	0.5833333333333334	0.2364959114959114
budgeted_random	16	3	4	127	3837	0.6713578316393015	0.251229375609297	Catharanthus roseus	256	16	240	3	7	0.6541666666666667	0.1426265983489153
budgeted_random	16	3	4	127	3837	0.6713578316393015	0.251229375609297	Eutrema salsugineum	62	15	47	1	1	1.0	1.0
budgeted_random	16	3	4	127	3837	0.6713578316393015	0.251229375609297	Fragaria vesca	256	16	240	4	8	0.6125	0.3902329086679323
budgeted_random	16	3	4	127	3837	0.6713578316393015	0.251229375609297	Gossypium bickii	256	16	240	5	8	0.65	0.3922619047619047
budgeted_random	16	3	4	127	3837	0.6713578316393015	0.251229375609297	Gossypium hirsutum	256	16	240	1	1	0.9791666666666666	0.4947368421052631
budgeted_random	16	3	4	127	3837	0.6713578316393015	0.251229375609297	Triticum aestivum	256	16	240	1	1	1.0	1.0
budgeted_random	16	3	5	127	3837	0.7104508730779254	0.3102935106341913	Arabidopsis thaliana	2366	16	2350	11	29	0.6719148936170213	0.2083387449047685
budgeted_random	16	3	5	127	3837	0.7104508730779254	0.3102935106341913	Brassica rapa	256	16	240	4	8	0.5833333333333334	0.4072264551635341
budgeted_random	16	3	5	127	3837	0.7104508730779254	0.3102935106341913	Catharanthus roseus	256	16	240	4	7	0.6791666666666667	0.2130698952495712
budgeted_random	16	3	5	127	3837	0.7104508730779254	0.3102935106341913	Eutrema salsugineum	62	15	47	1	1	1.0	1.0
budgeted_random	16	3	5	127	3837	0.7104508730779254	0.3102935106341913	Fragaria vesca	256	16	240	6	8	0.6666666666666666	0.5733769019267345
budgeted_random	16	3	5	127	3837	0.7104508730779254	0.3102935106341913	Gossypium bickii	256	16	240	4	8	0.6541666666666667	0.2743089462398925
budgeted_random	16	3	5	127	3837	0.7104508730779254	0.3102935106341913	Gossypium hirsutum	256	16	240	1	1	1.0	1.0
budgeted_random	16	3	5	127	3837	0.7104508730779254	0.3102935106341913	Triticum aestivum	256	16	240	1	1	1.0	1.0
budgeted_random	16	3	6	127	3837	0.5892624446181913	0.2806035382088104	Arabidopsis thaliana	2366	16	2350	10	29	0.488936170212766	0.1824415089309364
budgeted_random	16	3	6	127	3837	0.5892624446181913	0.2806035382088104	Brassica rapa	256	16	240	4	8	0.6083333333333333	0.4109461360667269
budgeted_random	16	3	6	127	3837	0.5892624446181913	0.2806035382088104	Catharanthus roseus	256	16	240	5	7	0.5625	0.2219637831440541
budgeted_random	16	3	6	127	3837	0.5892624446181913	0.2806035382088104	Eutrema salsugineum	62	15	47	1	1	1.0	1.0
budgeted_random	16	3	6	127	3837	0.5892624446181913	0.2806035382088104	Fragaria vesca	256	16	240	4	8	0.6541666666666667	0.4221988954786939
budgeted_random	16	3	6	127	3837	0.5892624446181913	0.2806035382088104	Gossypium bickii	256	16	240	6	8	0.6166666666666667	0.4147662873524942
budgeted_random	16	3	6	127	3837	0.5892624446181913	0.2806035382088104	Gossypium hirsutum	256	16	240	1	1	0.9958333333333332	0.4989561586638831
budgeted_random	16	3	6	127	3837	0.5892624446181913	0.2806035382088104	Triticum aestivum	256	16	240	1	1	1.0	1.0
budgeted_random	16	3	7	127	3837	0.711753974459213	0.2988521660381975	Arabidopsis thaliana	2366	16	2350	7	29	0.6531914893617021	0.1818162836518794
budgeted_random	16	3	7	127	3837	0.711753974459213	0.2988521660381975	Brassica rapa	256	16	240	5	8	0.7	0.5136142530484227
budgeted_random	16	3	7	127	3837	0.711753974459213	0.2988521660381975	Catharanthus roseus	256	16	240	4	7	0.7333333333333333	0.2431216303278966
budgeted_random	16	3	7	127	3837	0.711753974459213	0.2988521660381975	Eutrema salsugineum	62	15	47	1	1	1.0	1.0
budgeted_random	16	3	7	127	3837	0.711753974459213	0.2988521660381975	Fragaria vesca	256	16	240	7	8	0.7166666666666667	0.6545397539762865
budgeted_random	16	3	7	127	3837	0.711753974459213	0.2988521660381975	Gossypium bickii	256	16	240	5	8	0.65	0.3832895658263305
budgeted_random	16	3	7	127	3837	0.711753974459213	0.2988521660381975	Gossypium hirsutum	256	16	240	1	1	0.9875	0.4968553459119497
budgeted_random	16	3	7	127	3837	0.711753974459213	0.2988521660381975	Triticum aestivum	256	16	240	1	1	1.0	1.0
budgeted_random	16	3	8	127	3837	0.6393015376596299	0.2736926729823146	Arabidopsis thaliana	2366	16	2350	13	29	0.5642553191489361	0.1928056093086571
budgeted_random	16	3	8	127	3837	0.6393015376596299	0.2736926729823146	Brassica rapa	256	16	240	7	7	0.4958333333333333	0.4109786267388453
budgeted_random	16	3	8	127	3837	0.6393015376596299	0.2736926729823146	Catharanthus roseus	256	16	240	5	7	0.6958333333333333	0.2269966094545926
budgeted_random	16	3	8	127	3837	0.6393015376596299	0.2736926729823146	Eutrema salsugineum	62	15	47	1	1	1.0	1.0
budgeted_random	16	3	8	127	3837	0.6393015376596299	0.2736926729823146	Fragaria vesca	256	16	240	4	8	0.6541666666666667	0.3519519635479013
budgeted_random	16	3	8	127	3837	0.6393015376596299	0.2736926729823146	Gossypium bickii	256	16	240	4	8	0.675	0.3595048793640944
budgeted_random	16	3	8	127	3837	0.6393015376596299	0.2736926729823146	Gossypium hirsutum	256	16	240	1	1	0.9791666666666666	0.4947368421052631
budgeted_random	16	3	8	127	3837	0.6393015376596299	0.2736926729823146	Triticum aestivum	256	16	240	1	1	1.0	1.0
budgeted_random	16	3	9	127	3837	0.6661454261141517	0.2698716139026665	Arabidopsis thaliana	2366	16	2350	7	29	0.5914893617021276	0.1722592664194969
budgeted_random	16	3	9	127	3837	0.6661454261141517	0.2698716139026665	Brassica rapa	256	16	240	4	8	0.6291666666666667	0.4052972685936723
budgeted_random	16	3	9	127	3837	0.6661454261141517	0.2698716139026665	Catharanthus roseus	256	16	240	3	7	0.7166666666666667	0.2202878959936586
budgeted_random	16	3	9	127	3837	0.6661454261141517	0.2698716139026665	Eutrema salsugineum	62	15	47	1	1	1.0	1.0
budgeted_random	16	3	9	127	3837	0.6661454261141517	0.2698716139026665	Fragaria vesca	256	16	240	5	8	0.7083333333333334	0.5196299673835685
budgeted_random	16	3	9	127	3837	0.6661454261141517	0.2698716139026665	Gossypium bickii	256	16	240	5	8	0.6291666666666667	0.298268039877931
budgeted_random	16	3	9	127	3837	0.6661454261141517	0.2698716139026665	Gossypium hirsutum	256	16	240	1	1	0.9791666666666666	0.4947368421052631
budgeted_random	16	3	9	127	3837	0.6661454261141517	0.2698716139026665	Triticum aestivum	256	16	240	1	1	1.0	1.0
budgeted_random	32	3	0	239	3725	0.7293959731543624	0.3590064922224743	Arabidopsis thaliana	2366	32	2334	10	29	0.6739502999143102	0.2137482929194866
budgeted_random	32	3	0	239	3725	0.7293959731543624	0.3590064922224743	Brassica rapa	256	32	224	6	8	0.7232142857142857	0.5785575558237869
budgeted_random	32	3	0	239	3725	0.7293959731543624	0.3590064922224743	Catharanthus roseus	256	32	224	6	7	0.7410714285714286	0.2876339928181436
budgeted_random	32	3	0	239	3725	0.7293959731543624	0.3590064922224743	Eutrema salsugineum	62	15	47	1	1	1.0	1.0
budgeted_random	32	3	0	239	3725	0.7293959731543624	0.3590064922224743	Fragaria vesca	256	32	224	6	8	0.6830357142857143	0.615670508036423
budgeted_random	32	3	0	239	3725	0.7293959731543624	0.3590064922224743	Gossypium bickii	256	32	224	5	8	0.75	0.4920085263835264
budgeted_random	32	3	0	239	3725	0.7293959731543624	0.3590064922224743	Gossypium hirsutum	256	32	224	1	1	1.0	1.0
budgeted_random	32	3	0	239	3725	0.7293959731543624	0.3590064922224743	Triticum aestivum	256	32	224	1	1	1.0	1.0
budgeted_random	32	3	1	239	3725	0.7151677852348993	0.3328419960501354	Arabidopsis thaliana	2366	32	2334	13	29	0.6949443016281063	0.2953744165384939
budgeted_random	32	3	1	239	3725	0.7151677852348993	0.3328419960501354	Brassica rapa	256	32	224	6	8	0.5625	0.3885007766387077
budgeted_random	32	3	1	239	3725	0.7151677852348993	0.3328419960501354	Catharanthus roseus	256	32	224	5	7	0.6607142857142857	0.2293410293410293
budgeted_random	32	3	1	239	3725	0.7151677852348993	0.3328419960501354	Eutrema salsugineum	62	15	47	1	1	1.0	1.0
budgeted_random	32	3	1	239	3725	0.7151677852348993	0.3328419960501354	Fragaria vesca	256	32	224	7	8	0.5491071428571429	0.3904956768747574
budgeted_random	32	3	1	239	3725	0.7151677852348993	0.3328419960501354	Gossypium bickii	256	32	224	4	8	0.6696428571428571	0.3079542492179353
budgeted_random	32	3	1	239	3725	0.7151677852348993	0.3328419960501354	Gossypium hirsutum	256	32	224	1	1	1.0	1.0
budgeted_random	32	3	1	239	3725	0.7151677852348993	0.3328419960501354	Triticum aestivum	256	32	224	1	1	1.0	1.0
budgeted_random	32	3	2	239	3725	0.7339597315436241	0.3654377058814133	Arabidopsis thaliana	2366	32	2334	12	29	0.6893744644387317	0.2278231943023304
budgeted_random	32	3	2	239	3725	0.7339597315436241	0.3654377058814133	Brassica rapa	256	32	224	6	8	0.6964285714285714	0.6380854410583054
budgeted_random	32	3	2	239	3725	0.7339597315436241	0.3654377058814133	Catharanthus roseus	256	32	224	5	7	0.7321428571428571	0.2525725384493419
budgeted_random	32	3	2	239	3725	0.7339597315436241	0.3654377058814133	Eutrema salsugineum	62	15	47	1	1	1.0	1.0
budgeted_random	32	3	2	239	3725	0.7339597315436241	0.3654377058814133	Fragaria vesca	256	32	224	6	8	0.6741071428571429	0.4175274057082624
budgeted_random	32	3	2	239	3725	0.7339597315436241	0.3654377058814133	Gossypium bickii	256	32	224	7	8	0.7232142857142857	0.5037555298753691
budgeted_random	32	3	2	239	3725	0.7339597315436241	0.3654377058814133	Gossypium hirsutum	256	32	224	1	1	0.9866071428571428	0.4966292134831461
budgeted_random	32	3	2	239	3725	0.7339597315436241	0.3654377058814133	Triticum aestivum	256	32	224	1	1	1.0	1.0
budgeted_random	32	3	3	239	3725	0.7280536912751678	0.3613855354270102	Arabidopsis thaliana	2366	32	2334	15	29	0.6799485861182519	0.2760370495005087
budgeted_random	32	3	3	239	3725	0.7280536912751678	0.3613855354270102	Brassica rapa	256	32	224	6	8	0.6741071428571429	0.5798650911286781
budgeted_random	32	3	3	239	3725	0.7280536912751678	0.3613855354270102	Catharanthus roseus	256	32	224	6	7	0.7544642857142857	0.324793182579154
budgeted_random	32	3	3	239	3725	0.7280536912751678	0.3613855354270102	Eutrema salsugineum	62	15	47	1	1	1.0	1.0
budgeted_random	32	3	3	239	3725	0.7280536912751678	0.3613855354270102	Fragaria vesca	256	32	224	4	8	0.625	0.3311067503924647
budgeted_random	32	3	3	239	3725	0.7280536912751678	0.3613855354270102	Gossypium bickii	256	32	224	6	8	0.7633928571428571	0.5082273041013958
budgeted_random	32	3	3	239	3725	0.7280536912751678	0.3613855354270102	Gossypium hirsutum	256	32	224	1	1	0.9955357142857144	0.4988814317673378
budgeted_random	32	3	3	239	3725	0.7280536912751678	0.3613855354270102	Triticum aestivum	256	32	224	1	1	1.0	1.0
budgeted_random	32	3	4	239	3725	0.7226845637583893	0.3381007169097437	Arabidopsis thaliana	2366	32	2334	10	29	0.676949443016281	0.2272738986837374
budgeted_random	32	3	4	239	3725	0.7226845637583893	0.3381007169097437	Brassica rapa	256	32	224	7	7	0.7098214285714286	0.4703691476590636
budgeted_random	32	3	4	239	3725	0.7226845637583893	0.3381007169097437	Catharanthus roseus	256	32	224	6	7	0.75	0.3296536394901444
budgeted_random	32	3	4	239	3725	0.7226845637583893	0.3381007169097437	Eutrema salsugineum	62	15	47	1	1	1.0	1.0
budgeted_random	32	3	4	239	3725	0.7226845637583893	0.3381007169097437	Fragaria vesca	256	32	224	5	8	0.59375	0.3663004098507953
budgeted_random	32	3	4	239	3725	0.7226845637583893	0.3381007169097437	Gossypium bickii	256	32	224	6	8	0.7053571428571429	0.4487795982493547
budgeted_random	32	3	4	239	3725	0.7226845637583893	0.3381007169097437	Gossypium hirsutum	256	32	224	1	1	0.9955357142857144	0.4988814317673378
budgeted_random	32	3	4	239	3725	0.7226845637583893	0.3381007169097437	Triticum aestivum	256	32	224	1	1	1.0	1.0
budgeted_random	32	3	5	239	3725	0.7318120805369127	0.3965200742368706	Arabidopsis thaliana	2366	32	2334	16	29	0.6808054841473865	0.2993814732306668
budgeted_random	32	3	5	239	3725	0.7318120805369127	0.3965200742368706	Brassica rapa	256	32	224	6	8	0.6830357142857143	0.615180409356629
budgeted_random	32	3	5	239	3725	0.7318120805369127	0.3965200742368706	Catharanthus roseus	256	32	224	6	7	0.7767857142857143	0.3604640943343783
budgeted_random	32	3	5	239	3725	0.7318120805369127	0.3965200742368706	Eutrema salsugineum	62	15	47	1	1	1.0	1.0
budgeted_random	32	3	5	239	3725	0.7318120805369127	0.3965200742368706	Fragaria vesca	256	32	224	5	8	0.6919642857142857	0.5500753411794586
budgeted_random	32	3	5	239	3725	0.7318120805369127	0.3965200742368706	Gossypium bickii	256	32	224	6	8	0.7276785714285714	0.4253011065065976
budgeted_random	32	3	5	239	3725	0.7318120805369127	0.3965200742368706	Gossypium hirsutum	256	32	224	1	1	0.9866071428571428	0.4966292134831461
budgeted_random	32	3	5	239	3725	0.7318120805369127	0.3965200742368706	Triticum aestivum	256	32	224	1	1	1.0	1.0
budgeted_random	32	3	6	239	3725	0.6810738255033557	0.3404119369435686	Arabidopsis thaliana	2366	32	2334	12	29	0.6032562125107113	0.2183405956688809
budgeted_random	32	3	6	239	3725	0.6810738255033557	0.3404119369435686	Brassica rapa	256	32	224	5	8	0.7410714285714286	0.5813754117999401
budgeted_random	32	3	6	239	3725	0.6810738255033557	0.3404119369435686	Catharanthus roseus	256	32	224	4	7	0.6964285714285714	0.1983692106979778
budgeted_random	32	3	6	239	3725	0.6810738255033557	0.3404119369435686	Eutrema salsugineum	62	15	47	1	1	1.0	1.0
budgeted_random	32	3	6	239	3725	0.6810738255033557	0.3404119369435686	Fragaria vesca	256	32	224	6	8	0.6875	0.5205567722371968
budgeted_random	32	3	6	239	3725	0.6810738255033557	0.3404119369435686	Gossypium bickii	256	32	224	7	8	0.7053571428571429	0.4165071786816577
budgeted_random	32	3	6	239	3725	0.6810738255033557	0.3404119369435686	Gossypium hirsutum	256	32	224	1	1	1.0	1.0
budgeted_random	32	3	6	239	3725	0.6810738255033557	0.3404119369435686	Triticum aestivum	256	32	224	1	1	1.0	1.0
budgeted_random	32	3	7	239	3725	0.7186577181208054	0.3562971946836922	Arabidopsis thaliana	2366	32	2334	12	29	0.6730934018851756	0.2462855236990249
budgeted_random	32	3	7	239	3725	0.7186577181208054	0.3562971946836922	Brassica rapa	256	32	224	6	8	0.6517857142857143	0.5728786629133463
budgeted_random	32	3	7	239	3725	0.7186577181208054	0.3562971946836922	Catharanthus roseus	256	32	224	6	7	0.7053571428571429	0.3090040831562188
budgeted_random	32	3	7	239	3725	0.7186577181208054	0.3562971946836922	Eutrema salsugineum	62	15	47	1	1	1.0	1.0
budgeted_random	32	3	7	239	3725	0.7186577181208054	0.3562971946836922	Fragaria vesca	256	32	224	6	8	0.71875	0.6006350267379679
budgeted_random	32	3	7	239	3725	0.7186577181208054	0.3562971946836922	Gossypium bickii	256	32	224	7	8	0.6651785714285714	0.3860497479378966
budgeted_random	32	3	7	239	3725	0.7186577181208054	0.3562971946836922	Gossypium hirsutum	256	32	224	1	1	0.9866071428571428	0.4966292134831461
budgeted_random	32	3	7	239	3725	0.7186577181208054	0.3562971946836922	Triticum aestivum	256	32	224	1	1	1.0	1.0
budgeted_random	32	3	8	239	3725	0.7315436241610739	0.4172333748262684	Arabidopsis thaliana	2366	32	2334	15	29	0.681662382176521	0.3245572919507145
budgeted_random	32	3	8	239	3725	0.7315436241610739	0.4172333748262684	Brassica rapa	256	32	224	6	8	0.7232142857142857	0.5997706395348521
budgeted_random	32	3	8	239	3725	0.7315436241610739	0.4172333748262684	Catharanthus roseus	256	32	224	4	7	0.7142857142857143	0.2207013259644838
budgeted_random	32	3	8	239	3725	0.7315436241610739	0.4172333748262684	Eutrema salsugineum	62	15	47	1	1	1.0	1.0
budgeted_random	32	3	8	239	3725	0.7315436241610739	0.4172333748262684	Fragaria vesca	256	32	224	8	8	0.7142857142857143	0.5958220122412012
budgeted_random	32	3	8	239	3725	0.7315436241610739	0.4172333748262684	Gossypium bickii	256	32	224	6	8	0.7008928571428571	0.4442342094583048
budgeted_random	32	3	8	239	3725	0.7315436241610739	0.4172333748262684	Gossypium hirsutum	256	32	224	1	1	1.0	1.0
budgeted_random	32	3	8	239	3725	0.7315436241610739	0.4172333748262684	Triticum aestivum	256	32	224	1	1	1.0	1.0
budgeted_random	32	3	9	239	3725	0.7377181208053691	0.3803846627500961	Arabidopsis thaliana	2366	32	2334	9	29	0.6889460154241646	0.2208437636150347
budgeted_random	32	3	9	239	3725	0.7377181208053691	0.3803846627500961	Brassica rapa	256	32	224	6	8	0.7053571428571429	0.619061659651335
budgeted_random	32	3	9	239	3725	0.7377181208053691	0.3803846627500961	Catharanthus roseus	256	32	224	5	7	0.7232142857142857	0.342637419085476
budgeted_random	32	3	9	239	3725	0.7377181208053691	0.3803846627500961	Eutrema salsugineum	62	15	47	1	1	1.0	1.0
budgeted_random	32	3	9	239	3725	0.7377181208053691	0.3803846627500961	Fragaria vesca	256	32	224	6	8	0.7232142857142857	0.6448229520134721
budgeted_random	32	3	9	239	3725	0.7377181208053691	0.3803846627500961	Gossypium bickii	256	32	224	6	8	0.7276785714285714	0.4497651398846252
budgeted_random	32	3	9	239	3725	0.7377181208053691	0.3803846627500961	Gossypium hirsutum	256	32	224	1	1	1.0	1.0
budgeted_random	32	3	9	239	3725	0.7377181208053691	0.3803846627500961	Triticum aestivum	256	32	224	1	1	1.0	1.0
budgeted_random	64	3	0	463	3501	0.75549842902028	0.4423606993348781	Arabidopsis thaliana	2366	64	2302	16	29	0.7267593397046047	0.3410493041616619
budgeted_random	64	3	0	463	3501	0.75549842902028	0.4423606993348781	Brassica rapa	256	64	192	6	8	0.734375	0.641501420805535
budgeted_random	64	3	0	463	3501	0.75549842902028	0.4423606993348781	Catharanthus roseus	256	64	192	6	7	0.7239583333333334	0.3531252222143212
budgeted_random	64	3	0	463	3501	0.75549842902028	0.4423606993348781	Eutrema salsugineum	62	15	47	1	1	1.0	1.0
budgeted_random	64	3	0	463	3501	0.75549842902028	0.4423606993348781	Fragaria vesca	256	64	192	6	8	0.6302083333333334	0.3918859649122807
budgeted_random	64	3	0	463	3501	0.75549842902028	0.4423606993348781	Gossypium bickii	256	64	192	5	8	0.7291666666666666	0.4652648277648277
budgeted_random	64	3	0	463	3501	0.75549842902028	0.4423606993348781	Gossypium hirsutum	256	64	192	1	1	1.0	1.0
budgeted_random	64	3	0	463	3501	0.75549842902028	0.4423606993348781	Triticum aestivum	256	64	192	1	1	1.0	1.0
budgeted_random	64	3	1	463	3501	0.7683518994572979	0.4859342269514941	Arabidopsis thaliana	2366	64	2302	19	29	0.737619461337967	0.3905813997582626
budgeted_random	64	3	1	463	3501	0.7683518994572979	0.4859342269514941	Brassica rapa	256	64	192	7	7	0.703125	0.6843189642893978
budgeted_random	64	3	1	463	3501	0.7683518994572979	0.4859342269514941	Catharanthus roseus	256	64	192	7	7	0.765625	0.4659596884000811
budgeted_random	64	3	1	463	3501	0.7683518994572979	0.4859342269514941	Eutrema salsugineum	62	15	47	1	1	1.0	1.0
budgeted_random	64	3	1	463	3501	0.7683518994572979	0.4859342269514941	Fragaria vesca	256	64	192	8	8	0.7083333333333334	0.5834328436673877
budgeted_random	64	3	1	463	3501	0.7683518994572979	0.4859342269514941	Gossypium bickii	256	64	192	8	8	0.7447916666666666	0.4578530531151498
budgeted_random	64	3	1	463	3501	0.7683518994572979	0.4859342269514941	Gossypium hirsutum	256	64	192	1	1	1.0	1.0
budgeted_random	64	3	1	463	3501	0.7683518994572979	0.4859342269514941	Triticum aestivum	256	64	192	1	1	1.0	1.0
budgeted_random	64	3	2	463	3501	0.7372179377320766	0.4221444710190221	Arabidopsis thaliana	2366	64	2302	15	29	0.6972198088618593	0.2788544666838164
budgeted_random	64	3	2	463	3501	0.7372179377320766	0.4221444710190221	Brassica rapa	256	64	192	7	7	0.671875	0.6828789553592048
budgeted_random	64	3	2	463	3501	0.7372179377320766	0.4221444710190221	Catharanthus roseus	256	64	192	7	7	0.703125	0.414605785131184
budgeted_random	64	3	2	463	3501	0.7372179377320766	0.4221444710190221	Eutrema salsugineum	62	15	47	1	1	1.0	1.0
budgeted_random	64	3	2	463	3501	0.7372179377320766	0.4221444710190221	Fragaria vesca	256	64	192	7	8	0.71875	0.69735764139713
budgeted_random	64	3	2	463	3501	0.7372179377320766	0.4221444710190221	Gossypium bickii	256	64	192	8	8	0.7447916666666666	0.5055645743145744
budgeted_random	64	3	2	463	3501	0.7372179377320766	0.4221444710190221	Gossypium hirsutum	256	64	192	1	1	1.0	1.0
budgeted_random	64	3	2	463	3501	0.7372179377320766	0.4221444710190221	Triticum aestivum	256	64	192	1	1	1.0	1.0
budgeted_random	64	3	3	463	3501	0.7809197372179377	0.445794552103994	Arabidopsis thaliana	2366	64	2302	15	29	0.762380538662033	0.3781268764900349
budgeted_random	64	3	3	463	3501	0.7809197372179377	0.445794552103994	Brassica rapa	256	64	192	6	8	0.7135416666666666	0.5450548738788501
budgeted_random	64	3	3	463	3501	0.7809197372179377	0.445794552103994	Catharanthus roseus	256	64	192	7	6	0.7552083333333334	0.3212408709303119
budgeted_random	64	3	3	463	3501	0.7809197372179377	0.445794552103994	Eutrema salsugineum	62	15	47	1	1	1.0	1.0
budgeted_random	64	3	3	463	3501	0.7809197372179377	0.445794552103994	Fragaria vesca	256	64	192	8	8	0.6822916666666666	0.574605591582769
budgeted_random	64	3	3	463	3501	0.7809197372179377	0.445794552103994	Gossypium bickii	256	64	192	6	8	0.703125	0.3943521715713073
budgeted_random	64	3	3	463	3501	0.7809197372179377	0.445794552103994	Gossypium hirsutum	256	64	192	1	1	1.0	1.0
budgeted_random	64	3	3	463	3501	0.7809197372179377	0.445794552103994	Triticum aestivum	256	64	192	1	1	1.0	1.0
budgeted_random	64	3	4	463	3501	0.7712082262210797	0.5011511390475455	Arabidopsis thaliana	2366	64	2302	18	29	0.7463075586446568	0.410641301067109
budgeted_random	64	3	4	463	3501	0.7712082262210797	0.5011511390475455	Brassica rapa	256	64	192	6	8	0.734375	0.6171082542865631
budgeted_random	64	3	4	463	3501	0.7712082262210797	0.5011511390475455	Catharanthus roseus	256	64	192	7	7	0.7291666666666666	0.3165441544154415
budgeted_random	64	3	4	463	3501	0.7712082262210797	0.5011511390475455	Eutrema salsugineum	62	15	47	1	1	1.0	1.0
budgeted_random	64	3	4	463	3501	0.7712082262210797	0.5011511390475455	Fragaria vesca	256	64	192	8	8	0.7083333333333334	0.6225731582099768
budgeted_random	64	3	4	463	3501	0.7712082262210797	0.5011511390475455	Gossypium bickii	256	64	192	8	8	0.6979166666666666	0.492938142114722
budgeted_random	64	3	4	463	3501	0.7712082262210797	0.5011511390475455	Gossypium hirsutum	256	64	192	1	1	1.0	1.0
budgeted_random	64	3	4	463	3501	0.7712082262210797	0.5011511390475455	Triticum aestivum	256	64	192	1	1	1.0	1.0
budgeted_random	64	3	5	463	3501	0.7232219365895458	0.4038592307164005	Arabidopsis thaliana	2366	64	2302	18	28	0.6785403996524761	0.3039142188998787
budgeted_random	64	3	5	463	3501	0.7232219365895458	0.4038592307164005	Brassica rapa	256	64	192	7	7	0.6927083333333334	0.7051158777120315
budgeted_random	64	3	5	463	3501	0.7232219365895458	0.4038592307164005	Catharanthus roseus	256	64	192	7	7	0.7552083333333334	0.4194555014988451
budgeted_random	64	3	5	463	3501	0.7232219365895458	0.4038592307164005	Eutrema salsugineum	62	15	47	1	1	1.0	1.0
budgeted_random	64	3	5	463	3501	0.7232219365895458	0.4038592307164005	Fragaria vesca	256	64	192	8	8	0.6666666666666666	0.6149210435882343
budgeted_random	64	3	5	463	3501	0.7232219365895458	0.4038592307164005	Gossypium bickii	256	64	192	7	8	0.6927083333333334	0.3199458629605688
budgeted_random	64	3	5	463	3501	0.7232219365895458	0.4038592307164005	Gossypium hirsutum	256	64	192	1	1	1.0	1.0
budgeted_random	64	3	5	463	3501	0.7232219365895458	0.4038592307164005	Triticum aestivum	256	64	192	1	1	1.0	1.0
budgeted_random	64	3	6	463	3501	0.7629248786061126	0.5089023588230559	Arabidopsis thaliana	2366	64	2302	19	29	0.7354474370112946	0.3745039457540079
budgeted_random	64	3	6	463	3501	0.7629248786061126	0.5089023588230559	Brassica rapa	256	64	192	7	7	0.7083333333333334	0.7102394000094071
budgeted_random	64	3	6	463	3501	0.7629248786061126	0.5089023588230559	Catharanthus roseus	256	64	192	6	7	0.7291666666666666	0.3232072856133006
budgeted_random	64	3	6	463	3501	0.7629248786061126	0.5089023588230559	Eutrema salsugineum	62	15	47	1	1	1.0	1.0
budgeted_random	64	3	6	463	3501	0.7629248786061126	0.5089023588230559	Fragaria vesca	256	64	192	7	8	0.6979166666666666	0.6025955559632744
budgeted_random	64	3	6	463	3501	0.7629248786061126	0.5089023588230559	Gossypium bickii	256	64	192	7	8	0.7135416666666666	0.5517926632881065
budgeted_random	64	3	6	463	3501	0.7629248786061126	0.5089023588230559	Gossypium hirsutum	256	64	192	1	1	1.0	1.0
budgeted_random	64	3	6	463	3501	0.7629248786061126	0.5089023588230559	Triticum aestivum	256	64	192	1	1	1.0	1.0
budgeted_random	64	3	7	463	3501	0.7597829191659525	0.4754948653673243	Arabidopsis thaliana	2366	64	2302	17	29	0.7250217202432667	0.3559833003495982
budgeted_random	64	3	7	463	3501	0.7597829191659525	0.4754948653673243	Brassica rapa	256	64	192	6	8	0.75	0.6583293097924301
budgeted_random	64	3	7	463	3501	0.7597829191659525	0.4754948653673243	Catharanthus roseus	256	64	192	6	7	0.7552083333333334	0.3531134892981583
budgeted_random	64	3	7	463	3501	0.7597829191659525	0.4754948653673243	Eutrema salsugineum	62	15	47	1	1	1.0	1.0
budgeted_random	64	3	7	463	3501	0.7597829191659525	0.4754948653673243	Fragaria vesca	256	64	192	8	8	0.6770833333333334	0.5878510036301516
budgeted_random	64	3	7	463	3501	0.7597829191659525	0.4754948653673243	Gossypium bickii	256	64	192	8	8	0.734375	0.5064119691539046
budgeted_random	64	3	7	463	3501	0.7597829191659525	0.4754948653673243	Gossypium hirsutum	256	64	192	1	1	1.0	1.0
budgeted_random	64	3	7	463	3501	0.7597829191659525	0.4754948653673243	Triticum aestivum	256	64	192	1	1	1.0	1.0
budgeted_random	64	3	8	463	3501	0.7720651242502142	0.4767355680536228	Arabidopsis thaliana	2366	64	2302	20	29	0.7450043440486533	0.3680876907061832
budgeted_random	64	3	8	463	3501	0.7720651242502142	0.4767355680536228	Brassica rapa	256	64	192	7	7	0.7395833333333334	0.4802753354628152
budgeted_random	64	3	8	463	3501	0.7720651242502142	0.4767355680536228	Catharanthus roseus	256	64	192	7	7	0.7239583333333334	0.4000919715205429
budgeted_random	64	3	8	463	3501	0.7720651242502142	0.4767355680536228	Eutrema salsugineum	62	15	47	1	1	1.0	1.0
budgeted_random	64	3	8	463	3501	0.7720651242502142	0.4767355680536228	Fragaria vesca	256	64	192	8	8	0.6979166666666666	0.6404101739214059
budgeted_random	64	3	8	463	3501	0.7720651242502142	0.4767355680536228	Gossypium bickii	256	64	192	8	8	0.7395833333333334	0.494365848891711
budgeted_random	64	3	8	463	3501	0.7720651242502142	0.4767355680536228	Gossypium hirsutum	256	64	192	1	1	1.0	1.0
budgeted_random	64	3	8	463	3501	0.7720651242502142	0.4767355680536228	Triticum aestivum	256	64	192	1	1	1.0	1.0
budgeted_random	64	3	9	463	3501	0.7574978577549272	0.4566930078331624	Arabidopsis thaliana	2366	64	2302	16	29	0.7306689834926151	0.3514211928096695
budgeted_random	64	3	9	463	3501	0.7574978577549272	0.4566930078331624	Brassica rapa	256	64	192	6	8	0.7239583333333334	0.6162227768639407
budgeted_random	64	3	9	463	3501	0.7574978577549272	0.4566930078331624	Catharanthus roseus	256	64	192	6	7	0.734375	0.3212918156953503
budgeted_random	64	3	9	463	3501	0.7574978577549272	0.4566930078331624	Eutrema salsugineum	62	15	47	1	1	1.0	1.0
budgeted_random	64	3	9	463	3501	0.7574978577549272	0.4566930078331624	Fragaria vesca	256	64	192	8	8	0.640625	0.5770131381580315
budgeted_random	64	3	9	463	3501	0.7574978577549272	0.4566930078331624	Gossypium bickii	256	64	192	8	8	0.7083333333333334	0.5016239355273883
budgeted_random	64	3	9	463	3501	0.7574978577549272	0.4566930078331624	Gossypium hirsutum	256	64	192	1	1	1.0	1.0
budgeted_random	64	3	9	463	3501	0.7574978577549272	0.4566930078331624	Triticum aestivum	256	64	192	1	1	1.0	1.0
stratified_per_label	1	1	0	63	3901	0.4593693924634709	0.4091923146059975	Arabidopsis thaliana	2366	29	2337	29	28	0.4236200256739409	0.2968158905128965
stratified_per_label	1	1	0	63	3901	0.4593693924634709	0.4091923146059975	Brassica rapa	256	8	248	8	6	0.6451612903225806	0.4440781907142008
stratified_per_label	1	1	0	63	3901	0.4593693924634709	0.4091923146059975	Catharanthus roseus	256	7	249	7	7	0.1485943775100401	0.2212151395121333
stratified_per_label	1	1	0	63	3901	0.4593693924634709	0.4091923146059975	Eutrema salsugineum	62	1	61	1	1	0.9836065573770492	0.4958677685950413
stratified_per_label	1	1	0	63	3901	0.4593693924634709	0.4091923146059975	Fragaria vesca	256	8	248	8	8	0.592741935483871	0.4309732043362688
stratified_per_label	1	1	0	63	3901	0.4593693924634709	0.4091923146059975	Gossypium bickii	256	8	248	8	8	0.5	0.460389170330889
stratified_per_label	1	1	0	63	3901	0.4593693924634709	0.4091923146059975	Gossypium hirsutum	256	1	255	1	1	0.0745098039215686	0.0346715328467153
stratified_per_label	1	1	0	63	3901	0.4593693924634709	0.4091923146059975	Triticum aestivum	256	1	255	1	1	1.0	1.0
stratified_per_label	1	1	1	63	3901	0.4401435529351448	0.391830885115509	Arabidopsis thaliana	2366	29	2337	29	28	0.3718442447582371	0.2900359132208072
stratified_per_label	1	1	1	63	3901	0.4401435529351448	0.391830885115509	Brassica rapa	256	8	248	8	6	0.6290322580645161	0.3963181556013811
stratified_per_label	1	1	1	63	3901	0.4401435529351448	0.391830885115509	Catharanthus roseus	256	7	249	7	7	0.3855421686746988	0.2204227530128406
stratified_per_label	1	1	1	63	3901	0.4401435529351448	0.391830885115509	Eutrema salsugineum	62	1	61	1	1	0.9836065573770492	0.4958677685950413
stratified_per_label	1	1	1	63	3901	0.4401435529351448	0.391830885115509	Fragaria vesca	256	8	248	8	8	0.6612903225806451	0.4417750686133039
stratified_per_label	1	1	1	63	3901	0.4401435529351448	0.391830885115509	Gossypium bickii	256	8	248	8	8	0.3225806451612903	0.247265055619486
stratified_per_label	1	1	1	63	3901	0.4401435529351448	0.391830885115509	Gossypium hirsutum	256	1	255	1	1	0.1686274509803921	0.0721476510067114
stratified_per_label	1	1	1	63	3901	0.4401435529351448	0.391830885115509	Triticum aestivum	256	1	255	1	1	0.976470588235294	0.494047619047619
stratified_per_label	1	1	2	63	3901	0.4593693924634709	0.3940921383560439	Arabidopsis thaliana	2366	29	2337	29	28	0.4557124518613607	0.3093518398746889
stratified_per_label	1	1	2	63	3901	0.4593693924634709	0.3940921383560439	Brassica rapa	256	8	248	8	6	0.5846774193548387	0.4515489069373327
stratified_per_label	1	1	2	63	3901	0.4593693924634709	0.3940921383560439	Catharanthus roseus	256	7	249	7	7	0.0441767068273092	0.0986266294227188
stratified_per_label	1	1	2	63	3901	0.4593693924634709	0.3940921383560439	Eutrema salsugineum	62	1	61	1	1	0.9836065573770492	0.4958677685950413
stratified_per_label	1	1	2	63	3901	0.4593693924634709	0.3940921383560439	Fragaria vesca	256	8	248	8	8	0.6451612903225806	0.4382314196446878
stratified_per_label	1	1	2	63	3901	0.4593693924634709	0.3940921383560439	Gossypium bickii	256	8	248	8	8	0.3669354838709677	0.2338929488186913
stratified_per_label	1	1	2	63	3901	0.4593693924634709	0.3940921383560439	Gossypium hirsutum	256	1	255	1	1	0.0352941176470588	0.0170454545454545
stratified_per_label	1	1	2	63	3901	0.4593693924634709	0.3940921383560439	Triticum aestivum	256	1	255	1	1	0.984313725490196	0.4960474308300395
stratified_per_label	1	1	3	63	3901	0.4906434247628813	0.3807681434189027	Arabidopsis thaliana	2366	29	2337	29	28	0.4775353016688061	0.3045728720010975
stratified_per_label	1	1	3	63	3901	0.4906434247628813	0.3807681434189027	Brassica rapa	256	8	248	8	6	0.657258064516129	0.4020090975884187
stratified_per_label	1	1	3	63	3901	0.4906434247628813	0.3807681434189027	Catharanthus roseus	256	7	249	7	7	0.3734939759036144	0.2893748114452774
stratified_per_label	1	1	3	63	3901	0.4906434247628813	0.3807681434189027	Eutrema salsugineum	62	1	61	1	1	0.9836065573770492	0.4958677685950413
stratified_per_label	1	1	3	63	3901	0.4906434247628813	0.3807681434189027	Fragaria vesca	256	8	248	8	8	0.3911290322580645	0.311777873740208
stratified_per_label	1	1	3	63	3901	0.4906434247628813	0.3807681434189027	Gossypium bickii	256	8	248	8	8	0.4435483870967742	0.3417536136294932
stratified_per_label	1	1	3	63	3901	0.4906434247628813	0.3807681434189027	Gossypium hirsutum	256	1	255	1	1	0.0980392156862745	0.0446428571428571
stratified_per_label	1	1	3	63	3901	0.4906434247628813	0.3807681434189027	Triticum aestivum	256	1	255	1	1	0.9803921568627452	0.495049504950495
stratified_per_label	1	1	4	63	3901	0.407075108946424	0.370820149435196	Arabidopsis thaliana	2366	29	2337	29	28	0.3367565254599914	0.263891713631883
stratified_per_label	1	1	4	63	3901	0.407075108946424	0.370820149435196	Brassica rapa	256	8	248	8	6	0.6290322580645161	0.4817462723713679
stratified_per_label	1	1	4	63	3901	0.407075108946424	0.370820149435196	Catharanthus roseus	256	7	249	7	7	0.180722891566265	0.1254925912664247
stratified_per_label	1	1	4	63	3901	0.407075108946424	0.370820149435196	Eutrema salsugineum	62	1	61	1	1	0.9836065573770492	0.4958677685950413
stratified_per_label	1	1	4	63	3901	0.407075108946424	0.370820149435196	Fragaria vesca	256	8	248	8	8	0.7338709677419355	0.5211994689872229
stratified_per_label	1	1	4	63	3901	0.407075108946424	0.370820149435196	Gossypium bickii	256	8	248	8	8	0.3870967741935484	0.2703584728561601
stratified_per_label	1	1	4	63	3901	0.407075108946424	0.370820149435196	Gossypium hirsutum	256	1	255	1	1	0.0509803921568627	0.0242537313432835
stratified_per_label	1	1	4	63	3901	0.407075108946424	0.370820149435196	Triticum aestivum	256	1	255	1	1	0.976470588235294	0.494047619047619
stratified_per_label	1	1	5	63	3901	0.4901307357087926	0.426233821394228	Arabidopsis thaliana	2366	29	2337	29	28	0.4758237056054771	0.3465575010774794
stratified_per_label	1	1	5	63	3901	0.4901307357087926	0.426233821394228	Brassica rapa	256	8	248	8	6	0.7217741935483871	0.5772471356594605
stratified_per_label	1	1	5	63	3901	0.4901307357087926	0.426233821394228	Catharanthus roseus	256	7	249	7	7	0.2289156626506024	0.142780207936129
stratified_per_label	1	1	5	63	3901	0.4901307357087926	0.426233821394228	Eutrema salsugineum	62	1	61	1	1	0.9836065573770492	0.4958677685950413
stratified_per_label	1	1	5	63	3901	0.4901307357087926	0.426233821394228	Fragaria vesca	256	8	248	8	8	0.6129032258064516	0.3800835501365536
stratified_per_label	1	1	5	63	3901	0.4901307357087926	0.426233821394228	Gossypium bickii	256	8	248	8	8	0.3629032258064516	0.2751139449996275
stratified_per_label	1	1	5	63	3901	0.4901307357087926	0.426233821394228	Gossypium hirsutum	256	1	255	1	1	0.0470588235294117	0.0299625468164794
stratified_per_label	1	1	5	63	3901	0.4901307357087926	0.426233821394228	Triticum aestivum	256	1	255	1	1	0.9803921568627452	0.495049504950495
stratified_per_label	1	1	6	63	3901	0.4521917457062291	0.3848662902797449	Arabidopsis thaliana	2366	29	2337	29	28	0.4364569961489088	0.2806340474512869
stratified_per_label	1	1	6	63	3901	0.4521917457062291	0.3848662902797449	Brassica rapa	256	8	248	8	6	0.5766129032258065	0.4700519031074707
stratified_per_label	1	1	6	63	3901	0.4521917457062291	0.3848662902797449	Catharanthus roseus	256	7	249	7	7	0.144578313253012	0.2474269012702737
stratified_per_label	1	1	6	63	3901	0.4521917457062291	0.3848662902797449	Eutrema salsugineum	62	1	61	1	1	0.9836065573770492	0.4958677685950413
stratified_per_label	1	1	6	63	3901	0.4521917457062291	0.3848662902797449	Fragaria vesca	256	8	248	8	8	0.4274193548387097	0.4058745361187093
stratified_per_label	1	1	6	63	3901	0.4521917457062291	0.3848662902797449	Gossypium bickii	256	8	248	8	8	0.4717741935483871	0.4004748406993795
stratified_per_label	1	1	6	63	3901	0.4521917457062291	0.3848662902797449	Gossypium hirsutum	256	1	255	1	1	0.1254901960784313	0.0557491289198606
stratified_per_label	1	1	6	63	3901	0.4521917457062291	0.3848662902797449	Triticum aestivum	256	1	255	1	1	0.9803921568627452	0.495049504950495
stratified_per_label	1	1	7	63	3901	0.4160471673929761	0.3934527041746263	Arabidopsis thaliana	2366	29	2337	29	28	0.3859649122807017	0.3175140347972572
stratified_per_label	1	1	7	63	3901	0.4160471673929761	0.3934527041746263	Brassica rapa	256	8	248	8	6	0.6209677419354839	0.5338585365534906
stratified_per_label	1	1	7	63	3901	0.4160471673929761	0.3934527041746263	Catharanthus roseus	256	7	249	7	7	0.0843373493975903	0.106593972632363
stratified_per_label	1	1	7	63	3901	0.4160471673929761	0.3934527041746263	Eutrema salsugineum	62	1	61	1	1	0.9836065573770492	0.4958677685950413
stratified_per_label	1	1	7	63	3901	0.4160471673929761	0.3934527041746263	Fragaria vesca	256	8	248	8	8	0.407258064516129	0.3876492756790418
stratified_per_label	1	1	7	63	3901	0.4160471673929761	0.3934527041746263	Gossypium bickii	256	8	248	8	8	0.439516129032258	0.3941106012807127
stratified_per_label	1	1	7	63	3901	0.4160471673929761	0.3934527041746263	Gossypium hirsutum	256	1	255	1	1	0.1176470588235294	0.0701754385964912
stratified_per_label	1	1	7	63	3901	0.4160471673929761	0.3934527041746263	Triticum aestivum	256	1	255	1	1	0.9647058823529412	0.4910179640718562
stratified_per_label	1	1	8	63	3901	0.4975647269930787	0.4398119045076904	Arabidopsis thaliana	2366	29	2337	29	28	0.4681215233204963	0.3351956693937755
stratified_per_label	1	1	8	63	3901	0.4975647269930787	0.4398119045076904	Brassica rapa	256	8	248	8	6	0.6693548387096774	0.4356696059591913
stratified_per_label	1	1	8	63	3901	0.4975647269930787	0.4398119045076904	Catharanthus roseus	256	7	249	7	7	0.2811244979919678	0.2182337860310421
stratified_per_label	1	1	8	63	3901	0.4975647269930787	0.4398119045076904	Eutrema salsugineum	62	1	61	1	1	0.9836065573770492	0.4958677685950413
stratified_per_label	1	1	8	63	3901	0.4975647269930787	0.4398119045076904	Fragaria vesca	256	8	248	8	8	0.6612903225806451	0.4275493546850555
stratified_per_label	1	1	8	63	3901	0.4975647269930787	0.4398119045076904	Gossypium bickii	256	8	248	8	8	0.4435483870967742	0.3386856452650487
stratified_per_label	1	1	8	63	3901	0.4975647269930787	0.4398119045076904	Gossypium hirsutum	256	1	255	1	1	0.1215686274509803	0.0722610722610722
stratified_per_label	1	1	8	63	3901	0.4975647269930787	0.4398119045076904	Triticum aestivum	256	1	255	1	1	0.9647058823529412	0.4910179640718562
stratified_per_label	1	1	9	63	3901	0.4539861573955396	0.3720667208438752	Arabidopsis thaliana	2366	29	2337	29	28	0.4167736414206247	0.3008125916140225
stratified_per_label	1	1	9	63	3901	0.4539861573955396	0.3720667208438752	Brassica rapa	256	8	248	8	6	0.6491935483870968	0.5488347145372007
stratified_per_label	1	1	9	63	3901	0.4539861573955396	0.3720667208438752	Catharanthus roseus	256	7	249	7	7	0.1285140562248996	0.1423049539315067
stratified_per_label	1	1	9	63	3901	0.4539861573955396	0.3720667208438752	Eutrema salsugineum	62	1	61	1	1	0.9836065573770492	0.4958677685950413
stratified_per_label	1	1	9	63	3901	0.4539861573955396	0.3720667208438752	Fragaria vesca	256	8	248	8	8	0.6008064516129032	0.3595330155235
stratified_per_label	1	1	9	63	3901	0.4539861573955396	0.3720667208438752	Gossypium bickii	256	8	248	8	8	0.4596774193548387	0.2637505613652403
stratified_per_label	1	1	9	63	3901	0.4539861573955396	0.3720667208438752	Gossypium hirsutum	256	1	255	1	1	0.1215686274509803	0.0722610722610722
stratified_per_label	1	1	9	63	3901	0.4539861573955396	0.3720667208438752	Triticum aestivum	256	1	255	1	1	0.9803921568627452	0.495049504950495
stratified_per_label	1	3	0	63	3901	0.5421686746987951	0.4749840285596193	Arabidopsis thaliana	2366	29	2337	29	28	0.5228925973470261	0.3870895031182421
stratified_per_label	1	3	0	63	3901	0.5421686746987951	0.4749840285596193	Brassica rapa	256	8	248	8	6	0.4879032258064516	0.4552353568214081
stratified_per_label	1	3	0	63	3901	0.5421686746987951	0.4749840285596193	Catharanthus roseus	256	7	249	7	7	0.1646586345381526	0.2321444794825522
stratified_per_label	1	3	0	63	3901	0.5421686746987951	0.4749840285596193	Eutrema salsugineum	62	1	61	1	1	1.0	1.0
stratified_per_label	1	3	0	63	3901	0.5421686746987951	0.4749840285596193	Fragaria vesca	256	8	248	8	8	0.4919354838709677	0.5691115511919119
stratified_per_label	1	3	0	63	3901	0.5421686746987951	0.4749840285596193	Gossypium bickii	256	8	248	8	8	0.5040322580645161	0.3790385776824413
stratified_per_label	1	3	0	63	3901	0.5421686746987951	0.4749840285596193	Gossypium hirsutum	256	1	255	1	1	0.6588235294117647	0.2647754137115839
stratified_per_label	1	3	0	63	3901	0.5421686746987951	0.4749840285596193	Triticum aestivum	256	1	255	1	1	1.0	1.0
stratified_per_label	1	3	1	63	3901	0.6344527044347603	0.4952357573587361	Arabidopsis thaliana	2366	29	2337	29	28	0.6341463414634146	0.4167482445300528
stratified_per_label	1	3	1	63	3901	0.6344527044347603	0.4952357573587361	Brassica rapa	256	8	248	8	6	0.6290322580645161	0.6089929947360432
stratified_per_label	1	3	1	63	3901	0.6344527044347603	0.4952357573587361	Catharanthus roseus	256	7	249	7	7	0.4698795180722891	0.2185617229347879
stratified_per_label	1	3	1	63	3901	0.6344527044347603	0.4952357573587361	Eutrema salsugineum	62	1	61	1	1	0.9836065573770492	0.4958677685950413
stratified_per_label	1	3	1	63	3901	0.6344527044347603	0.4952357573587361	Fragaria vesca	256	8	248	8	8	0.7338709677419355	0.6243196370217288
stratified_per_label	1	3	1	63	3901	0.6344527044347603	0.4952357573587361	Gossypium bickii	256	8	248	8	8	0.3346774193548387	0.3330762505270003
stratified_per_label	1	3	1	63	3901	0.6344527044347603	0.4952357573587361	Gossypium hirsutum	256	1	255	1	1	0.5490196078431373	0.2362869198312236
stratified_per_label	1	3	1	63	3901	0.6344527044347603	0.4952357573587361	Triticum aestivum	256	1	255	1	1	1.0	1.0
stratified_per_label	1	3	2	63	3901	0.5534478338887465	0.4491469344979073	Arabidopsis thaliana	2366	29	2337	29	28	0.590928540864356	0.4085422112764101
stratified_per_label	1	3	2	63	3901	0.5534478338887465	0.4491469344979073	Brassica rapa	256	8	248	8	6	0.3830645161290322	0.4666915894738475
stratified_per_label	1	3	2	63	3901	0.5534478338887465	0.4491469344979073	Catharanthus roseus	256	7	249	7	7	0.1485943775100401	0.1436922274293278
stratified_per_label	1	3	2	63	3901	0.5534478338887465	0.4491469344979073	Eutrema salsugineum	62	1	61	1	1	0.9836065573770492	0.4958677685950413
stratified_per_label	1	3	2	63	3901	0.5534478338887465	0.4491469344979073	Fragaria vesca	256	8	248	8	8	0.6612903225806451	0.5798234315205242
stratified_per_label	1	3	2	63	3901	0.5534478338887465	0.4491469344979073	Gossypium bickii	256	8	248	8	8	0.3467741935483871	0.2932741090668513
stratified_per_label	1	3	2	63	3901	0.5534478338887465	0.4491469344979073	Gossypium hirsutum	256	1	255	1	1	0.3176470588235294	0.1607142857142857
stratified_per_label	1	3	2	63	3901	0.5534478338887465	0.4491469344979073	Triticum aestivum	256	1	255	1	1	1.0	1.0
stratified_per_label	1	3	3	63	3901	0.5801076647013587	0.4722865506772692	Arabidopsis thaliana	2366	29	2337	29	28	0.6063329054343175	0.4277959808619192
stratified_per_label	1	3	3	63	3901	0.5801076647013587	0.4722865506772692	Brassica rapa	256	8	248	8	6	0.5604838709677419	0.5005148501752916
stratified_per_label	1	3	3	63	3901	0.5801076647013587	0.4722865506772692	Catharanthus roseus	256	7	249	7	7	0.4136546184738955	0.2834502250275608
stratified_per_label	1	3	3	63	3901	0.5801076647013587	0.4722865506772692	Eutrema salsugineum	62	1	61	1	1	1.0	1.0
stratified_per_label	1	3	3	63	3901	0.5801076647013587	0.4722865506772692	Fragaria vesca	256	8	248	8	8	0.2903225806451613	0.4239312048236533
stratified_per_label	1	3	3	63	3901	0.5801076647013587	0.4722865506772692	Gossypium bickii	256	8	248	8	8	0.4032258064516129	0.3382142610898604
stratified_per_label	1	3	3	63	3901	0.5801076647013587	0.4722865506772692	Gossypium hirsutum	256	1	255	1	1	0.4549019607843137	0.2084456424079065
stratified_per_label	1	3	3	63	3901	0.5801076647013587	0.4722865506772692	Triticum aestivum	256	1	255	1	1	1.0	1.0
stratified_per_label	1	3	4	63	3901	0.5639579594975648	0.4669015159162045	Arabidopsis thaliana	2366	29	2337	29	28	0.5340179717586649	0.3814170345367326
stratified_per_label	1	3	4	63	3901	0.5639579594975648	0.4669015159162045	Brassica rapa	256	8	248	8	6	0.532258064516129	0.5730412016439436
stratified_per_label	1	3	4	63	3901	0.5639579594975648	0.4669015159162045	Catharanthus roseus	256	7	249	7	7	0.4216867469879518	0.1800044225827883
stratified_per_label	1	3	4	63	3901	0.5639579594975648	0.4669015159162045	Eutrema salsugineum	62	1	61	1	1	0.9836065573770492	0.4958677685950413
stratified_per_label	1	3	4	63	3901	0.5639579594975648	0.4669015159162045	Fragaria vesca	256	8	248	8	8	0.7217741935483871	0.6558171665795505
stratified_per_label	1	3	4	63	3901	0.5639579594975648	0.4669015159162045	Gossypium bickii	256	8	248	8	8	0.4475806451612903	0.3826930265695646
stratified_per_label	1	3	4	63	3901	0.5639579594975648	0.4669015159162045	Gossypium hirsutum	256	1	255	1	1	0.4313725490196078	0.2009132420091324
stratified_per_label	1	3	4	63	3901	0.5639579594975648	0.4669015159162045	Triticum aestivum	256	1	255	1	1	1.0	1.0
stratified_per_label	1	3	5	63	3901	0.5580620353755448	0.4944171286978727	Arabidopsis thaliana	2366	29	2337	29	28	0.5121951219512195	0.4175066889867712
stratified_per_label	1	3	5	63	3901	0.5580620353755448	0.4944171286978727	Brassica rapa	256	8	248	8	6	0.6693548387096774	0.5501658258789558
stratified_per_label	1	3	5	63	3901	0.5580620353755448	0.4944171286978727	Catharanthus roseus	256	7	249	7	7	0.3734939759036144	0.1887359719790164
stratified_per_label	1	3	5	63	3901	0.5580620353755448	0.4944171286978727	Eutrema salsugineum	62	1	61	1	1	1.0	1.0
stratified_per_label	1	3	5	63	3901	0.5580620353755448	0.4944171286978727	Fragaria vesca	256	8	248	8	8	0.6411290322580645	0.6782205652213937
stratified_per_label	1	3	5	63	3901	0.5580620353755448	0.4944171286978727	Gossypium bickii	256	8	248	8	8	0.5443548387096774	0.4778795691923289
stratified_per_label	1	3	5	63	3901	0.5580620353755448	0.4944171286978727	Gossypium hirsutum	256	1	255	1	1	0.4352941176470588	0.2021857923497267
stratified_per_label	1	3	5	63	3901	0.5580620353755448	0.4944171286978727	Triticum aestivum	256	1	255	1	1	1.0	1.0
stratified_per_label	1	3	6	63	3901	0.5426813637528839	0.4585393659032993	Arabidopsis thaliana	2366	29	2337	29	28	0.5353016688061617	0.3655234863075043
stratified_per_label	1	3	6	63	3901	0.5426813637528839	0.4585393659032993	Brassica rapa	256	8	248	8	6	0.4475806451612903	0.5048763871029346
stratified_per_label	1	3	6	63	3901	0.5426813637528839	0.4585393659032993	Catharanthus roseus	256	7	249	7	7	0.2891566265060241	0.2219511344056522
stratified_per_label	1	3	6	63	3901	0.5426813637528839	0.4585393659032993	Eutrema salsugineum	62	1	61	1	1	1.0	1.0
stratified_per_label	1	3	6	63	3901	0.5426813637528839	0.4585393659032993	Fragaria vesca	256	8	248	8	8	0.407258064516129	0.5881733743683837
stratified_per_label	1	3	6	63	3901	0.5426813637528839	0.4585393659032993	Gossypium bickii	256	8	248	8	8	0.6008064516129032	0.4574502928855661
stratified_per_label	1	3	6	63	3901	0.5426813637528839	0.4585393659032993	Gossypium hirsutum	256	1	255	1	1	0.4588235294117647	0.2096774193548387
stratified_per_label	1	3	6	63	3901	0.5426813637528839	0.4585393659032993	Triticum aestivum	256	1	255	1	1	1.0	1.0
stratified_per_label	1	3	7	63	3901	0.4850038451679057	0.4452591491997514	Arabidopsis thaliana	2366	29	2337	29	28	0.4865211810012837	0.3737415081255495
stratified_per_label	1	3	7	63	3901	0.4850038451679057	0.4452591491997514	Brassica rapa	256	8	248	8	6	0.4112903225806452	0.4731138214959247
stratified_per_label	1	3	7	63	3901	0.4850038451679057	0.4452591491997514	Catharanthus roseus	256	7	249	7	7	0.2811244979919678	0.1539110185512238
stratified_per_label	1	3	7	63	3901	0.4850038451679057	0.4452591491997514	Eutrema salsugineum	62	1	61	1	1	1.0	1.0
stratified_per_label	1	3	7	63	3901	0.4850038451679057	0.4452591491997514	Fragaria vesca	256	8	248	8	8	0.3306451612903225	0.5502749925264828
stratified_per_label	1	3	7	63	3901	0.4850038451679057	0.4452591491997514	Gossypium bickii	256	8	248	8	8	0.5443548387096774	0.4057500004082546
stratified_per_label	1	3	7	63	3901	0.4850038451679057	0.4452591491997514	Gossypium hirsutum	256	1	255	1	1	0.196078431372549	0.1639344262295081
stratified_per_label	1	3	7	63	3901	0.4850038451679057	0.4452591491997514	Triticum aestivum	256	1	255	1	1	1.0	1.0
stratified_per_label	1	3	8	63	3901	0.6626506024096386	0.536473432683825	Arabidopsis thaliana	2366	29	2337	29	28	0.6743688489516474	0.4303887337141621
stratified_per_label	1	3	8	63	3901	0.6626506024096386	0.536473432683825	Brassica rapa	256	8	248	8	6	0.5725806451612904	0.5610030495225738
stratified_per_label	1	3	8	63	3901	0.6626506024096386	0.536473432683825	Catharanthus roseus	256	7	249	7	7	0.3654618473895582	0.2135767483988971
stratified_per_label	1	3	8	63	3901	0.6626506024096386	0.536473432683825	Eutrema salsugineum	62	1	61	1	1	1.0	1.0
stratified_per_label	1	3	8	63	3901	0.6626506024096386	0.536473432683825	Fragaria vesca	256	8	248	8	8	0.6693548387096774	0.5728571900140528
stratified_per_label	1	3	8	63	3901	0.6626506024096386	0.536473432683825	Gossypium bickii	256	8	248	8	8	0.6612903225806451	0.5529009783297523
stratified_per_label	1	3	8	63	3901	0.6626506024096386	0.536473432683825	Gossypium hirsutum	256	1	255	1	1	0.5137254901960784	0.2262521588946459
stratified_per_label	1	3	8	63	3901	0.6626506024096386	0.536473432683825	Triticum aestivum	256	1	255	1	1	0.996078431372549	0.4990176817288801
stratified_per_label	1	3	9	63	3901	0.5611381697000769	0.430788835453242	Arabidopsis thaliana	2366	29	2337	29	28	0.6063329054343175	0.3914685120155917
stratified_per_label	1	3	9	63	3901	0.5611381697000769	0.430788835453242	Brassica rapa	256	8	248	8	6	0.3427419354838709	0.4358086079981957
stratified_per_label	1	3	9	63	3901	0.5611381697000769	0.430788835453242	Catharanthus roseus	256	7	249	7	7	0.1606425702811245	0.1557216438204019
stratified_per_label	1	3	9	63	3901	0.5611381697000769	0.430788835453242	Eutrema salsugineum	62	1	61	1	1	0.9836065573770492	0.4958677685950413
stratified_per_label	1	3	9	63	3901	0.5611381697000769	0.430788835453242	Fragaria vesca	256	8	248	8	8	0.6169354838709677	0.5256807772896185
stratified_per_label	1	3	9	63	3901	0.5611381697000769	0.430788835453242	Gossypium bickii	256	8	248	8	8	0.4919354838709677	0.301649651227526
stratified_per_label	1	3	9	63	3901	0.5611381697000769	0.430788835453242	Gossypium hirsutum	256	1	255	1	1	0.2235294117647059	0.1826923076923076
stratified_per_label	1	3	9	63	3901	0.5611381697000769	0.430788835453242	Triticum aestivum	256	1	255	1	1	1.0	1.0
stratified_per_label	3	3	0	183	3781	0.6662258661729701	0.546695518783819	Arabidopsis thaliana	2366	85	2281	29	27	0.6492766330556773	0.4834160884149187
stratified_per_label	3	3	0	183	3781	0.6662258661729701	0.546695518783819	Brassica rapa	256	20	236	8	6	0.5847457627118644	0.5879863792513639
stratified_per_label	3	3	0	183	3781	0.6662258661729701	0.546695518783819	Catharanthus roseus	256	21	235	7	6	0.2638297872340425	0.219981998721796
stratified_per_label	3	3	0	183	3781	0.6662258661729701	0.546695518783819	Eutrema salsugineum	62	3	59	1	1	1.0	1.0
stratified_per_label	3	3	0	183	3781	0.6662258661729701	0.546695518783819	Fragaria vesca	256	24	232	8	8	0.646551724137931	0.6211843711843712
stratified_per_label	3	3	0	183	3781	0.6662258661729701	0.546695518783819	Gossypium bickii	256	24	232	8	8	0.5905172413793104	0.4280420616256495
stratified_per_label	3	3	0	183	3781	0.6662258661729701	0.546695518783819	Gossypium hirsutum	256	3	253	1	1	0.9446640316205532	0.3238482384823848
stratified_per_label	3	3	0	183	3781	0.6662258661729701	0.546695518783819	Triticum aestivum	256	3	253	1	1	1.0	1.0
stratified_per_label	3	3	1	183	3781	0.6958476593493784	0.5444532008279064	Arabidopsis thaliana	2366	85	2281	29	27	0.7058307759754494	0.5045807269180669
stratified_per_label	3	3	1	183	3781	0.6958476593493784	0.5444532008279064	Brassica rapa	256	20	236	8	6	0.6822033898305084	0.6143246721427611
stratified_per_label	3	3	1	183	3781	0.6958476593493784	0.5444532008279064	Catharanthus roseus	256	21	235	7	6	0.3872340425531915	0.3029308168854067
stratified_per_label	3	3	1	183	3781	0.6958476593493784	0.5444532008279064	Eutrema salsugineum	62	3	59	1	1	1.0	1.0
stratified_per_label	3	3	1	183	3781	0.6958476593493784	0.5444532008279064	Fragaria vesca	256	24	232	8	8	0.5172413793103449	0.5758440769470181
stratified_per_label	3	3	1	183	3781	0.6958476593493784	0.5444532008279064	Gossypium bickii	256	24	232	8	8	0.4396551724137931	0.4049196143686399
stratified_per_label	3	3	1	183	3781	0.6958476593493784	0.5444532008279064	Gossypium hirsutum	256	3	253	1	1	0.9288537549407114	0.3210382513661202
stratified_per_label	3	3	1	183	3781	0.6958476593493784	0.5444532008279064	Triticum aestivum	256	3	253	1	1	1.0	1.0
stratified_per_label	3	3	2	183	3781	0.6561756149166887	0.5175226190163286	Arabidopsis thaliana	2366	85	2281	29	27	0.6365629110039457	0.4891536125317138
stratified_per_label	3	3	2	183	3781	0.6561756149166887	0.5175226190163286	Brassica rapa	256	20	236	8	6	0.6694915254237288	0.6412381604496749
stratified_per_label	3	3	2	183	3781	0.6561756149166887	0.5175226190163286	Catharanthus roseus	256	21	235	7	6	0.4212765957446808	0.2289271427453173
stratified_per_label	3	3	2	183	3781	0.6561756149166887	0.5175226190163286	Eutrema salsugineum	62	3	59	1	1	1.0	1.0
stratified_per_label	3	3	2	183	3781	0.6561756149166887	0.5175226190163286	Fragaria vesca	256	24	232	8	8	0.7068965517241379	0.5926110131693696
stratified_per_label	3	3	2	183	3781	0.6561756149166887	0.5175226190163286	Gossypium bickii	256	24	232	8	8	0.5689655172413793	0.3955295300987442
stratified_per_label	3	3	2	183	3781	0.6561756149166887	0.5175226190163286	Gossypium hirsutum	256	3	253	1	1	0.6482213438735178	0.3932853717026379
stratified_per_label	3	3	2	183	3781	0.6561756149166887	0.5175226190163286	Triticum aestivum	256	3	253	1	1	1.0	1.0
stratified_per_label	3	3	3	183	3781	0.6955831790531606	0.5355659889138595	Arabidopsis thaliana	2366	85	2281	29	27	0.7036387549320473	0.492763272683806
stratified_per_label	3	3	3	183	3781	0.6955831790531606	0.5355659889138595	Brassica rapa	256	20	236	8	6	0.5508474576271186	0.5329154629023366
stratified_per_label	3	3	3	183	3781	0.6955831790531606	0.5355659889138595	Catharanthus roseus	256	21	235	7	6	0.4085106382978723	0.2943325346332864
stratified_per_label	3	3	3	183	3781	0.6955831790531606	0.5355659889138595	Eutrema salsugineum	62	3	59	1	1	1.0	1.0
stratified_per_label	3	3	3	183	3781	0.6955831790531606	0.5355659889138595	Fragaria vesca	256	24	232	8	8	0.6077586206896551	0.622824141713594
stratified_per_label	3	3	3	183	3781	0.6955831790531606	0.5355659889138595	Gossypium bickii	256	24	232	8	8	0.5905172413793104	0.4178104183903153
stratified_per_label	3	3	3	183	3781	0.6955831790531606	0.5355659889138595	Gossypium hirsutum	256	3	253	1	1	0.8260869565217391	0.4523809523809524
stratified_per_label	3	3	3	183	3781	0.6955831790531606	0.5355659889138595	Triticum aestivum	256	3	253	1	1	1.0	1.0
stratified_per_label	3	3	4	183	3781	0.7125099180111082	0.5463036108925579	Arabidopsis thaliana	2366	85	2281	29	27	0.7610697062691801	0.5132934976960445
stratified_per_label	3	3	4	183	3781	0.7125099180111082	0.5463036108925579	Brassica rapa	256	20	236	8	6	0.652542372881356	0.6368288547116888
stratified_per_label	3	3	4	183	3781	0.7125099180111082	0.5463036108925579	Catharanthus roseus	256	21	235	7	6	0.502127659574468	0.3152555961959531
stratified_per_label	3	3	4	183	3781	0.7125099180111082	0.5463036108925579	Eutrema salsugineum	62	3	59	1	1	1.0	1.0
stratified_per_label	3	3	4	183	3781	0.7125099180111082	0.5463036108925579	Fragaria vesca	256	24	232	8	8	0.4353448275862069	0.5256577422197857
stratified_per_label	3	3	4	183	3781	0.7125099180111082	0.5463036108925579	Gossypium bickii	256	24	232	8	8	0.4870689655172414	0.3931345995708507
stratified_per_label	3	3	4	183	3781	0.7125099180111082	0.5463036108925579	Gossypium hirsutum	256	3	253	1	1	0.6324110671936759	0.387409200968523
stratified_per_label	3	3	4	183	3781	0.7125099180111082	0.5463036108925579	Triticum aestivum	256	3	253	1	1	1.0	1.0
stratified_per_label	3	3	5	183	3781	0.6895001322401481	0.5358924098689513	Arabidopsis thaliana	2366	85	2281	29	27	0.6817185444980272	0.482666596260564
stratified_per_label	3	3	5	183	3781	0.6895001322401481	0.5358924098689513	Brassica rapa	256	20	236	8	6	0.6822033898305084	0.6227767134951042
stratified_per_label	3	3	5	183	3781	0.6895001322401481	0.5358924098689513	Catharanthus roseus	256	21	235	7	6	0.2595744680851063	0.2407717329018775
stratified_per_label	3	3	5	183	3781	0.6895001322401481	0.5358924098689513	Eutrema salsugineum	62	3	59	1	1	1.0	1.0
stratified_per_label	3	3	5	183	3781	0.6895001322401481	0.5358924098689513	Fragaria vesca	256	24	232	8	8	0.6681034482758621	0.6911926631042795
stratified_per_label	3	3	5	183	3781	0.6895001322401481	0.5358924098689513	Gossypium bickii	256	24	232	8	8	0.5431034482758621	0.3817303380832939
stratified_per_label	3	3	5	183	3781	0.6895001322401481	0.5358924098689513	Gossypium hirsutum	256	3	253	1	1	0.9367588932806324	0.4836734693877551
stratified_per_label	3	3	5	183	3781	0.6895001322401481	0.5358924098689513	Triticum aestivum	256	3	253	1	1	1.0	1.0
stratified_per_label	3	3	6	183	3781	0.6492991272150225	0.5250857841231927	Arabidopsis thaliana	2366	85	2281	29	27	0.6562911003945638	0.4979555277270078
stratified_per_label	3	3	6	183	3781	0.6492991272150225	0.5250857841231927	Brassica rapa	256	20	236	8	6	0.5296610169491526	0.5426970363482704
stratified_per_label	3	3	6	183	3781	0.6492991272150225	0.5250857841231927	Catharanthus roseus	256	21	235	7	6	0.4	0.2843930429916972
stratified_per_label	3	3	6	183	3781	0.6492991272150225	0.5250857841231927	Eutrema salsugineum	62	3	59	1	1	1.0	1.0
stratified_per_label	3	3	6	183	3781	0.6492991272150225	0.5250857841231927	Fragaria vesca	256	24	232	8	8	0.3836206896551724	0.4861845748823514
stratified_per_label	3	3	6	183	3781	0.6492991272150225	0.5250857841231927	Gossypium bickii	256	24	232	8	8	0.6077586206896551	0.4075645909548751
stratified_per_label	3	3	6	183	3781	0.6492991272150225	0.5250857841231927	Gossypium hirsutum	256	3	253	1	1	0.7786561264822134	0.4377777777777777
stratified_per_label	3	3	6	183	3781	0.6492991272150225	0.5250857841231927	Triticum aestivum	256	3	253	1	1	1.0	1.0
stratified_per_label	3	3	7	183	3781	0.6683417085427136	0.5272111497525243	Arabidopsis thaliana	2366	85	2281	29	27	0.6900482244629549	0.4884239222671376
stratified_per_label	3	3	7	183	3781	0.6683417085427136	0.5272111497525243	Brassica rapa	256	20	236	8	6	0.3983050847457627	0.4489201806848866
stratified_per_label	3	3	7	183	3781	0.6683417085427136	0.5272111497525243	Catharanthus roseus	256	21	235	7	6	0.2936170212765957	0.2387863597510971
stratified_per_label	3	3	7	183	3781	0.6683417085427136	0.5272111497525243	Eutrema salsugineum	62	3	59	1	1	1.0	1.0
stratified_per_label	3	3	7	183	3781	0.6683417085427136	0.5272111497525243	Fragaria vesca	256	24	232	8	8	0.6896551724137931	0.5787824630381934
stratified_per_label	3	3	7	183	3781	0.6683417085427136	0.5272111497525243	Gossypium bickii	256	24	232	8	8	0.4353448275862069	0.347005074341796
stratified_per_label	3	3	7	183	3781	0.6683417085427136	0.5272111497525243	Gossypium hirsutum	256	3	253	1	1	0.857707509881423	0.3078014184397163
stratified_per_label	3	3	7	183	3781	0.6683417085427136	0.5272111497525243	Triticum aestivum	256	3	253	1	1	1.0	1.0
stratified_per_label	3	3	8	183	3781	0.7191219254165565	0.5326870943211033	Arabidopsis thaliana	2366	85	2281	29	27	0.7518632178868917	0.5172083569789286
stratified_per_label	3	3	8	183	3781	0.7191219254165565	0.5326870943211033	Brassica rapa	256	20	236	8	6	0.6059322033898306	0.6223879958138984
stratified_per_label	3	3	8	183	3781	0.7191219254165565	0.5326870943211033	Catharanthus roseus	256	21	235	7	6	0.2680851063829787	0.2492246898759503
stratified_per_label	3	3	8	183	3781	0.7191219254165565	0.5326870943211033	Eutrema salsugineum	62	3	59	1	1	1.0	1.0
stratified_per_label	3	3	8	183	3781	0.7191219254165565	0.5326870943211033	Fragaria vesca	256	24	232	8	8	0.5	0.5261295147592279
stratified_per_label	3	3	8	183	3781	0.7191219254165565	0.5326870943211033	Gossypium bickii	256	24	232	8	8	0.5301724137931034	0.3711285162666641
stratified_per_label	3	3	8	183	3781	0.7191219254165565	0.5326870943211033	Gossypium hirsutum	256	3	253	1	1	0.9762845849802372	0.494
stratified_per_label	3	3	8	183	3781	0.7191219254165565	0.5326870943211033	Triticum aestivum	256	3	253	1	1	1.0	1.0
stratified_per_label	3	3	9	183	3781	0.7204443268976461	0.5445572741188378	Arabidopsis thaliana	2366	85	2281	29	27	0.757562472599737	0.5033418424872865
stratified_per_label	3	3	9	183	3781	0.7204443268976461	0.5445572741188378	Brassica rapa	256	20	236	8	6	0.6016949152542372	0.612583516119429
stratified_per_label	3	3	9	183	3781	0.7204443268976461	0.5445572741188378	Catharanthus roseus	256	21	235	7	6	0.2808510638297872	0.1865141210876238
stratified_per_label	3	3	9	183	3781	0.7204443268976461	0.5445572741188378	Eutrema salsugineum	62	3	59	1	1	1.0	1.0
stratified_per_label	3	3	9	183	3781	0.7204443268976461	0.5445572741188378	Fragaria vesca	256	24	232	8	8	0.4784482758620689	0.6300439122720649
stratified_per_label	3	3	9	183	3781	0.7204443268976461	0.5445572741188378	Gossypium bickii	256	24	232	8	8	0.5862068965517241	0.481478849336488
stratified_per_label	3	3	9	183	3781	0.7204443268976461	0.5445572741188378	Gossypium hirsutum	256	3	253	1	1	0.9051383399209486	0.475103734439834
stratified_per_label	3	3	9	183	3781	0.7204443268976461	0.5445572741188378	Triticum aestivum	256	3	253	1	1	1.0	1.0
stratified_per_label	5	1	0	297	3667	0.7412053449686392	0.5564412102089429	Arabidopsis thaliana	2366	139	2227	29	27	0.7521329142343961	0.5153425896986045
stratified_per_label	5	1	0	297	3667	0.7412053449686392	0.5564412102089429	Brassica rapa	256	32	224	8	6	0.5803571428571429	0.5786148701680988
stratified_per_label	5	1	0	297	3667	0.7412053449686392	0.5564412102089429	Catharanthus roseus	256	33	223	7	6	0.4439461883408072	0.2460628064346205
stratified_per_label	5	1	0	297	3667	0.7412053449686392	0.5564412102089429	Eutrema salsugineum	62	5	57	1	1	0.9824561403508772	0.495575221238938
stratified_per_label	5	1	0	297	3667	0.7412053449686392	0.5564412102089429	Fragaria vesca	256	39	217	8	6	0.6405529953917051	0.6841757862874859
stratified_per_label	5	1	0	297	3667	0.7412053449686392	0.5564412102089429	Gossypium bickii	256	39	217	8	6	0.6175115207373272	0.4374337292600442
stratified_per_label	5	1	0	297	3667	0.7412053449686392	0.5564412102089429	Gossypium hirsutum	256	5	251	1	1	0.9322709163346612	0.3216494845360825
stratified_per_label	5	1	0	297	3667	0.7412053449686392	0.5564412102089429	Triticum aestivum	256	5	251	1	1	1.0	1.0
stratified_per_label	5	1	1	297	3667	0.7169348241068993	0.5217070321705	Arabidopsis thaliana	2366	139	2227	29	27	0.7283340817242928	0.4709290973589002
stratified_per_label	5	1	1	297	3667	0.7169348241068993	0.5217070321705	Brassica rapa	256	32	224	8	6	0.6875	0.6445751804110328
stratified_per_label	5	1	1	297	3667	0.7169348241068993	0.5217070321705	Catharanthus roseus	256	33	223	7	6	0.3273542600896861	0.2156382128230281
stratified_per_label	5	1	1	297	3667	0.7169348241068993	0.5217070321705	Eutrema salsugineum	62	5	57	1	1	1.0	1.0
stratified_per_label	5	1	1	297	3667	0.7169348241068993	0.5217070321705	Fragaria vesca	256	39	217	8	6	0.4746543778801843	0.4551401735001225
stratified_per_label	5	1	1	297	3667	0.7169348241068993	0.5217070321705	Gossypium bickii	256	39	217	8	6	0.6497695852534562	0.4144783117858721
stratified_per_label	5	1	1	297	3667	0.7169348241068993	0.5217070321705	Gossypium hirsutum	256	5	251	1	1	0.9083665338645418	0.3173277661795407
stratified_per_label	5	1	1	297	3667	0.7169348241068993	0.5217070321705	Triticum aestivum	256	5	251	1	1	1.0	1.0
stratified_per_label	5	1	2	297	3667	0.7147532042541587	0.5242942103559555	Arabidopsis thaliana	2366	139	2227	29	27	0.7377638078132016	0.4885506839481637
stratified_per_label	5	1	2	297	3667	0.7147532042541587	0.5242942103559555	Brassica rapa	256	32	224	8	6	0.6919642857142857	0.6560080668827714
stratified_per_label	5	1	2	297	3667	0.7147532042541587	0.5242942103559555	Catharanthus roseus	256	33	223	7	6	0.3004484304932735	0.2139977008502516
stratified_per_label	5	1	2	297	3667	0.7147532042541587	0.5242942103559555	Eutrema salsugineum	62	5	57	1	1	1.0	1.0
stratified_per_label	5	1	2	297	3667	0.7147532042541587	0.5242942103559555	Fragaria vesca	256	39	217	8	6	0.7188940092165899	0.547468914377648
stratified_per_label	5	1	2	297	3667	0.7147532042541587	0.5242942103559555	Gossypium bickii	256	39	217	8	6	0.391705069124424	0.3052977594062063
stratified_per_label	5	1	2	297	3667	0.7147532042541587	0.5242942103559555	Gossypium hirsutum	256	5	251	1	1	0.8247011952191236	0.3013100436681222
stratified_per_label	5	1	2	297	3667	0.7147532042541587	0.5242942103559555	Triticum aestivum	256	5	251	1	1	1.0	1.0
stratified_per_label	5	1	3	297	3667	0.7286610308153805	0.5701437846284353	Arabidopsis thaliana	2366	139	2227	29	27	0.7682981589582398	0.5387378594343527
stratified_per_label	5	1	3	297	3667	0.7286610308153805	0.5701437846284353	Brassica rapa	256	32	224	8	6	0.6741071428571429	0.6340773372953007
stratified_per_label	5	1	3	297	3667	0.7286610308153805	0.5701437846284353	Catharanthus roseus	256	33	223	7	6	0.3452914798206278	0.2821019635522084
stratified_per_label	5	1	3	297	3667	0.7286610308153805	0.5701437846284353	Eutrema salsugineum	62	5	57	1	1	1.0	1.0
stratified_per_label	5	1	3	297	3667	0.7286610308153805	0.5701437846284353	Fragaria vesca	256	39	217	8	6	0.6175115207373272	0.6033596373045914
stratified_per_label	5	1	3	297	3667	0.7286610308153805	0.5701437846284353	Gossypium bickii	256	39	217	8	6	0.511520737327189	0.3734096921596921
stratified_per_label	5	1	3	297	3667	0.7286610308153805	0.5701437846284353	Gossypium hirsutum	256	5	251	1	1	0.7171314741035857	0.2784222737819025
stratified_per_label	5	1	3	297	3667	0.7286610308153805	0.5701437846284353	Triticum aestivum	256	5	251	1	1	1.0	1.0
stratified_per_label	5	1	4	297	3667	0.7450231797109353	0.5556697525531727	Arabidopsis thaliana	2366	139	2227	29	27	0.7682981589582398	0.5204191375382945
stratified_per_label	5	1	4	297	3667	0.7450231797109353	0.5556697525531727	Brassica rapa	256	32	224	8	6	0.6875	0.6698737612345337
stratified_per_label	5	1	4	297	3667	0.7450231797109353	0.5556697525531727	Catharanthus roseus	256	33	223	7	6	0.3228699551569506	0.2910143043082839
stratified_per_label	5	1	4	297	3667	0.7450231797109353	0.5556697525531727	Eutrema salsugineum	62	5	57	1	1	1.0	1.0
stratified_per_label	5	1	4	297	3667	0.7450231797109353	0.5556697525531727	Fragaria vesca	256	39	217	8	6	0.7004608294930875	0.6656121553229452
stratified_per_label	5	1	4	297	3667	0.7450231797109353	0.5556697525531727	Gossypium bickii	256	39	217	8	6	0.4930875576036866	0.3414990349608386
stratified_per_label	5	1	4	297	3667	0.7450231797109353	0.5556697525531727	Gossypium hirsutum	256	5	251	1	1	0.9083665338645418	0.3173277661795407
stratified_per_label	5	1	4	297	3667	0.7450231797109353	0.5556697525531727	Triticum aestivum	256	5	251	1	1	1.0	1.0
stratified_per_label	5	1	5	297	3667	0.7052086173984183	0.5360439201039207	Arabidopsis thaliana	2366	139	2227	29	27	0.756174225415357	0.5220446577962742
stratified_per_label	5	1	5	297	3667	0.7052086173984183	0.5360439201039207	Brassica rapa	256	32	224	8	6	0.7053571428571429	0.664298507763762
stratified_per_label	5	1	5	297	3667	0.7052086173984183	0.5360439201039207	Catharanthus roseus	256	33	223	7	6	0.2869955156950672	0.1899347713252207
stratified_per_label	5	1	5	297	3667	0.7052086173984183	0.5360439201039207	Eutrema salsugineum	62	5	57	1	1	1.0	1.0
stratified_per_label	5	1	5	297	3667	0.7052086173984183	0.5360439201039207	Fragaria vesca	256	39	217	8	6	0.6175115207373272	0.6096177739839711
stratified_per_label	5	1	5	297	3667	0.7052086173984183	0.5360439201039207	Gossypium bickii	256	39	217	8	6	0.5161290322580645	0.3548394067488017
stratified_per_label	5	1	5	297	3667	0.7052086173984183	0.5360439201039207	Gossypium hirsutum	256	5	251	1	1	0.50199203187251	0.3342175066312997
stratified_per_label	5	1	5	297	3667	0.7052086173984183	0.5360439201039207	Triticum aestivum	256	5	251	1	1	1.0	1.0
stratified_per_label	5	1	6	297	3667	0.730842650668121	0.5517477106826266	Arabidopsis thaliana	2366	139	2227	29	27	0.7305792546026044	0.5087999867587251
stratified_per_label	5	1	6	297	3667	0.730842650668121	0.5517477106826266	Brassica rapa	256	32	224	8	6	0.6383928571428571	0.6213071641700157
stratified_per_label	5	1	6	297	3667	0.730842650668121	0.5517477106826266	Catharanthus roseus	256	33	223	7	6	0.452914798206278	0.2938958519362089
stratified_per_label	5	1	6	297	3667	0.730842650668121	0.5517477106826266	Eutrema salsugineum	62	5	57	1	1	1.0	1.0
stratified_per_label	5	1	6	297	3667	0.730842650668121	0.5517477106826266	Fragaria vesca	256	39	217	8	6	0.663594470046083	0.5611451280422667
stratified_per_label	5	1	6	297	3667	0.730842650668121	0.5517477106826266	Gossypium bickii	256	39	217	8	6	0.5806451612903226	0.4031355770738808
stratified_per_label	5	1	6	297	3667	0.730842650668121	0.5517477106826266	Gossypium hirsutum	256	5	251	1	1	0.9203187250996016	0.3195020746887967
stratified_per_label	5	1	6	297	3667	0.730842650668121	0.5517477106826266	Triticum aestivum	256	5	251	1	1	1.0	1.0
stratified_per_label	5	1	7	297	3667	0.7376602127079357	0.538542194356838	Arabidopsis thaliana	2366	139	2227	29	27	0.7678491243825775	0.5116452148394273
stratified_per_label	5	1	7	297	3667	0.7376602127079357	0.538542194356838	Brassica rapa	256	32	224	8	6	0.5714285714285714	0.6037629669887412
stratified_per_label	5	1	7	297	3667	0.7376602127079357	0.538542194356838	Catharanthus roseus	256	33	223	7	6	0.4394618834080717	0.2644402438784734
stratified_per_label	5	1	7	297	3667	0.7376602127079357	0.538542194356838	Eutrema salsugineum	62	5	57	1	1	1.0	1.0
stratified_per_label	5	1	7	297	3667	0.7376602127079357	0.538542194356838	Fragaria vesca	256	39	217	8	6	0.5161290322580645	0.5675416829915981
stratified_per_label	5	1	7	297	3667	0.7376602127079357	0.538542194356838	Gossypium bickii	256	39	217	8	6	0.5668202764976958	0.445575490859851
stratified_per_label	5	1	7	297	3667	0.7376602127079357	0.538542194356838	Gossypium hirsutum	256	5	251	1	1	0.900398406374502	0.3158630328441649
stratified_per_label	5	1	7	297	3667	0.7376602127079357	0.538542194356838	Triticum aestivum	256	5	251	1	1	1.0	1.0
stratified_per_label	5	1	8	297	3667	0.7551131715298609	0.5649478228095643	Arabidopsis thaliana	2366	139	2227	29	27	0.7777278850471486	0.5138825405555286
stratified_per_label	5	1	8	297	3667	0.7551131715298609	0.5649478228095643	Brassica rapa	256	32	224	8	6	0.7008928571428571	0.661360967182885
stratified_per_label	5	1	8	297	3667	0.7551131715298609	0.5649478228095643	Catharanthus roseus	256	33	223	7	6	0.3139013452914798	0.2286803568147333
stratified_per_label	5	1	8	297	3667	0.7551131715298609	0.5649478228095643	Eutrema salsugineum	62	5	57	1	1	1.0	1.0
stratified_per_label	5	1	8	297	3667	0.7551131715298609	0.5649478228095643	Fragaria vesca	256	39	217	8	6	0.7142857142857143	0.5915827750271071
stratified_per_label	5	1	8	297	3667	0.7551131715298609	0.5649478228095643	Gossypium bickii	256	39	217	8	6	0.5345622119815668	0.3854060538718967
stratified_per_label	5	1	8	297	3667	0.7551131715298609	0.5649478228095643	Gossypium hirsutum	256	5	251	1	1	0.9203187250996016	0.3195020746887967
stratified_per_label	5	1	8	297	3667	0.7551131715298609	0.5649478228095643	Triticum aestivum	256	5	251	1	1	1.0	1.0
stratified_per_label	5	1	9	297	3667	0.7327515680392691	0.5453287598539162	Arabidopsis thaliana	2366	139	2227	29	27	0.7462954647507858	0.489812618058341
stratified_per_label	5	1	9	297	3667	0.7327515680392691	0.5453287598539162	Brassica rapa	256	32	224	8	6	0.5982142857142857	0.6141750118837123
stratified_per_label	5	1	9	297	3667	0.7327515680392691	0.5453287598539162	Catharanthus roseus	256	33	223	7	6	0.2645739910313901	0.2330387139296754
stratified_per_label	5	1	9	297	3667	0.7327515680392691	0.5453287598539162	Eutrema salsugineum	62	5	57	1	1	1.0	1.0
stratified_per_label	5	1	9	297	3667	0.7327515680392691	0.5453287598539162	Fragaria vesca	256	39	217	8	6	0.7050691244239631	0.6274425328630008
stratified_per_label	5	1	9	297	3667	0.7327515680392691	0.5453287598539162	Gossypium bickii	256	39	217	8	6	0.631336405529954	0.4010403756644358
stratified_per_label	5	1	9	297	3667	0.7327515680392691	0.5453287598539162	Gossypium hirsutum	256	5	251	1	1	0.9322709163346612	0.3216494845360825
stratified_per_label	5	1	9	297	3667	0.7327515680392691	0.5453287598539162	Triticum aestivum	256	5	251	1	1	1.0	1.0
